datetime,tempmax,tempmin,humidity,windspeed,precip
2000-01-01,25.5,7.9,69,24.8,0.0
2000-01-02,25.6,17.4,78,24.4,0.9
2000-01-03,20.3,12.2,42,27.8,0.7
2000-01-04,12.1,4.3,33,32.1,0.0
2000-01-05,14.3,-0.9,43,21.6,0.0
2000-01-06,19.6,5.1,81,16.5,1.0
2000-01-07,13.8,11.2,95,20.9,28.3
2000-01-08,16.6,9.9,83,13.0,5.6
2000-01-09,22.6,7.6,63,21.2,0.0
2000-01-10,23.8,7.1,36,17.1,0.0
2000-01-11,24.9,8.3,68,16.7,0.0
2000-01-12,24.7,15.8,85,25.3,0.0
2000-01-13,20.1,11.2,63,23.6,0.0
2000-01-14,17.7,9.0,35,17.3,0.0
2000-01-15,22.2,7.5,68,25.8,0.0
2000-01-16,22.7,14.0,76,25.9,0.0
2000-01-17,23.6,15.1,74,20.1,0.0
2000-01-18,25.8,14.2,75,19.6,0.0
2000-01-19,27.9,13.1,64,18.7,0.0
2000-01-20,17.4,8.2,38,25.9,0.0
2000-01-21,18.3,4.9,59,19.2,0.0
2000-01-22,23.7,15.3,79,25.6,0.0
2000-01-23,22.4,11.3,66,18.9,0.0
2000-01-24,15.8,6.9,52,16.8,0.0
2000-01-25,16.1,4.6,46,16.4,0.0
2000-01-26,10.1,3.7,43,13.7,0.0
2000-01-27,8.2,2.7,88,23.9,17.3
2000-01-28,6.4,0.2,66,22.9,0.0
2000-01-29,6.9,-0.9,59,16.3,0.0
2000-01-30,9.4,-2.7,66,11.1,0.0
2000-01-31,14.6,-0.2,71,14.4,0.0
2000-02-01,10.3,8.0,82,17.9,6.2
2000-02-02,14.0,5.8,75,13.7,5.8
2000-02-03,21.4,4.1,71,13.8,0.0
2000-02-04,15.7,6.8,49,24.5,0.0
2000-02-05,12.7,1.4,53,12.4,0.0
2000-02-06,17.3,2.3,76,18.4,0.0
2000-02-07,21.9,10.7,77,12.3,0.5
2000-02-08,21.9,6.0,67,9.4,0.0
2000-02-09,22.6,9.7,74,25.3,0.0
2000-02-10,26.6,14.3,76,23.8,0.0
2000-02-11,26.4,11.6,68,15.2,0.0
2000-02-12,19.2,9.4,73,18.2,0.0
2000-02-13,27.1,12.8,59,22.4,0.0
2000-02-14,23.8,8.1,46,10.7,0.0
2000-02-15,26.0,11.9,75,17.7,0.0
2000-02-16,25.0,17.9,82,15.5,0.1
2000-02-17,26.5,18.6,83,30.7,2.1
2000-02-18,25.5,15.1,68,23.4,1.3
2000-02-19,18.0,7.4,41,21.3,0.0
2000-02-20,19.5,9.0,45,11.3,0.0
2000-02-21,22.4,10.8,73,20.3,0.0
2000-02-22,23.5,16.3,80,29.9,0.4
2000-02-23,25.6,16.3,70,22.8,10.3
2000-02-24,26.4,17.0,78,34.7,0.3
2000-02-25,27.2,18.4,77,29.7,1.4
2000-02-26,21.1,10.1,56,25.1,20.6
2000-02-27,21.5,6.3,49,10.8,0.0
2000-02-28,22.8,6.9,61,22.9,0.0
2000-02-29,25.5,15.5,77,25.3,0.2
2000-03-01,24.6,17.8,84,17.8,0.1
2000-03-02,26.2,18.1,75,32.1,0.2
2000-03-03,19.8,12.0,56,24.3,0.2
2000-03-04,18.9,6.9,54,15.7,0.0
2000-03-05,21.8,8.3,65,20.1,0.0
2000-03-06,26.4,16.3,73,23.5,0.4
2000-03-07,27.1,19.7,80,36.6,1.6
2000-03-08,22.3,14.1,62,22.0,13.5
2000-03-09,27.2,15.3,72,13.5,0.0
2000-03-10,26.1,16.1,87,28.6,11.2
2000-03-11,15.7,6.2,55,30.5,0.2
2000-03-12,17.9,5.7,59,12.3,0.0
2000-03-13,21.4,7.8,71,15.6,0.0
2000-03-14,19.0,14.2,84,20.4,6.6
2000-03-15,21.0,13.6,83,11.1,0.0
2000-03-16,25.9,10.5,79,25.8,13.4
2000-03-17,12.6,6.1,76,22.2,15.3
2000-03-18,22.8,10.3,76,26.2,0.1
2000-03-19,19.3,8.5,54,25.8,3.5
2000-03-20,22.6,8.1,58,25.3,0.0
2000-03-21,19.7,15.5,92,25.2,8.1
2000-03-22,25.7,18.4,85,32.0,2.3
2000-03-23,23.6,17.0,80,28.2,4.6
2000-03-24,26.8,16.8,81,16.7,0.9
2000-03-25,26.7,18.6,77,16.7,0.0
2000-03-26,27.1,19.7,80,17.3,0.0
2000-03-27,26.9,17.0,65,23.4,0.0
2000-03-28,29.0,15.7,78,20.4,4.7
2000-03-29,30.5,18.6,63,23.2,8.2
2000-03-30,22.7,12.3,61,20.6,0.0
2000-03-31,23.2,12.1,70,16.9,0.0
2000-04-01,23.0,16.7,90,17.1,12.9
2000-04-02,18.1,13.7,90,16.7,21.9
2000-04-03,21.7,12.1,66,27.0,3.7
2000-04-04,19.6,6.5,48,17.0,0.0
2000-04-05,23.9,9.6,57,23.3,0.0
2000-04-06,26.7,13.4,73,24.5,0.0
2000-04-07,29.7,17.1,74,30.0,2.2
2000-04-08,19.9,9.9,35,33.0,0.0
2000-04-09,21.9,6.6,55,22.9,0.0
2000-04-10,23.7,14.7,72,27.0,0.0
2000-04-11,26.6,18.8,79,19.3,6.7
2000-04-12,21.8,15.6,85,18.4,14.1
2000-04-13,21.2,13.1,75,12.1,0.0
2000-04-14,24.8,11.1,77,15.4,0.0
2000-04-15,26.5,15.5,77,22.8,0.0
2000-04-16,27.4,19.1,79,14.2,0.6
2000-04-17,28.0,17.1,76,13.0,0.0
2000-04-18,28.1,19.6,78,20.0,0.0
2000-04-19,30.5,20.9,72,25.1,0.0
2000-04-20,26.8,16.8,59,24.4,0.0
2000-04-21,26.2,12.7,56,13.8,0.0
2000-04-22,28.7,12.2,53,27.6,0.0
2000-04-23,33.4,19.0,56,19.1,2.6
2000-04-24,28.2,16.8,51,19.8,0.0
2000-04-25,29.1,14.8,52,14.3,0.0
2000-04-26,30.6,15.7,53,16.6,0.0
2000-04-27,30.9,16.9,58,21.4,0.0
2000-04-28,29.1,19.8,58,15.8,0.0
2000-04-29,28.7,19.5,66,24.7,0.3
2000-04-30,29.1,21.8,76,30.4,8.8
2000-05-01,24.9,18.3,88,16.6,117.8
2000-05-02,23.6,18.0,84,13.7,15.8
2000-05-03,26.8,16.6,79,13.6,0.0
2000-05-04,26.6,19.3,89,16.8,17.0
2000-05-05,27.9,19.5,83,24.3,1.3
2000-05-06,29.4,21.3,78,29.5,0.0
2000-05-07,30.3,21.4,77,24.9,0.0
2000-05-08,30.5,21.5,75,24.3,0.0
2000-05-09,28.5,22.1,80,21.3,2.1
2000-05-10,30.1,21.7,80,20.6,1.2
2000-05-11,31.8,22.7,77,29.3,0.0
2000-05-12,31.6,23.2,79,23.9,0.0
2000-05-13,26.3,20.2,66,27.1,3.9
2000-05-14,26.0,17.6,56,15.0,0.0
2000-05-15,28.5,17.4,71,19.2,0.0
2000-05-16,31.4,21.8,73,28.8,0.0
2000-05-17,30.3,21.0,70,34.3,0.0
2000-05-18,30.7,22.9,74,26.3,0.5
2000-05-19,28.6,21.2,88,22.4,31.2
2000-05-20,25.1,16.8,85,18.9,29.7
2000-05-21,29.0,20.0,74,8.7,0.0
2000-05-22,30.9,20.4,75,17.3,0.0
2000-05-23,31.0,21.2,77,20.4,0.0
2000-05-24,32.7,22.5,77,22.7,0.0
2000-05-25,31.2,24.2,77,25.5,0.0
2000-05-26,31.1,24.5,77,27.8,0.7
2000-05-27,31.2,25.3,77,23.8,1.0
2000-05-28,29.9,21.9,83,11.3,24.2
2000-05-29,31.0,22.0,77,11.9,0.0
2000-05-30,31.8,22.4,73,14.9,0.0
2000-05-31,31.2,21.5,72,15.7,0.0
2000-06-01,30.9,23.2,71,16.2,0.0
2000-06-02,30.8,21.9,77,15.5,0.8
2000-06-03,30.7,23.4,75,16.0,0.0
2000-06-04,28.8,22.1,83,15.6,21.0
2000-06-05,27.5,21.8,80,19.3,5.3
2000-06-06,27.7,18.4,67,13.5,0.0
2000-06-07,27.1,15.8,66,10.3,0.0
2000-06-08,28.2,18.4,79,16.9,8.3
2000-06-09,27.2,22.0,91,19.4,25.1
2000-06-10,27.9,22.9,91,20.8,21.3
2000-06-11,28.0,22.4,87,17.8,5.9
2000-06-12,29.5,22.9,86,12.5,1.7
2000-06-13,30.1,22.5,76,19.6,0.0
2000-06-14,29.7,23.6,76,27.0,0.3
2000-06-15,29.8,23.1,80,21.8,1.3
2000-06-16,30.2,23.7,78,26.3,2.7
2000-06-17,28.6,24.0,85,18.5,4.4
2000-06-18,30.1,22.5,84,13.3,8.0
2000-06-19,30.5,23.6,80,19.1,1.4
2000-06-20,30.9,24.2,77,25.0,0.9
2000-06-21,31.4,24.0,72,23.3,0.3
2000-06-22,31.5,23.7,73,17.7,0.1
2000-06-23,33.0,23.7,69,19.7,0.0
2000-06-24,33.1,21.9,68,20.8,0.0
2000-06-25,33.1,23.9,68,19.6,0.0
2000-06-26,32.0,23.3,70,19.0,0.0
2000-06-27,32.7,23.6,67,13.8,0.0
2000-06-28,33.4,23.3,61,14.2,0.0
2000-06-29,32.6,23.7,62,13.3,0.0
2000-06-30,33.8,23.7,62,17.1,0.0
2000-07-01,34.3,24.2,64,19.8,0.3
2000-07-02,34.2,23.6,62,21.8,0.0
2000-07-03,34.7,24.1,60,20.9,0.0
2000-07-04,34.2,23.5,61,18.8,0.0
2000-07-05,33.7,23.5,62,15.2,0.0
2000-07-06,34.3,23.5,58,16.3,0.0
2000-07-07,34.5,23.3,60,15.6,0.0
2000-07-08,35.4,23.7,54,14.6,0.0
2000-07-09,35.1,23.6,54,18.8,0.2
2000-07-10,34.7,24.8,61,20.9,0.0
2000-07-11,35.9,25.0,57,21.5,0.0
2000-07-12,36.7,24.0,57,21.7,0.0
2000-07-13,37.4,23.9,49,16.2,0.0
2000-07-14,38.1,25.1,42,15.2,0.0
2000-07-15,38.4,26.2,40,16.5,0.0
2000-07-16,38.4,26.7,38,16.9,0.0
2000-07-17,36.6,23.2,52,16.7,0.0
2000-07-18,36.5,23.9,53,18.5,0.0
2000-07-19,37.5,24.8,50,17.7,0.0
2000-07-20,38.1,25.0,45,18.2,0.0
2000-07-21,37.4,25.0,38,16.9,0.0
2000-07-22,36.2,24.7,45,14.8,0.0
2000-07-23,35.9,25.7,57,18.1,2.8
2000-07-24,34.0,24.1,57,11.3,0.0
2000-07-25,34.5,23.7,54,13.3,0.0
2000-07-26,34.4,24.8,58,19.8,0.0
2000-07-27,34.6,23.5,56,19.4,0.0
2000-07-28,35.0,24.6,57,18.5,0.0
2000-07-29,35.2,23.6,52,15.1,0.0
2000-07-30,33.5,25.1,58,11.9,0.6
2000-07-31,32.8,23.9,69,15.3,4.5
2000-08-01,32.9,23.4,65,9.0,0.3
2000-08-02,34.8,24.1,57,18.1,0.0
2000-08-03,35.8,24.4,56,17.9,0.0
2000-08-04,35.9,24.5,58,20.2,0.1
2000-08-05,35.9,24.7,56,19.2,0.0
2000-08-06,37.1,25.1,56,20.6,0.0
2000-08-07,36.6,25.4,57,19.6,0.0
2000-08-08,35.6,24.9,61,19.4,0.5
2000-08-09,34.8,25.2,58,18.4,0.0
2000-08-10,36.7,23.9,51,15.9,0.0
2000-08-11,37.5,24.0,46,12.8,0.0
2000-08-12,37.6,26.3,38,11.3,0.0
2000-08-13,38.1,26.2,41,14.5,0.0
2000-08-14,36.2,24.8,52,18.6,0.0
2000-08-15,34.4,25.2,61,18.0,0.2
2000-08-16,36.2,24.8,54,11.3,0.0
2000-08-17,37.4,24.5,47,17.0,0.0
2000-08-18,37.6,25.5,42,14.8,0.0
2000-08-19,36.5,23.6,47,16.0,0.0
2000-08-20,35.8,24.1,54,17.3,0.0
2000-08-21,35.9,24.3,59,19.6,0.4
2000-08-22,34.2,25.0,63,19.2,0.0
2000-08-23,33.9,23.8,59,14.3,0.0
2000-08-24,35.2,24.9,56,18.1,0.0
2000-08-25,35.6,25.5,60,15.7,0.0
2000-08-26,36.3,24.9,56,16.9,0.0
2000-08-27,36.3,24.9,56,18.0,0.0
2000-08-28,36.8,25.2,55,17.9,0.0
2000-08-29,36.3,24.9,57,17.3,0.0
2000-08-30,38.2,24.4,48,13.7,0.0
2000-08-31,39.0,26.8,37,13.6,0.0
2000-09-01,39.7,27.3,38,13.1,0.0
2000-09-02,39.6,28.2,40,13.2,0.0
2000-09-03,39.6,27.6,39,12.4,0.0
2000-09-04,41.9,28.0,30,13.5,0.0
2000-09-05,41.9,26.4,31,18.4,0.0
2000-09-06,35.9,26.8,33,20.4,0.0
2000-09-07,34.5,25.1,45,16.9,0.0
2000-09-08,31.9,23.5,60,16.0,0.6
2000-09-09,32.6,23.2,71,11.5,1.7
2000-09-10,35.4,24.6,61,16.9,0.0
2000-09-11,36.2,25.4,60,21.3,0.0
2000-09-12,36.6,25.3,61,15.6,0.1
2000-09-13,29.5,22.8,82,15.9,16.2
2000-09-14,30.8,23.1,81,9.0,3.6
2000-09-15,33.7,23.6,67,12.2,0.0
2000-09-16,30.9,20.9,50,14.5,0.0
2000-09-17,30.2,16.3,41,11.2,0.0
2000-09-18,31.9,18.8,34,12.1,0.0
2000-09-19,33.3,18.5,53,21.5,0.0
2000-09-20,33.8,21.4,66,19.8,0.0
2000-09-21,31.0,23.4,78,15.4,1.9
2000-09-22,35.4,24.3,69,21.0,0.4
2000-09-23,36.3,26.1,67,23.9,0.5
2000-09-24,36.0,18.9,73,26.3,5.2
2000-09-25,20.2,13.0,54,28.4,7.9
2000-09-26,22.7,11.5,53,15.1,0.0
2000-09-27,25.8,11.5,57,10.3,0.0
2000-09-28,28.2,13.2,50,12.5,0.0
2000-09-29,29.0,13.9,45,12.0,0.0
2000-09-30,30.1,14.1,42,10.5,0.0
2000-10-01,30.1,15.3,50,13.3,0.0
2000-10-02,32.9,17.8,60,19.6,0.0
2000-10-03,33.1,22.2,67,19.0,0.0
2000-10-04,32.5,22.0,64,20.0,0.0
2000-10-05,33.3,22.0,74,17.0,0.4
2000-10-06,25.4,18.9,79,24.6,4.3
2000-10-07,18.8,9.8,63,27.4,7.4
2000-10-08,10.6,6.6,52,24.4,7.6
2000-10-09,10.5,9.3,41,15.8,0.1
2000-10-10,12.3,9.8,46,6.1,0.0
2000-10-11,19.9,12.0,50,11.6,0.0
2000-10-12,26.0,16.6,67,17.1,0.4
2000-10-13,26.9,15.0,73,18.4,0.0
2000-10-14,26.5,17.5,71,19.3,0.0
2000-10-15,28.0,20.4,78,18.7,6.1
2000-10-16,27.1,19.6,88,14.8,8.1
2000-10-17,23.7,18.5,90,13.6,3.5
2000-10-18,24.3,17.4,72,10.1,1.7
2000-10-19,25.6,15.3,70,9.0,0.4
2000-10-20,25.8,16.5,73,16.4,0.6
2000-10-21,24.0,19.2,87,19.0,10.2
2000-10-22,24.9,20.1,91,20.3,10.1
2000-10-23,25.4,19.9,93,17.6,6.3
2000-10-24,25.6,19.8,86,17.0,2.5
2000-10-25,25.7,19.4,88,18.5,1.1
2000-10-26,26.0,20.0,86,16.5,0.8
2000-10-27,26.6,19.7,85,16.5,0.8
2000-10-28,26.1,20.5,81,26.6,1.5
2000-10-29,27.0,20.5,80,18.4,0.7
2000-10-30,27.3,20.4,77,19.8,0.1
2000-10-31,27.0,20.1,79,24.6,0.6
2000-11-01,26.5,20.0,85,21.6,7.1
2000-11-02,25.5,18.9,90,11.5,19.7
2000-11-03,22.2,16.7,96,22.1,78.4
2000-11-04,21.0,16.8,92,14.8,13.7
2000-11-05,24.2,18.3,89,21.7,10.8
2000-11-06,22.0,12.5,67,19.5,19.8
2000-11-07,16.5,10.6,68,21.0,1.4
2000-11-08,10.3,4.9,82,27.4,7.5
2000-11-09,15.8,2.4,62,18.1,0.0
2000-11-10,17.1,5.6,71,10.2,0.0
2000-11-11,17.1,8.2,82,10.4,1.3
2000-11-12,22.4,7.4,92,25.0,16.0
2000-11-13,11.2,5.4,55,23.0,0.0
2000-11-14,12.3,1.5,56,12.6,0.0
2000-11-15,13.7,3.7,73,11.6,0.9
2000-11-16,18.9,10.6,85,17.7,1.5
2000-11-17,10.2,7.6,52,21.2,0.0
2000-11-18,8.8,4.9,88,20.0,26.4
2000-11-19,13.2,4.8,70,16.0,0.1
2000-11-20,15.2,1.9,76,10.1,0.0
2000-11-21,14.4,2.1,71,11.1,0.0
2000-11-22,16.5,6.2,81,19.3,0.4
2000-11-23,20.6,14.2,93,16.7,20.2
2000-11-24,15.9,11.1,77,32.0,5.2
2000-11-25,16.6,6.5,75,15.4,0.0
2000-11-26,17.4,6.8,72,12.4,0.0
2000-11-27,21.0,6.7,81,11.5,0.0
2000-11-28,23.1,12.9,89,18.0,0.1
2000-11-29,17.8,9.7,77,21.3,0.0
2000-11-30,17.3,6.2,75,13.7,0.0
2000-12-01,17.4,9.9,78,21.5,2.7
2000-12-02,8.9,3.9,58,22.8,0.0
2000-12-03,5.9,3.7,73,14.7,5.2
2000-12-04,10.7,4.6,78,4.8,0.2
2000-12-05,12.2,7.2,75,14.1,0.0
2000-12-06,13.1,5.6,72,28.7,0.0
2000-12-07,14.9,0.6,69,14.6,0.0
2000-12-08,17.4,4.5,73,12.0,0.0
2000-12-09,19.0,5.6,86,17.3,0.0
2000-12-10,20.9,10.0,90,18.9,0.0
2000-12-11,21.2,2.9,78,30.3,0.4
2000-12-12,1.9,-2.1,51,27.2,3.4
2000-12-13,11.7,-1.7,89,12.9,7.7
2000-12-14,11.6,0.6,84,9.5,0.0
2000-12-15,13.4,7.9,93,18.7,2.5
2000-12-16,15.8,3.8,59,32.5,0.0
2000-12-17,9.5,-0.9,51,20.9,0.0
2000-12-18,13.6,5.2,63,30.6,0.0
2000-12-19,11.1,1.1,55,14.8,0.0
2000-12-20,16.8,3.8,61,29.2,0.0
2000-12-21,9.6,2.1,51,24.1,0.0
2000-12-22,10.3,-1.1,61,14.9,0.0
2000-12-23,12.1,7.3,83,14.0,2.0
2000-12-24,11.1,6.2,97,17.0,5.1
2000-12-25,13.4,5.9,99,17.4,38.3
2000-12-26,12.4,0.9,97,26.6,32.5
2000-12-27,4.7,0.2,68,22.5,0.0
2000-12-28,11.9,1.8,70,17.6,0.0
2000-12-29,10.4,1.4,69,19.4,0.0
2000-12-30,9.3,-1.9,71,10.0,0.0
2000-12-31,5.4,0.3,84,13.9,2.9
2001-01-01,3.5,-0.0,82,17.1,0.3
2001-01-02,2.0,-1.6,67,17.8,0.0
2001-01-03,9.9,-1.5,68,12.2,0.0
2001-01-04,17.6,2.1,69,13.0,0.0
2001-01-05,18.0,2.9,75,11.4,0.0
2001-01-06,20.0,5.2,78,16.4,0.0
2001-01-07,16.3,8.9,73,25.6,0.0
2001-01-08,13.2,3.7,64,19.2,0.0
2001-01-09,14.6,0.5,68,14.7,0.0
2001-01-10,9.2,5.8,85,19.9,27.3
2001-01-11,16.7,4.4,83,12.0,0.0
2001-01-12,13.5,2.9,89,15.3,0.0
2001-01-13,12.7,7.6,96,16.1,4.8
2001-01-14,16.5,5.0,70,15.3,0.0
2001-01-15,13.5,4.2,73,12.5,0.0
2001-01-16,10.6,7.8,95,14.5,9.9
2001-01-17,7.6,3.4,98,23.1,10.1
2001-01-18,4.9,2.4,89,21.3,9.0
2001-01-19,9.3,1.7,63,26.8,1.7
2001-01-20,10.1,-3.1,72,14.1,0.0
2001-01-21,11.8,1.5,74,22.1,0.0
2001-01-22,12.2,-1.1,80,8.3,0.0
2001-01-23,13.7,2.2,80,11.3,0.0
2001-01-24,16.7,8.9,76,7.2,0.3
2001-01-25,16.1,7.7,74,17.1,0.0
2001-01-26,20.7,10.4,83,14.3,0.1
2001-01-27,18.1,14.2,92,21.5,6.3
2001-01-28,21.3,16.0,91,32.7,2.5
2001-01-29,18.7,7.2,62,31.7,9.4
2001-01-30,19.7,6.9,50,20.4,0.0
2001-01-31,13.4,5.4,61,18.8,0.0
2001-02-01,13.4,3.7,63,12.2,0.0
2001-02-02,12.0,4.0,64,15.9,0.0
2001-02-03,15.5,1.9,70,17.0,0.0
2001-02-04,17.3,4.1,73,17.0,0.0
2001-02-05,17.9,2.2,65,20.4,0.0
2001-02-06,21.9,9.5,81,20.9,0.0
2001-02-07,22.1,12.7,87,28.1,0.0
2001-02-08,22.2,18.5,92,32.7,2.1
2001-02-09,20.2,4.7,60,32.6,8.8
2001-02-10,8.4,-0.5,55,18.2,0.0
2001-02-11,8.4,6.0,78,10.5,2.5
2001-02-12,15.0,7.8,97,7.4,0.6
2001-02-13,21.7,15.3,95,18.9,1.8
2001-02-14,23.7,18.0,88,26.8,0.2
2001-02-15,22.8,18.4,92,23.7,4.9
2001-02-16,19.6,6.3,73,31.4,26.4
2001-02-17,10.7,1.0,58,20.9,0.0
2001-02-18,13.9,0.8,74,15.7,0.0
2001-02-19,19.9,5.4,80,19.4,0.0
2001-02-20,23.8,12.1,82,17.6,0.0
2001-02-21,21.6,14.2,92,16.4,2.7
2001-02-22,13.3,9.2,73,15.3,0.6
2001-02-23,19.0,10.6,92,28.7,9.3
2001-02-24,24.3,12.6,73,29.9,3.1
2001-02-25,21.0,9.3,49,13.0,0.0
2001-02-26,20.6,11.9,77,11.6,0.6
2001-02-27,25.3,17.9,86,25.3,3.1
2001-02-28,18.6,5.0,91,26.7,5.1
2001-03-01,7.9,4.1,90,19.0,13.5
2001-03-02,13.6,8.0,89,12.2,7.0
2001-03-03,11.5,6.9,92,16.0,17.0
2001-03-04,18.6,4.3,72,17.3,0.0
2001-03-05,19.7,5.5,70,10.8,0.0
2001-03-06,19.0,8.2,70,10.7,0.0
2001-03-07,20.0,6.7,70,13.1,0.0
2001-03-08,17.0,10.5,92,19.2,15.4
2001-03-09,16.8,8.1,75,19.6,0.0
2001-03-10,18.2,6.9,75,20.4,0.0
2001-03-11,18.7,14.2,93,19.7,9.5
2001-03-12,23.8,12.3,68,23.9,10.6
2001-03-13,22.5,7.3,69,19.2,0.1
2001-03-14,18.8,11.3,83,23.9,12.2
2001-03-15,19.5,11.0,56,25.7,0.0
2001-03-16,15.9,5.2,60,21.0,0.0
2001-03-17,14.8,7.5,67,16.5,1.6
2001-03-18,10.8,6.1,77,18.6,2.5
2001-03-19,13.0,4.1,69,19.8,0.0
2001-03-20,17.8,2.6,70,10.5,0.0
2001-03-21,22.1,5.7,71,12.6,0.0
2001-03-22,23.3,9.3,70,21.5,0.0
2001-03-23,23.7,10.1,82,16.4,0.0
2001-03-24,20.4,11.6,83,25.9,1.4
2001-03-25,15.8,9.8,59,21.3,0.0
2001-03-26,12.8,7.9,61,16.5,0.0
2001-03-27,10.8,7.6,87,16.8,32.2
2001-03-28,10.9,6.8,92,13.7,0.9
2001-03-29,18.2,8.9,80,16.3,0.9
2001-03-30,17.2,5.4,80,9.6,1.9
2001-03-31,22.4,9.5,79,11.0,0.3
2001-04-01,23.6,11.6,80,21.6,0.0
2001-04-02,25.1,16.7,87,25.6,1.1
2001-04-03,26.2,20.9,89,20.1,0.3
2001-04-04,26.2,20.9,88,14.6,0.7
2001-04-05,26.7,20.6,85,22.1,0.3
2001-04-06,27.0,20.6,81,34.5,0.1
2001-04-07,27.5,18.4,79,24.9,0.0
2001-04-08,28.3,20.2,79,26.3,0.0
2001-04-09,28.4,20.4,82,27.7,0.2
2001-04-10,28.1,21.7,79,30.9,0.0
2001-04-11,22.8,14.9,65,31.5,7.2
2001-04-12,24.7,13.8,81,11.3,4.5
2001-04-13,27.0,19.1,86,13.4,1.3
2001-04-14,28.6,21.0,82,20.5,0.0
2001-04-15,29.3,20.5,81,18.0,0.9
2001-04-16,26.5,19.4,87,15.3,2.5
2001-04-17,19.8,12.5,61,26.0,1.6
2001-04-18,17.3,10.3,58,15.5,0.0
2001-04-19,22.7,13.1,76,25.9,0.0
2001-04-20,26.5,19.8,79,31.0,0.5
2001-04-21,27.4,18.7,78,28.1,0.1
2001-04-22,27.1,21.1,78,36.1,0.0
2001-04-23,22.4,16.6,80,21.0,19.7
2001-04-24,21.8,14.0,57,20.4,0.2
2001-04-25,23.3,9.7,63,11.1,0.0
2001-04-26,24.6,11.2,62,13.6,0.0
2001-04-27,24.3,12.9,66,17.2,0.0
2001-04-28,24.4,12.3,66,16.3,0.0
2001-04-29,25.6,14.5,66,15.7,0.0
2001-04-30,25.9,15.2,77,13.9,0.0
2001-05-01,26.8,17.7,77,16.5,0.0
2001-05-02,29.2,19.4,73,21.5,0.0
2001-05-03,28.5,20.0,73,21.9,0.7
2001-05-04,27.2,20.6,79,28.2,2.0
2001-05-05,27.7,19.6,86,17.4,12.3
2001-05-06,26.9,17.5,85,22.1,10.0
2001-05-07,25.3,19.8,87,16.6,9.7
2001-05-08,26.2,17.3,85,8.0,2.1
2001-05-09,27.0,17.2,79,11.2,1.0
2001-05-10,26.5,17.1,76,16.1,0.0
2001-05-11,27.2,19.4,81,15.1,1.2
2001-05-12,27.1,17.5,80,8.9,0.5
2001-05-13,27.8,18.0,78,11.7,0.2
2001-05-14,27.6,17.5,73,15.3,0.0
2001-05-15,29.1,18.3,70,19.4,0.0
2001-05-16,31.3,19.5,72,22.9,0.0
2001-05-17,31.2,21.2,72,23.8,0.0
2001-05-18,31.2,21.2,71,19.2,0.0
2001-05-19,30.4,21.6,74,16.0,0.0
2001-05-20,31.6,21.9,74,19.8,0.0
2001-05-21,29.2,17.8,69,27.4,11.6
2001-05-22,25.8,13.7,48,17.4,0.0
2001-05-23,29.9,14.1,49,16.2,0.0
2001-05-24,31.5,18.5,65,17.7,6.4
2001-05-25,28.6,18.7,74,13.5,5.3
2001-05-26,29.2,20.0,80,16.8,5.8
2001-05-27,31.7,22.0,74,25.1,0.0
2001-05-28,32.2,23.0,70,26.0,0.0
2001-05-29,31.9,23.4,71,23.6,0.3
2001-05-30,32.0,23.8,72,23.4,0.4
2001-05-31,29.7,21.2,85,16.4,16.8
2001-06-01,30.7,20.5,79,11.3,0.1
2001-06-02,33.1,22.8,71,17.8,0.0
2001-06-03,32.7,23.3,71,24.0,0.0
2001-06-04,31.6,23.1,73,25.6,2.1
2001-06-05,29.7,22.9,75,20.1,1.2
2001-06-06,30.7,21.9,68,15.8,0.0
2001-06-07,28.7,21.0,78,17.4,5.1
2001-06-08,26.8,22.0,88,23.7,15.3
2001-06-09,29.2,22.0,81,23.5,1.6
2001-06-10,31.0,21.2,74,15.0,0.0
2001-06-11,32.4,20.3,71,11.6,0.0
2001-06-12,34.7,22.5,67,21.6,0.0
2001-06-13,35.2,24.5,69,25.5,0.1
2001-06-14,32.7,25.8,74,28.6,0.6
2001-06-15,32.3,22.7,75,20.4,7.5
2001-06-16,33.0,21.8,65,8.1,0.0
2001-06-17,32.1,22.4,65,10.9,0.0
2001-06-18,32.2,21.2,56,13.7,0.0
2001-06-19,32.7,19.0,54,13.0,0.0
2001-06-20,33.2,20.4,58,16.6,0.0
2001-06-21,34.3,22.8,59,14.5,0.1
2001-06-22,32.1,23.5,62,12.7,0.0
2001-06-23,31.8,21.7,61,11.3,1.3
2001-06-24,30.7,21.2,73,15.2,16.6
2001-06-25,31.6,21.6,63,11.3,0.0
2001-06-26,31.9,22.2,69,14.5,0.5
2001-06-27,34.1,22.7,62,18.4,0.0
2001-06-28,34.1,21.9,61,21.0,0.0
2001-06-29,32.2,23.3,66,20.9,0.2
2001-06-30,34.1,23.8,62,21.9,0.0
2001-07-01,29.1,22.2,84,15.6,15.7
2001-07-02,31.4,22.2,81,11.7,4.9
2001-07-03,31.7,20.7,74,13.7,0.2
2001-07-04,32.3,21.7,70,11.2,0.0
2001-07-05,33.4,23.6,64,11.7,0.0
2001-07-06,34.6,23.8,62,14.9,0.0
2001-07-07,34.9,23.4,61,17.4,0.0
2001-07-08,35.1,23.6,59,19.5,0.0
2001-07-09,36.0,23.4,57,17.3,0.0
2001-07-10,35.7,23.5,57,16.6,0.0
2001-07-11,35.8,24.0,55,15.5,0.0
2001-07-12,36.3,24.1,53,17.0,0.0
2001-07-13,36.8,24.6,53,17.7,0.0
2001-07-14,36.7,24.6,51,16.2,0.0
2001-07-15,37.0,25.8,51,18.0,0.0
2001-07-16,36.7,25.6,57,17.0,0.0
2001-07-17,35.0,25.9,60,15.3,0.2
2001-07-18,36.1,25.5,62,16.3,0.2
2001-07-19,35.3,25.3,62,18.9,0.3
2001-07-20,36.4,25.9,57,17.6,0.0
2001-07-21,37.7,24.7,49,18.4,0.0
2001-07-22,38.0,24.9,46,16.3,0.0
2001-07-23,37.5,25.4,48,19.3,0.0
2001-07-24,36.5,26.4,53,15.8,0.2
2001-07-25,36.0,25.9,56,17.9,0.0
2001-07-26,35.6,26.0,61,18.9,1.3
2001-07-27,35.5,25.9,64,21.5,0.0
2001-07-28,36.3,25.9,61,21.8,0.2
2001-07-29,37.0,26.0,56,19.8,0.0
2001-07-30,36.4,26.2,56,21.5,0.3
2001-07-31,36.5,25.5,57,19.0,0.0
2001-08-01,37.1,25.1,53,15.9,0.0
2001-08-02,35.8,26.3,53,19.2,0.0
2001-08-03,35.1,24.4,47,13.3,0.0
2001-08-04,35.8,25.1,47,10.6,0.0
2001-08-05,36.7,25.7,41,13.6,0.0
2001-08-06,37.3,25.2,39,20.1,0.0
2001-08-07,34.9,25.3,63,16.9,0.3
2001-08-08,35.6,25.3,61,21.3,0.0
2001-08-09,37.2,25.5,55,20.1,0.0
2001-08-10,36.1,25.3,58,17.7,0.1
2001-08-11,36.6,25.6,55,18.8,0.0
2001-08-12,37.1,26.0,51,16.7,0.0
2001-08-13,37.3,25.9,52,16.3,0.4
2001-08-14,34.8,26.4,56,8.9,0.1
2001-08-15,36.2,25.8,52,15.7,0.0
2001-08-16,36.2,25.6,57,14.4,0.2
2001-08-17,36.6,25.6,59,18.1,1.0
2001-08-18,37.8,25.7,52,17.7,0.0
2001-08-19,34.8,26.5,57,16.8,0.1
2001-08-20,35.2,25.2,58,18.3,0.0
2001-08-21,35.3,25.0,60,19.9,0.0
2001-08-22,35.5,25.4,61,19.2,0.0
2001-08-23,35.8,25.3,57,20.2,0.0
2001-08-24,35.7,23.5,57,16.7,0.0
2001-08-25,35.5,25.7,62,21.0,0.2
2001-08-26,34.4,25.1,69,15.2,5.1
2001-08-27,27.6,23.4,84,12.5,9.3
2001-08-28,27.2,22.3,90,15.3,21.2
2001-08-29,25.9,22.1,93,19.3,12.0
2001-08-30,27.3,21.9,95,14.6,42.9
2001-08-31,25.1,22.7,98,11.6,27.3
2001-09-01,28.8,22.8,86,8.7,1.7
2001-09-02,30.5,22.5,84,7.4,1.1
2001-09-03,30.6,23.5,89,13.0,3.8
2001-09-04,27.6,22.7,94,11.8,21.7
2001-09-05,28.0,21.3,91,14.0,15.3
2001-09-06,30.3,22.2,86,18.8,5.1
2001-09-07,31.7,24.0,78,25.9,0.0
2001-09-08,31.4,24.8,80,22.5,0.2
2001-09-09,27.2,22.5,85,22.1,11.3
2001-09-10,27.4,21.5,75,16.6,0.0
2001-09-11,28.2,20.9,74,11.3,0.0
2001-09-12,28.6,17.6,69,10.9,0.0
2001-09-13,30.3,19.4,73,11.9,0.0
2001-09-14,30.2,20.6,76,7.4,0.1
2001-09-15,29.7,20.9,72,9.7,0.2
2001-09-16,29.1,21.1,71,10.4,0.0
2001-09-17,29.8,20.2,74,15.5,0.0
2001-09-18,31.5,21.6,73,19.4,0.0
2001-09-19,32.1,23.8,78,13.7,0.3
2001-09-20,32.9,23.8,82,15.3,5.5
2001-09-21,30.7,22.8,84,13.5,10.0
2001-09-22,29.2,21.8,86,6.6,7.3
2001-09-23,29.4,20.8,83,11.3,1.3
2001-09-24,24.1,18.0,66,24.8,0.0
2001-09-25,23.2,14.4,63,14.3,0.0
2001-09-26,23.7,11.6,66,9.2,0.0
2001-09-27,25.5,13.3,61,10.1,0.0
2001-09-28,26.4,14.4,60,9.0,0.0
2001-09-29,27.2,13.8,59,10.6,0.0
2001-09-30,25.3,13.4,58,14.8,0.0
2001-10-01,25.4,14.0,63,9.4,0.0
2001-10-02,26.7,13.9,61,12.9,0.0
2001-10-03,27.1,15.1,69,17.7,0.0
2001-10-04,27.7,19.7,80,20.2,6.0
2001-10-05,26.4,16.9,87,25.6,16.5
2001-10-06,20.1,12.9,61,22.9,0.0
2001-10-07,22.0,10.3,67,10.0,0.0
2001-10-08,25.5,14.4,78,17.6,0.1
2001-10-09,28.0,21.0,77,26.3,0.1
2001-10-10,29.4,22.6,81,24.5,0.4
2001-10-11,23.2,16.5,88,20.1,30.9
2001-10-12,26.5,15.4,92,17.3,17.4
2001-10-13,22.1,12.8,71,28.4,38.8
2001-10-14,25.2,9.7,60,11.9,0.0
2001-10-15,25.5,12.1,71,28.8,0.0
2001-10-16,17.8,9.4,52,26.3,0.0
2001-10-17,19.6,7.3,63,11.8,0.0
2001-10-18,23.2,10.2,77,20.5,0.0
2001-10-19,25.1,13.0,79,17.3,0.0
2001-10-20,25.1,13.3,78,15.1,0.0
2001-10-21,25.6,13.8,76,14.2,0.0
2001-10-22,28.0,18.8,84,22.6,0.4
2001-10-23,28.8,21.8,81,22.0,0.0
2001-10-24,31.4,18.0,67,21.3,0.0
2001-10-25,23.7,12.9,49,17.3,0.0
2001-10-26,22.6,12.0,54,12.0,0.0
2001-10-27,22.4,11.1,59,9.2,0.0
2001-10-28,22.2,9.6,61,11.5,0.0
2001-10-29,21.4,8.7,64,10.8,0.0
2001-10-30,22.3,10.4,72,9.5,0.0
2001-10-31,24.5,11.9,78,21.7,0.0
2001-11-01,26.8,18.2,78,25.2,0.0
2001-11-02,24.8,19.7,87,15.4,0.5
2001-11-03,25.8,15.7,79,10.8,0.0
2001-11-04,25.3,15.4,72,15.5,0.0
2001-11-05,24.7,15.1,65,8.6,0.0
2001-11-06,24.4,14.2,49,10.4,0.0
2001-11-07,24.0,10.8,62,9.9,0.0
2001-11-08,24.7,14.6,82,10.5,0.3
2001-11-09,20.5,15.6,78,15.7,1.4
2001-11-10,23.2,13.6,78,8.7,0.0
2001-11-11,23.8,14.9,75,9.4,0.0
2001-11-12,22.6,15.9,86,11.8,3.9
2001-11-13,23.7,15.9,87,15.9,0.3
2001-11-14,22.6,16.3,87,17.6,4.9
2001-11-15,19.9,17.4,92,22.2,10.9
2001-11-16,20.6,17.3,97,12.3,27.8
2001-11-17,21.4,15.4,81,12.2,1.3
2001-11-18,23.0,15.0,83,12.1,0.0
2001-11-19,21.1,11.5,81,24.8,1.0
2001-11-20,13.8,6.5,52,18.4,0.0
2001-11-21,15.3,6.5,59,10.9,0.0
2001-11-22,21.1,9.1,78,18.8,0.0
2001-11-23,24.9,15.0,84,22.2,0.0
2001-11-24,22.0,10.0,51,16.0,0.0
2001-11-25,22.1,7.2,62,16.4,0.0
2001-11-26,24.4,14.6,86,17.2,1.8
2001-11-27,18.2,5.0,55,26.0,0.3
2001-11-28,4.8,-0.1,81,28.9,17.3
2001-11-29,10.0,-1.0,71,22.2,4.5
2001-11-30,17.8,3.0,71,13.9,0.0
2001-12-01,19.0,5.2,78,9.9,0.4
2001-12-02,16.4,12.9,90,7.8,31.7
2001-12-03,21.0,15.0,95,15.9,0.6
2001-12-04,23.3,18.7,91,25.4,0.7
2001-12-05,23.9,18.7,87,22.9,0.7
2001-12-06,22.9,17.8,92,10.8,0.0
2001-12-07,23.2,17.1,91,17.3,1.3
2001-12-08,18.0,9.2,67,26.7,20.6
2001-12-09,11.5,4.8,49,16.7,0.0
2001-12-10,13.9,0.2,66,9.1,0.0
2001-12-11,15.4,5.4,85,12.8,17.0
2001-12-12,22.1,12.8,86,21.3,0.0
2001-12-13,12.2,5.5,70,25.3,9.8
2001-12-14,15.7,2.2,66,14.2,0.0
2001-12-15,19.3,8.0,90,18.3,51.7
2001-12-16,21.2,13.7,95,22.1,8.9
2001-12-17,16.7,6.9,69,23.2,0.0
2001-12-18,18.3,5.0,74,16.5,0.0
2001-12-19,14.4,4.8,58,22.6,0.0
2001-12-20,14.6,3.5,71,10.5,0.0
2001-12-21,16.8,2.3,83,23.7,0.0
2001-12-22,21.2,10.7,78,22.4,0.0
2001-12-23,13.0,4.5,59,17.1,0.0
2001-12-24,10.0,0.7,55,14.8,0.0
2001-12-25,11.4,2.8,54,15.9,0.0
2001-12-26,11.5,2.2,61,14.0,0.0
2001-12-27,15.5,1.9,70,19.1,0.0
2001-12-28,16.2,6.0,70,17.3,0.0
2001-12-29,11.0,3.7,63,26.8,0.0
2001-12-30,9.1,0.7,60,18.3,0.0
2001-12-31,6.4,-0.6,66,17.2,0.4
2002-01-01,6.0,0.3,63,19.8,0.0
2002-01-02,5.9,-1.1,58,20.2,0.0
2002-01-03,6.0,-3.2,68,10.1,0.0
2002-01-04,10.1,-2.6,75,18.2,0.6
2002-01-05,12.7,7.7,80,25.7,14.4
2002-01-06,15.7,3.8,55,20.3,0.0
2002-01-07,14.0,1.1,59,12.9,0.0
2002-01-08,17.5,3.2,72,21.4,0.0
2002-01-09,20.8,8.2,82,22.0,0.0
2002-01-10,20.7,12.1,81,21.7,0.0
2002-01-11,14.0,9.0,57,22.3,0.0
2002-01-12,16.5,4.5,60,18.3,0.0
2002-01-13,18.0,2.1,67,24.1,0.0
2002-01-14,16.4,4.3,60,17.3,0.0
2002-01-15,17.5,2.5,56,19.5,0.0
2002-01-16,21.2,7.8,81,22.5,0.0
2002-01-17,22.3,10.2,89,19.8,0.5
2002-01-18,10.8,7.9,87,15.5,1.1
2002-01-19,13.9,4.2,71,26.3,0.3
2002-01-20,15.0,2.3,69,17.5,0.0
2002-01-21,18.8,2.7,61,11.0,0.0
2002-01-22,22.4,10.0,84,22.1,0.5
2002-01-23,24.3,18.8,91,29.6,0.9
2002-01-24,19.8,6.9,79,30.5,7.8
2002-01-25,14.0,4.7,46,19.8,0.0
2002-01-26,16.4,2.0,61,10.2,0.0
2002-01-27,19.4,4.9,69,14.6,0.0
2002-01-28,22.2,11.6,90,20.6,0.0
2002-01-29,24.1,18.0,87,29.9,0.4
2002-01-30,24.1,18.4,86,32.5,0.8
2002-01-31,20.3,8.1,70,27.0,8.4
2002-02-01,9.5,2.9,44,23.5,0.0
2002-02-02,11.2,0.4,61,10.8,0.0
2002-02-03,15.2,5.6,64,7.6,0.0
2002-02-04,10.9,7.7,78,16.6,3.2
2002-02-05,7.7,3.9,93,16.3,22.0
2002-02-06,11.8,2.7,75,21.5,0.0
2002-02-07,14.6,0.3,73,10.1,0.0
2002-02-08,16.2,1.9,75,18.0,0.0
2002-02-09,20.0,7.3,68,22.4,0.0
2002-02-10,11.0,5.0,47,30.3,0.0
2002-02-11,11.9,1.1,60,16.6,0.0
2002-02-12,15.7,1.9,66,13.1,0.0
2002-02-13,16.2,2.3,71,13.3,0.0
2002-02-14,17.8,3.6,72,19.5,0.0
2002-02-15,18.2,7.9,71,23.1,0.0
2002-02-16,15.7,3.9,60,12.4,0.0
2002-02-17,18.0,2.3,61,13.8,0.0
2002-02-18,21.2,9.1,79,28.0,0.0
2002-02-19,24.5,13.0,65,27.3,3.6
2002-02-20,22.4,8.4,46,20.2,0.0
2002-02-21,21.4,9.7,46,30.5,0.0
2002-02-22,17.0,7.2,47,18.7,0.0
2002-02-23,21.0,4.6,55,17.6,0.0
2002-02-24,23.1,8.1,61,24.7,0.0
2002-02-25,20.6,10.4,71,28.8,0.0
2002-02-26,9.3,-0.9,35,33.0,0.0
2002-02-27,9.0,-3.9,40,12.7,0.0
2002-02-28,12.2,-0.4,58,16.6,0.0
2002-03-01,17.3,8.9,92,13.8,3.2
2002-03-02,14.1,0.3,62,34.5,0.3
2002-03-03,5.9,-2.8,33,27.0,0.0
2002-03-04,13.4,-3.2,41,17.1,0.0
2002-03-05,16.7,-1.1,54,23.0,0.0
2002-03-06,22.8,10.8,76,24.8,0.0
2002-03-07,23.0,13.4,78,27.9,0.4
2002-03-08,22.8,15.6,87,31.7,1.4
2002-03-09,19.6,7.5,52,33.0,0.8
2002-03-10,14.3,4.1,45,18.5,2.3
2002-03-11,18.6,9.2,72,24.6,0.0
2002-03-12,22.8,9.5,44,24.4,0.0
2002-03-13,26.1,7.5,61,24.1,0.0
2002-03-14,28.6,15.0,76,28.5,0.0
2002-03-15,26.2,14.6,75,20.2,0.0
2002-03-16,15.2,9.7,67,20.9,0.9
2002-03-17,21.8,13.0,81,8.1,0.0
2002-03-18,26.0,17.9,83,23.9,0.6
2002-03-19,26.2,19.2,80,30.9,21.1
2002-03-20,17.8,13.6,82,28.0,7.2
2002-03-21,20.6,8.4,62,25.1,0.0
2002-03-22,12.4,2.3,54,22.8,0.0
2002-03-23,20.3,3.6,69,24.2,0.0
2002-03-24,26.6,13.6,73,32.3,0.0
2002-03-25,21.6,10.0,79,24.4,2.7
2002-03-26,16.1,4.4,57,24.1,0.0
2002-03-27,20.7,5.3,67,15.5,0.0
2002-03-28,26.8,11.9,78,21.3,0.0
2002-03-29,25.8,18.4,85,22.8,0.0
2002-03-30,25.8,18.0,78,16.3,7.2
2002-03-31,22.1,12.3,73,21.4,0.0
2002-04-01,25.3,10.7,74,16.3,0.0
2002-04-02,27.0,14.3,76,25.3,0.0
2002-04-03,19.4,11.5,61,26.5,0.4
2002-04-04,16.3,11.8,57,15.3,0.0
2002-04-05,18.2,12.3,54,12.3,0.0
2002-04-06,18.0,14.0,70,23.4,12.9
2002-04-07,23.0,16.6,91,29.9,64.1
2002-04-08,28.2,16.2,70,16.9,23.1
2002-04-09,22.7,13.8,70,18.0,0.0
2002-04-10,23.7,12.4,80,9.5,0.3
2002-04-11,25.6,14.4,75,14.8,0.0
2002-04-12,27.6,16.2,79,15.8,0.0
2002-04-13,27.1,15.4,75,17.2,0.0
2002-04-14,25.2,18.5,74,20.7,0.0
2002-04-15,28.9,19.1,75,24.7,0.0
2002-04-16,29.1,20.7,82,28.0,9.4
2002-04-17,30.0,21.3,76,23.8,0.1
2002-04-18,29.4,21.3,76,24.1,0.6
2002-04-19,28.3,20.7,75,23.4,0.1
2002-04-20,28.5,21.2,75,27.6,0.5
2002-04-21,29.1,21.1,76,21.6,0.4
2002-04-22,28.3,20.9,78,16.9,0.0
2002-04-23,29.9,20.1,72,21.0,0.0
2002-04-24,31.4,21.1,71,20.1,0.0
2002-04-25,26.1,21.1,84,17.2,1.2
2002-04-26,29.4,20.9,71,26.4,0.3
2002-04-27,32.0,21.4,70,32.9,0.0
2002-04-28,32.4,22.2,72,17.4,0.0
2002-04-29,32.9,21.4,71,19.4,0.0
2002-04-30,33.2,20.3,69,25.0,0.0
2002-05-01,34.2,21.3,63,24.2,0.0
2002-05-02,32.1,21.8,69,22.4,0.0
2002-05-03,28.1,20.6,77,15.6,2.2
2002-05-04,30.2,18.4,80,13.5,9.1
2002-05-05,30.8,21.9,75,23.4,0.2
2002-05-06,31.5,23.2,69,24.1,0.0
2002-05-07,31.5,22.9,71,31.3,0.2
2002-05-08,32.2,23.8,69,31.4,0.4
2002-05-09,32.2,23.7,72,18.7,0.2
2002-05-10,31.9,22.6,69,24.8,0.2
2002-05-11,32.1,23.2,67,28.9,0.0
2002-05-12,31.7,23.8,66,28.2,0.0
2002-05-13,24.1,14.6,62,29.7,7.3
2002-05-14,25.3,13.9,57,11.1,0.0
2002-05-15,29.3,15.3,61,21.5,0.0
2002-05-16,30.4,21.0,71,23.5,0.1
2002-05-17,30.0,20.9,77,21.6,0.2
2002-05-18,24.3,16.0,53,24.6,0.0
2002-05-19,23.9,12.6,45,14.2,0.0
2002-05-20,26.4,11.6,47,13.8,0.0
2002-05-21,28.0,13.1,57,21.5,0.0
2002-05-22,27.4,17.3,66,26.1,0.0
2002-05-23,29.0,19.6,66,28.0,0.2
2002-05-24,28.5,20.8,72,22.0,2.2
2002-05-25,29.9,20.3,73,15.0,1.3
2002-05-26,31.0,21.4,70,16.1,0.4
2002-05-27,31.3,20.6,65,19.6,0.1
2002-05-28,29.5,18.7,74,28.5,33.0
2002-05-29,28.7,20.6,82,14.4,2.9
2002-05-30,30.8,19.8,73,15.1,0.2
2002-05-31,28.6,18.9,68,17.4,0.0
2002-06-01,29.8,19.4,69,13.6,0.0
2002-06-02,31.1,18.9,68,15.4,0.0
2002-06-03,30.9,22.1,69,17.4,0.0
2002-06-04,32.0,23.0,72,21.1,0.1
2002-06-05,31.1,22.4,68,14.4,0.3
2002-06-06,32.2,23.0,58,13.6,0.0
2002-06-07,31.7,22.6,65,13.9,0.0
2002-06-08,32.6,23.8,71,16.5,0.4
2002-06-09,32.2,23.8,75,20.1,1.3
2002-06-10,33.7,24.5,68,19.8,1.0
2002-06-11,34.1,24.4,66,17.4,0.2
2002-06-12,33.6,24.2,68,16.5,0.0
2002-06-13,33.5,24.2,63,15.8,0.0
2002-06-14,33.8,23.8,61,15.5,0.3
2002-06-15,31.5,23.1,52,15.7,0.1
2002-06-16,32.8,24.0,62,25.2,0.8
2002-06-17,31.5,20.4,58,11.0,0.0
2002-06-18,33.3,20.2,54,15.0,0.0
2002-06-19,33.9,22.2,61,18.4,0.0
2002-06-20,33.6,24.3,67,18.1,2.4
2002-06-21,33.2,23.1,62,16.1,0.0
2002-06-22,33.7,23.3,55,14.3,0.0
2002-06-23,33.6,20.8,46,12.3,0.0
2002-06-24,33.3,22.0,51,12.0,0.0
2002-06-25,33.8,23.4,59,19.1,0.0
2002-06-26,33.8,23.7,70,12.8,3.6
2002-06-27,29.8,21.8,84,15.9,9.0
2002-06-28,29.1,23.3,81,16.4,2.5
2002-06-29,27.1,22.0,93,24.5,42.5
2002-06-30,28.1,21.6,89,23.7,41.3
2002-07-01,26.4,22.7,95,14.8,17.7
2002-07-02,25.8,22.4,96,15.8,23.0
2002-07-03,30.2,22.1,80,22.2,3.1
2002-07-04,29.5,23.5,80,22.1,1.2
2002-07-05,29.2,23.0,88,13.3,11.3
2002-07-06,30.0,22.3,80,11.2,0.0
2002-07-07,32.2,21.8,77,9.0,0.1
2002-07-08,33.5,23.3,79,14.3,3.1
2002-07-09,31.3,23.3,77,15.9,0.8
2002-07-10,29.9,22.3,82,7.6,0.8
2002-07-11,32.3,22.9,74,9.1,0.2
2002-07-12,33.0,23.8,69,10.9,0.6
2002-07-13,31.6,24.8,72,11.9,0.9
2002-07-14,29.0,24.3,84,11.3,5.8
2002-07-15,25.6,22.7,93,11.7,12.7
2002-07-16,25.6,22.1,95,12.0,11.7
2002-07-17,29.2,23.5,87,17.7,2.6
2002-07-18,30.6,23.7,82,15.5,1.4
2002-07-19,31.3,23.6,77,13.0,0.0
2002-07-20,31.1,22.8,78,14.1,0.0
2002-07-21,31.0,24.1,78,13.6,0.1
2002-07-22,32.1,23.8,76,14.4,0.1
2002-07-23,33.1,22.7,71,10.4,0.0
2002-07-24,34.0,23.0,70,11.1,0.3
2002-07-25,33.7,23.7,68,12.3,0.2
2002-07-26,33.3,23.7,69,16.9,0.0
2002-07-27,33.0,24.1,69,22.4,0.0
2002-07-28,33.7,25.0,68,25.8,0.2
2002-07-29,33.7,25.3,69,22.7,0.4
2002-07-30,33.6,24.6,66,18.9,0.0
2002-07-31,33.8,23.4,65,19.5,0.0
2002-08-01,33.9,22.8,66,18.2,0.0
2002-08-02,34.4,23.0,65,11.6,0.0
2002-08-03,34.9,24.0,62,16.9,0.1
2002-08-04,34.2,23.8,69,14.0,0.8
2002-08-05,32.9,23.9,63,8.8,0.7
2002-08-06,33.7,24.2,59,7.4,0.0
2002-08-07,35.4,24.8,52,13.7,0.0
2002-08-08,33.3,25.5,63,13.0,1.6
2002-08-09,33.4,24.4,67,10.3,0.0
2002-08-10,31.4,25.0,77,13.3,8.1
2002-08-11,31.3,22.3,71,10.7,0.0
2002-08-12,32.2,23.3,72,17.3,0.2
2002-08-13,33.0,24.8,71,22.0,0.1
2002-08-14,30.7,24.8,76,17.8,3.1
2002-08-15,29.8,22.4,85,21.1,2.3
2002-08-16,32.1,24.5,76,21.3,3.8
2002-08-17,33.1,24.7,73,18.8,0.0
2002-08-18,33.6,24.7,73,18.3,0.0
2002-08-19,34.4,24.1,67,17.1,0.0
2002-08-20,34.4,24.7,69,17.3,0.0
2002-08-21,34.4,24.8,69,18.0,0.2
2002-08-22,34.8,24.7,72,16.4,0.5
2002-08-23,35.3,24.3,65,15.5,0.0
2002-08-24,35.4,24.9,61,15.3,0.0
2002-08-25,36.5,25.2,58,14.9,0.0
2002-08-26,37.7,25.5,50,17.7,0.0
2002-08-27,36.0,26.0,54,17.8,0.2
2002-08-28,33.8,25.3,69,10.8,0.6
2002-08-29,34.7,24.7,53,13.1,0.0
2002-08-30,33.9,24.1,44,11.1,0.0
2002-08-31,34.4,23.3,49,14.2,0.0
2002-09-01,34.0,23.8,55,11.6,0.0
2002-09-02,34.1,24.7,57,9.4,0.0
2002-09-03,34.5,24.7,60,18.8,0.0
2002-09-04,34.5,24.7,62,18.4,0.0
2002-09-05,34.2,24.1,55,19.2,0.0
2002-09-06,34.4,24.4,55,23.7,0.2
2002-09-07,27.4,22.8,88,28.5,42.7
2002-09-08,26.8,22.2,95,16.9,24.7
2002-09-09,28.3,22.4,91,17.1,5.9
2002-09-10,30.1,22.9,73,18.3,0.0
2002-09-11,31.3,22.3,61,12.5,0.0
2002-09-12,31.0,21.4,67,8.2,0.0
2002-09-13,31.1,21.1,67,9.1,0.0
2002-09-14,31.6,21.4,65,9.7,0.0
2002-09-15,29.5,21.6,82,10.2,2.9
2002-09-16,25.0,21.1,92,7.0,9.0
2002-09-17,28.3,20.9,87,15.1,0.2
2002-09-18,30.9,23.4,79,23.7,0.4
2002-09-19,29.3,22.6,79,23.6,7.5
2002-09-20,28.2,16.9,55,21.3,0.0
2002-09-21,29.4,16.5,62,11.2,0.0
2002-09-22,29.1,17.5,58,28.4,0.0
2002-09-23,28.5,19.1,54,20.9,0.0
2002-09-24,27.9,16.8,46,19.6,0.0
2002-09-25,29.6,19.1,54,21.2,0.0
2002-09-26,31.5,20.1,56,21.3,0.0
2002-09-27,33.0,17.4,57,8.3,0.0
2002-09-28,32.0,18.7,60,11.8,0.0
2002-09-29,31.0,19.4,65,11.8,0.0
2002-09-30,30.6,19.2,68,13.3,0.0
2002-10-01,30.6,21.1,78,18.1,0.9
2002-10-02,31.4,23.7,75,14.5,0.0
2002-10-03,32.3,21.5,70,10.0,0.0
2002-10-04,32.9,23.1,67,11.1,0.0
2002-10-05,31.7,22.8,47,15.2,0.0
2002-10-06,31.8,23.7,74,15.3,0.1
2002-10-07,28.2,21.6,88,12.8,19.0
2002-10-08,27.6,21.5,87,11.6,6.7
2002-10-09,25.8,20.1,88,13.0,22.0
2002-10-10,23.4,17.5,73,13.5,0.0
2002-10-11,26.3,14.2,76,8.4,0.0
2002-10-12,27.7,16.7,80,14.5,0.0
2002-10-13,20.6,15.6,66,26.2,0.5
2002-10-14,16.0,12.5,75,14.5,5.1
2002-10-15,20.9,11.1,71,15.5,0.0
2002-10-16,21.9,9.1,62,8.4,0.0
2002-10-17,24.3,13.2,60,14.8,0.0
2002-10-18,24.1,16.9,81,23.7,3.6
2002-10-19,21.6,17.5,91,15.4,43.2
2002-10-20,22.2,15.3,84,13.1,0.2
2002-10-21,21.4,14.2,90,12.6,17.2
2002-10-22,20.2,17.0,92,15.9,10.6
2002-10-23,21.0,15.8,92,15.6,14.7
2002-10-24,20.2,18.9,96,14.5,14.3
2002-10-25,19.2,14.3,89,18.8,1.8
2002-10-26,17.1,13.4,85,15.0,0.1
2002-10-27,21.4,16.0,89,12.5,0.4
2002-10-28,20.9,17.5,94,11.7,8.0
2002-10-29,22.0,13.6,83,15.1,0.0
2002-10-30,24.3,11.1,79,19.3,0.0
2002-10-31,15.8,11.8,74,19.1,0.8
2002-11-01,16.9,11.6,79,17.5,2.3
2002-11-02,13.0,11.5,87,14.9,25.7
2002-11-03,14.1,12.1,95,19.3,3.2
2002-11-04,11.9,9.4,95,21.6,55.4
2002-11-05,22.0,7.9,69,18.1,0.0
2002-11-06,18.8,8.0,52,14.0,0.0
2002-11-07,20.1,5.8,70,13.0,0.0
2002-11-08,22.0,8.7,72,24.4,0.0
2002-11-09,26.1,15.5,84,20.4,0.0
2002-11-10,28.6,16.9,74,16.3,0.0
2002-11-11,21.1,13.2,71,12.3,0.0
2002-11-12,17.8,8.7,64,19.5,0.0
2002-11-13,18.3,5.9,68,17.3,0.0
2002-11-14,22.5,10.1,73,25.5,0.0
2002-11-15,16.6,9.6,64,21.7,0.0
2002-11-16,15.8,7.1,62,20.1,0.0
2002-11-17,19.0,5.9,66,20.3,0.0
2002-11-18,21.6,10.4,65,24.2,0.0
2002-11-19,19.9,9.1,62,13.8,0.0
2002-11-20,21.7,6.2,63,14.5,0.0
2002-11-21,22.3,9.3,55,16.3,0.0
2002-11-22,18.4,9.1,60,15.0,0.0
2002-11-23,20.1,6.1,65,15.0,0.0
2002-11-24,22.5,10.3,80,20.6,0.0
2002-11-25,13.9,8.2,77,20.2,0.0
2002-11-26,8.1,5.5,76,22.3,13.4
2002-11-27,9.3,4.4,47,22.4,0.0
2002-11-28,13.9,2.7,63,9.2,0.0
2002-11-29,16.9,3.9,66,15.6,0.0
2002-11-30,17.9,9.1,61,21.3,0.0
2002-12-01,14.3,5.3,56,11.7,0.0
2002-12-02,21.7,7.5,81,16.7,0.0
2002-12-03,21.0,15.6,95,12.9,9.5
2002-12-04,18.9,4.2,75,26.2,14.7
2002-12-05,9.0,3.2,64,22.3,0.0
2002-12-06,11.1,0.6,73,9.8,0.0
2002-12-07,14.1,2.5,78,13.8,0.0
2002-12-08,15.0,11.4,91,17.7,14.2
2002-12-09,11.4,7.4,91,21.4,23.3
2002-12-10,11.4,8.1,80,13.5,0.2
2002-12-11,11.9,5.9,78,12.1,0.0
2002-12-12,15.8,9.0,84,14.1,6.8
2002-12-13,15.6,4.8,56,21.9,0.0
2002-12-14,17.1,2.9,69,15.9,0.0
2002-12-15,20.4,6.1,83,20.8,0.0
2002-12-16,21.6,12.4,89,21.3,0.0
2002-12-17,23.0,15.1,87,28.2,0.0
2002-12-18,21.9,16.5,85,24.9,0.0
2002-12-19,16.9,9.0,41,25.0,0.7
2002-12-20,17.1,3.0,60,12.6,0.0
2002-12-21,19.4,6.9,70,23.5,0.0
2002-12-22,14.4,4.3,67,14.0,1.9
2002-12-23,19.4,7.6,95,29.0,5.5
2002-12-24,8.4,3.6,64,28.3,0.0
2002-12-25,9.1,-0.4,67,11.2,0.0
2002-12-26,9.1,2.3,73,8.1,0.0
2002-12-27,16.5,1.9,78,9.6,0.0
2002-12-28,18.4,3.1,77,14.1,0.0
2002-12-29,19.9,8.2,90,25.3,0.0
2002-12-30,21.1,11.5,90,27.2,26.0
2002-12-31,16.2,5.8,54,26.9,3.8
2003-01-01,19.7,3.9,64,32.0,0.0
2003-01-02,13.2,3.3,51,30.2,0.0
2003-01-03,17.7,1.0,71,13.3,0.0
2003-01-04,17.3,4.3,65,15.1,0.0
2003-01-05,19.7,5.0,81,11.3,0.0
2003-01-06,16.2,8.1,80,18.4,0.0
2003-01-07,14.0,3.6,73,13.6,0.0
2003-01-08,20.0,6.1,77,17.3,0.0
2003-01-09,25.1,11.8,68,26.3,0.0
2003-01-10,11.8,6.2,42,22.7,0.0
2003-01-11,9.4,5.1,67,10.2,2.5
2003-01-12,5.4,4.0,94,12.4,13.9
2003-01-13,10.4,3.1,83,10.4,0.0
2003-01-14,14.7,1.8,85,7.9,0.0
2003-01-15,12.4,3.4,85,17.9,0.0
2003-01-16,11.0,3.3,57,27.7,0.0
2003-01-17,6.5,-1.2,53,16.3,0.0
2003-01-18,12.5,-3.3,66,12.4,0.0
2003-01-19,15.6,0.4,74,18.6,0.0
2003-01-20,21.2,10.4,87,23.8,0.0
2003-01-21,26.2,12.5,80,20.8,0.0
2003-01-22,12.5,5.7,66,25.0,0.1
2003-01-23,5.2,-0.6,49,25.2,0.0
2003-01-24,7.3,-3.1,59,9.7,0.0
2003-01-25,5.7,4.1,77,10.9,1.3
2003-01-26,6.9,4.4,88,17.0,3.0
2003-01-27,10.7,5.4,79,14.5,0.2
2003-01-28,19.0,9.0,84,28.5,0.0
2003-01-29,15.4,9.6,80,18.2,0.1
2003-01-30,13.4,8.2,76,12.3,0.0
2003-01-31,19.4,6.0,80,12.8,0.0
2003-02-01,19.3,5.4,76,16.2,0.0
2003-02-02,21.6,11.1,86,27.7,0.1
2003-02-03,23.9,10.7,66,23.7,0.0
2003-02-04,13.3,4.2,50,17.3,0.0
2003-02-05,11.1,6.0,75,15.6,1.6
2003-02-06,12.8,6.0,86,27.1,2.2
2003-02-07,6.2,2.8,60,25.6,0.0
2003-02-08,4.3,1.5,75,8.7,1.8
2003-02-09,18.4,4.1,78,16.0,1.8
2003-02-10,15.0,5.6,63,22.1,0.0
2003-02-11,17.7,4.8,82,16.9,0.0
2003-02-12,19.4,8.7,91,13.2,1.0
2003-02-13,20.3,16.1,96,23.4,5.3
2003-02-14,22.7,18.0,93,23.1,4.2
2003-02-15,18.5,9.1,80,22.3,7.4
2003-02-16,10.7,2.9,55,27.6,0.0
2003-02-17,16.0,0.9,71,16.2,0.0
2003-02-18,20.9,7.1,81,28.9,0.0
2003-02-19,18.5,11.7,86,20.5,1.6
2003-02-20,11.3,9.7,97,17.1,58.5
2003-02-21,12.7,10.3,97,24.8,24.0
2003-02-22,19.7,9.5,65,25.1,0.0
2003-02-23,22.3,8.1,61,24.4,0.0
2003-02-24,6.9,-1.8,66,24.2,2.9
2003-02-25,-1.0,-3.0,85,23.4,2.1
2003-02-26,2.8,-1.6,89,12.6,0.0
2003-02-27,13.7,1.2,82,10.1,0.0
2003-02-28,12.8,3.1,86,9.9,0.0
2003-03-01,11.1,8.5,92,13.4,3.9
2003-03-02,11.5,9.6,93,17.1,1.6
2003-03-03,14.2,8.1,86,17.2,14.2
2003-03-04,18.3,4.9,87,16.4,0.0
2003-03-05,14.3,6.0,86,17.5,0.6
2003-03-06,17.7,2.2,68,17.7,0.0
2003-03-07,24.2,4.2,75,13.9,0.0
2003-03-08,18.1,8.8,87,12.6,0.0
2003-03-09,20.1,8.8,86,11.5,0.0
2003-03-10,21.4,7.6,80,10.1,0.0
2003-03-11,19.9,12.4,90,17.7,0.1
2003-03-12,23.6,17.0,91,21.5,0.4
2003-03-13,26.6,18.3,84,16.1,0.0
2003-03-14,23.7,13.2,79,9.2,0.0
2003-03-15,22.7,14.0,84,15.3,0.0
2003-03-16,23.8,13.8,83,10.7,0.2
2003-03-17,21.1,14.6,91,14.8,4.9
2003-03-18,21.5,12.6,69,24.0,10.8
2003-03-19,22.4,10.8,42,28.8,0.0
2003-03-20,17.7,11.9,58,22.5,0.0
2003-03-21,20.0,6.8,68,10.9,0.0
2003-03-22,18.2,8.7,76,10.7,6.0
2003-03-23,22.4,7.2,77,13.6,0.0
2003-03-24,23.6,10.8,77,21.3,0.0
2003-03-25,24.0,15.5,88,18.8,10.0
2003-03-26,22.0,11.9,72,22.0,0.0
2003-03-27,24.5,10.9,78,28.1,0.0
2003-03-28,15.7,10.1,62,27.2,0.5
2003-03-29,14.4,6.8,40,24.7,0.0
2003-03-30,18.8,2.5,48,13.9,0.0
2003-03-31,21.0,7.2,49,21.9,0.0
2003-04-01,22.8,11.0,64,28.1,0.0
2003-04-02,24.7,12.9,72,26.3,0.0
2003-04-03,24.8,17.2,82,22.8,1.0
2003-04-04,26.0,17.5,83,19.8,1.3
2003-04-05,26.4,17.5,84,16.7,0.0
2003-04-06,28.0,19.8,83,19.8,3.1
2003-04-07,25.8,15.9,79,25.5,0.1
2003-04-08,18.1,11.2,42,31.5,1.0
2003-04-09,20.1,6.3,44,15.7,0.0
2003-04-10,22.4,6.4,54,10.0,0.0
2003-04-11,23.3,11.8,60,16.7,0.0
2003-04-12,25.6,11.2,72,15.1,0.0
2003-04-13,26.4,14.2,70,18.4,0.0
2003-04-14,26.8,15.9,71,22.1,0.0
2003-04-15,27.2,16.8,71,31.4,0.4
2003-04-16,30.7,18.0,61,29.2,0.8
2003-04-17,28.5,14.7,66,16.9,0.0
2003-04-18,28.6,18.1,71,28.3,0.0
2003-04-19,27.5,20.1,76,27.1,1.2
2003-04-20,22.6,17.2,70,22.0,2.6
2003-04-21,25.1,14.8,53,17.7,0.0
2003-04-22,22.6,16.0,87,20.5,2.7
2003-04-23,26.4,18.3,85,28.5,3.5
2003-04-24,30.7,17.7,70,16.8,37.8
2003-04-25,26.8,14.7,57,17.0,0.0
2003-04-26,27.4,12.8,68,13.2,0.0
2003-04-27,28.3,15.6,69,20.0,0.0
2003-04-28,27.4,16.5,72,16.1,0.0
2003-04-29,25.7,17.9,84,17.4,0.8
2003-04-30,27.5,20.2,82,19.7,0.3
2003-05-01,29.9,20.6,81,18.7,1.0
2003-05-02,30.4,21.4,78,18.6,0.8
2003-05-03,28.7,21.6,82,20.0,0.5
2003-05-04,31.3,22.2,80,32.0,0.1
2003-05-05,32.3,23.0,79,19.5,0.7
2003-05-06,28.8,22.9,85,21.5,3.1
2003-05-07,31.6,23.7,78,21.1,0.0
2003-05-08,33.0,23.8,74,30.3,0.0
2003-05-09,32.4,22.8,73,27.2,0.0
2003-05-10,31.3,23.6,73,28.1,0.0
2003-05-11,25.5,21.7,69,22.6,0.1
2003-05-12,26.2,18.4,79,14.0,11.9
2003-05-13,30.9,21.5,77,22.7,0.5
2003-05-14,32.6,21.2,72,27.0,0.0
2003-05-15,33.1,22.2,73,23.1,0.0
2003-05-16,34.0,23.5,67,27.8,0.4
2003-05-17,30.4,20.3,59,19.5,0.0
2003-05-18,31.9,17.8,67,10.6,0.0
2003-05-19,33.7,21.4,68,16.4,0.0
2003-05-20,28.3,19.2,74,25.9,0.5
2003-05-21,26.8,17.9,72,17.2,0.0
2003-05-22,26.9,18.1,75,10.6,1.1
2003-05-23,29.4,20.5,66,12.9,0.0
2003-05-24,32.4,21.3,62,18.5,0.0
2003-05-25,29.9,21.2,67,17.4,0.0
2003-05-26,27.8,20.7,78,15.3,4.5
2003-05-27,27.1,20.0,75,18.1,1.6
2003-05-28,29.1,17.3,55,10.7,0.0
2003-05-29,33.4,17.2,53,9.0,0.0
2003-05-30,35.6,21.2,49,17.7,0.0
2003-05-31,35.4,22.0,47,17.9,0.0
2003-06-01,34.1,21.4,62,19.9,0.0
2003-06-02,34.6,23.5,64,22.5,0.0
2003-06-03,34.4,22.7,66,13.2,1.4
2003-06-04,31.7,22.9,81,17.7,5.1
2003-06-05,29.1,22.9,81,16.1,5.7
2003-06-06,29.3,22.4,71,18.6,1.6
2003-06-07,31.1,18.1,63,7.5,0.0
2003-06-08,30.5,21.1,62,15.8,0.0
2003-06-09,33.6,20.4,62,20.1,0.0
2003-06-10,31.9,24.5,74,21.0,0.2
2003-06-11,35.1,25.2,69,28.7,1.8
2003-06-12,35.0,24.9,68,27.4,0.9
2003-06-13,32.7,24.1,78,26.8,5.1
2003-06-14,27.6,20.2,84,10.7,5.3
2003-06-15,28.8,20.1,83,14.0,19.3
2003-06-16,29.9,19.7,73,11.5,0.0
2003-06-17,30.2,20.0,71,11.1,0.3
2003-06-18,31.5,20.5,66,9.6,0.0
2003-06-19,33.2,20.7,57,10.9,0.0
2003-06-20,33.5,21.4,58,10.1,0.0
2003-06-21,34.5,23.0,66,12.5,0.0
2003-06-22,34.7,24.2,67,16.5,0.0
2003-06-23,34.4,24.9,70,19.2,0.4
2003-06-24,34.1,25.5,70,21.3,2.4
2003-06-25,35.0,24.6,68,19.6,0.6
2003-06-26,35.1,24.5,70,19.1,3.1
2003-06-27,31.8,23.8,70,14.0,1.2
2003-06-28,33.8,23.1,65,12.6,0.0
2003-06-29,34.6,23.7,58,12.3,0.0
2003-06-30,33.4,22.6,56,15.5,0.2
2003-07-01,34.5,23.3,62,16.8,0.1
2003-07-02,34.9,23.7,64,12.1,0.0
2003-07-03,32.7,24.7,71,17.7,3.2
2003-07-04,30.6,23.7,78,11.9,8.4
2003-07-05,28.4,23.2,84,17.1,19.3
2003-07-06,31.2,22.7,76,18.7,2.9
2003-07-07,31.2,23.6,82,18.1,2.2
2003-07-08,29.3,23.7,85,16.2,13.1
2003-07-09,30.3,23.7,83,20.8,5.6
2003-07-10,32.1,23.5,76,16.2,0.0
2003-07-11,33.3,24.0,76,13.0,0.4
2003-07-12,32.6,23.6,70,14.6,0.2
2003-07-13,33.9,22.3,70,12.7,0.0
2003-07-14,34.6,23.0,64,12.7,0.0
2003-07-15,31.7,23.6,70,32.8,3.5
2003-07-16,29.8,23.4,81,20.8,1.6
2003-07-17,32.6,23.4,75,12.3,0.7
2003-07-18,34.3,23.4,67,12.0,0.0
2003-07-19,33.8,23.8,64,14.3,0.0
2003-07-20,34.3,23.1,63,15.9,0.0
2003-07-21,35.3,23.9,64,16.3,0.0
2003-07-22,35.0,24.4,65,17.8,0.0
2003-07-23,35.0,24.7,66,16.3,0.1
2003-07-24,34.7,25.3,66,18.7,0.8
2003-07-25,34.4,23.6,65,17.3,0.0
2003-07-26,34.7,24.5,63,19.3,0.0
2003-07-27,34.4,24.3,68,21.0,0.5
2003-07-28,34.4,23.8,66,15.5,1.4
2003-07-29,35.3,24.2,62,13.1,0.0
2003-07-30,36.0,25.0,59,16.2,0.6
2003-07-31,36.1,24.8,58,15.2,0.0
2003-08-01,36.7,24.9,54,17.9,0.0
2003-08-02,36.4,24.8,59,20.1,0.0
2003-08-03,36.2,24.7,57,18.4,0.0
2003-08-04,36.8,24.0,57,18.4,0.0
2003-08-05,36.4,24.4,57,19.0,0.0
2003-08-06,37.7,25.3,54,14.5,0.0
2003-08-07,39.6,26.4,45,11.0,0.0
2003-08-08,40.5,26.7,43,11.5,3.4
2003-08-09,35.2,25.7,71,17.8,3.3
2003-08-10,33.8,25.4,69,8.0,1.9
2003-08-11,34.9,25.6,61,13.5,0.9
2003-08-12,31.0,22.4,66,18.2,0.6
2003-08-13,30.5,21.5,65,15.8,0.1
2003-08-14,28.1,21.8,77,14.8,0.7
2003-08-15,33.8,21.8,63,15.8,0.0
2003-08-16,34.0,25.8,57,15.3,0.0
2003-08-17,35.1,24.3,62,8.6,0.0
2003-08-18,35.4,25.5,61,11.1,0.3
2003-08-19,35.3,24.9,59,15.9,0.0
2003-08-20,35.1,24.5,63,18.1,0.0
2003-08-21,35.1,25.2,63,13.0,0.1
2003-08-22,34.5,25.3,70,15.8,6.1
2003-08-23,32.5,24.2,65,9.9,0.0
2003-08-24,34.3,24.0,62,5.9,0.0
2003-08-25,35.1,25.2,58,10.0,0.2
2003-08-26,35.3,25.2,63,9.6,0.5
2003-08-27,35.3,25.4,60,15.4,0.0
2003-08-28,35.0,25.3,63,17.2,0.2
2003-08-29,35.0,24.9,64,17.7,0.1
2003-08-30,34.3,25.9,67,15.0,0.4
2003-08-31,26.5,23.6,87,22.5,17.1
2003-09-01,28.6,22.5,81,14.6,4.5
2003-09-02,28.5,24.1,73,9.4,0.1
2003-09-03,29.1,23.5,75,11.2,0.0
2003-09-04,30.9,22.9,72,12.8,0.0
2003-09-05,31.6,22.4,66,13.6,0.3
2003-09-06,31.1,20.9,61,12.4,0.0
2003-09-07,31.8,18.3,55,15.5,0.0
2003-09-08,31.7,19.7,52,13.7,0.0
2003-09-09,33.2,20.5,57,15.0,0.0
2003-09-10,33.4,24.1,74,20.0,1.3
2003-09-11,32.5,22.9,76,18.5,32.6
2003-09-12,27.4,20.1,75,18.6,26.1
2003-09-13,30.8,18.7,69,14.1,0.0
2003-09-14,27.4,20.4,81,15.8,0.4
2003-09-15,28.2,19.0,72,12.2,0.0
2003-09-16,29.5,19.5,75,15.5,0.0
2003-09-17,29.9,20.4,82,15.9,4.9
2003-09-18,27.5,22.3,81,18.5,1.3
2003-09-19,26.9,19.1,73,18.1,0.0
2003-09-20,26.4,19.5,78,12.0,8.2
2003-09-21,25.3,19.8,85,17.3,6.4
2003-09-22,28.7,17.7,72,10.3,0.0
2003-09-23,28.7,19.4,69,11.5,0.0
2003-09-24,28.2,18.9,74,13.4,0.3
2003-09-25,28.8,21.5,71,9.2,0.5
2003-09-26,27.3,21.2,73,9.8,0.6
2003-09-27,30.0,20.0,70,15.3,0.1
2003-09-28,28.7,19.8,40,16.4,0.0
2003-09-29,27.2,16.0,44,12.5,0.0
2003-09-30,26.9,14.5,50,9.7,0.0
2003-10-01,28.0,14.9,49,15.0,0.0
2003-10-02,26.4,16.3,55,12.5,0.0
2003-10-03,27.0,14.5,52,12.9,0.0
2003-10-04,28.3,16.4,69,8.5,0.0
2003-10-05,29.8,20.9,80,12.0,8.0
2003-10-06,27.3,20.5,85,11.2,1.6
2003-10-07,27.9,18.9,78,9.7,0.2
2003-10-08,29.5,19.1,80,14.3,11.7
2003-10-09,28.1,21.9,89,16.6,5.6
2003-10-10,26.2,20.4,80,17.3,0.0
2003-10-11,25.3,20.3,84,12.5,6.2
2003-10-12,25.2,19.7,82,14.9,3.7
2003-10-13,27.5,20.6,79,15.6,0.2
2003-10-14,23.4,15.2,60,28.6,0.0
2003-10-15,24.6,11.6,56,10.5,0.0
2003-10-16,28.3,13.7,76,17.7,0.0
2003-10-17,25.9,16.9,71,21.3,0.0
2003-10-18,25.7,12.8,61,10.5,0.0
2003-10-19,27.8,13.3,60,8.8,0.0
2003-10-20,29.1,14.6,63,9.8,0.0
2003-10-21,29.6,14.4,59,12.2,0.0
2003-10-22,32.8,16.5,55,12.7,0.0
2003-10-23,32.7,16.3,54,8.9,0.0
2003-10-24,30.7,16.8,56,21.6,0.0
2003-10-25,27.1,15.9,70,26.7,1.1
2003-10-26,16.7,13.5,48,24.8,0.8
2003-10-27,23.4,10.8,32,12.7,0.0
2003-10-28,28.3,10.8,39,15.0,0.0
2003-10-29,27.5,13.4,54,22.7,0.0
2003-10-30,29.6,18.1,77,28.0,0.0
2003-10-31,29.0,22.7,84,19.9,3.2
2003-11-01,28.7,20.5,75,17.1,0.1
2003-11-02,27.9,19.8,81,18.2,1.8
2003-11-03,27.5,20.0,75,20.9,0.1
2003-11-04,27.2,21.2,76,17.9,0.0
2003-11-05,27.8,21.2,74,14.1,0.1
2003-11-06,22.8,13.1,80,18.1,2.4
2003-11-07,13.3,11.5,71,16.7,0.0
2003-11-08,15.3,9.8,76,13.1,0.0
2003-11-09,14.0,11.9,86,12.7,0.0
2003-11-10,25.3,11.4,74,17.2,0.0
2003-11-11,26.1,17.4,87,21.7,0.3
2003-11-12,27.3,20.2,81,19.4,0.7
2003-11-13,20.1,16.7,34,25.0,0.2
2003-11-14,22.1,14.4,46,18.8,0.0
2003-11-15,24.6,18.9,84,19.6,2.0
2003-11-16,24.5,17.9,89,15.7,2.8
2003-11-17,24.1,19.5,93,23.7,15.2
2003-11-18,20.8,14.6,47,35.6,0.1
2003-11-19,22.5,10.1,39,16.6,0.0
2003-11-20,23.1,7.5,57,20.5,0.0
2003-11-21,24.1,12.0,70,22.4,0.0
2003-11-22,26.5,16.8,74,35.2,0.0
2003-11-23,21.0,6.7,58,29.7,2.4
2003-11-24,10.7,2.6,31,23.3,0.0
2003-11-25,17.0,2.8,55,23.1,0.0
2003-11-26,20.6,12.3,90,13.7,0.8
2003-11-27,22.6,9.7,59,32.6,0.0
2003-11-28,16.0,5.5,30,26.4,0.0
2003-11-29,17.1,3.1,43,18.3,0.0
2003-11-30,21.4,6.8,63,22.7,0.0
2003-12-01,21.3,11.3,77,10.1,0.0
2003-12-02,21.2,14.3,71,19.0,0.0
2003-12-03,22.2,11.3,66,16.4,0.0
2003-12-04,19.1,7.3,59,9.7,0.0
2003-12-05,12.6,6.3,49,27.3,0.0
2003-12-06,11.7,1.2,42,13.6,0.0
2003-12-07,17.3,2.6,56,20.8,0.0
2003-12-08,24.0,10.6,75,25.7,0.0
2003-12-09,21.3,9.2,55,37.0,1.1
2003-12-10,14.9,6.4,29,27.0,0.0
2003-12-11,16.8,3.0,40,17.0,0.0
2003-12-12,16.2,9.8,89,20.9,12.7
2003-12-13,13.3,4.1,66,22.6,0.3
2003-12-14,18.2,1.0,62,19.6,0.0
2003-12-15,22.6,9.7,70,28.4,0.0
2003-12-16,13.8,5.6,34,29.1,0.0
2003-12-17,18.2,1.4,35,16.1,0.0
2003-12-18,16.8,4.4,42,20.5,0.0
2003-12-19,16.8,2.4,48,10.1,0.0
2003-12-20,18.0,2.6,47,20.9,0.0
2003-12-21,21.8,7.9,73,31.2,0.0
2003-12-22,23.6,14.3,76,34.3,0.0
2003-12-23,16.1,6.3,45,27.5,0.0
2003-12-24,17.3,2.6,47,10.9,0.0
2003-12-25,16.9,6.0,66,16.5,1.7
2003-12-26,20.4,11.1,86,21.3,0.0
2003-12-27,22.9,17.4,86,32.4,1.2
2003-12-28,18.8,9.4,65,21.1,5.0
2003-12-29,14.4,4.4,28,18.9,0.0
2003-12-30,15.7,1.0,47,17.3,0.0
2003-12-31,19.6,4.7,82,19.4,0.1
2004-01-01,23.2,16.1,85,23.5,0.6
2004-01-02,25.1,17.1,83,24.4,0.0
2004-01-03,25.1,18.2,82,32.1,0.1
2004-01-04,23.0,11.8,70,24.6,0.4
2004-01-05,11.0,3.5,42,23.0,0.0
2004-01-06,4.0,-1.5,47,23.5,0.0
2004-01-07,8.3,3.4,51,11.9,0.5
2004-01-08,21.3,6.0,85,18.4,1.1
2004-01-09,16.9,7.1,53,20.9,0.0
2004-01-10,15.0,2.4,58,10.3,0.0
2004-01-11,16.5,1.9,68,15.9,0.0
2004-01-12,19.4,5.8,73,18.1,0.4
2004-01-13,21.5,10.6,78,9.9,0.0
2004-01-14,19.2,11.0,92,11.7,1.3
2004-01-15,17.9,14.7,93,14.1,15.0
2004-01-16,20.3,14.7,97,22.1,24.5
2004-01-17,22.6,11.3,73,25.2,1.3
2004-01-18,10.3,6.5,61,26.7,0.0
2004-01-19,11.2,2.2,48,17.4,0.0
2004-01-20,12.2,0.3,66,10.7,0.0
2004-01-21,14.7,2.8,80,8.0,0.0
2004-01-22,11.9,8.1,78,6.7,0.3
2004-01-23,15.0,11.0,83,10.5,1.2
2004-01-24,17.9,12.1,96,18.0,18.0
2004-01-25,21.8,10.6,58,23.4,0.0
2004-01-26,18.0,5.2,42,30.7,0.0
2004-01-27,10.1,-0.9,50,11.8,0.0
2004-01-28,13.4,-0.5,55,16.9,0.0
2004-01-29,14.5,9.2,82,15.3,2.6
2004-01-30,11.8,7.0,84,19.7,0.0
2004-01-31,16.4,3.5,80,15.0,0.0
2004-02-01,16.2,8.3,91,16.8,2.1
2004-02-02,14.4,4.3,63,22.8,0.0
2004-02-03,12.5,1.2,60,14.7,0.0
2004-02-04,13.8,6.8,89,21.5,23.5
2004-02-05,16.8,6.3,82,19.5,16.0
2004-02-06,11.8,4.1,62,22.9,0.0
2004-02-07,13.3,-0.6,64,11.1,0.0
2004-02-08,15.1,2.9,70,26.3,0.0
2004-02-09,17.4,12.7,91,20.9,14.2
2004-02-10,13.5,6.7,99,22.2,21.4
2004-02-11,8.1,6.2,98,19.9,10.2
2004-02-12,9.0,3.4,74,24.8,0.0
2004-02-13,4.7,1.2,66,16.3,3.3
2004-02-14,8.6,-0.1,70,23.2,3.8
2004-02-15,12.5,-0.7,72,9.6,0.0
2004-02-16,16.2,4.1,73,13.8,0.0
2004-02-17,18.8,6.0,68,12.6,0.0
2004-02-18,19.5,5.6,70,18.1,0.0
2004-02-19,21.6,9.5,78,31.8,0.0
2004-02-20,21.1,9.1,73,16.0,0.0
2004-02-21,18.5,7.9,66,13.8,0.0
2004-02-22,19.6,7.1,82,13.6,1.5
2004-02-23,21.4,13.8,86,12.4,0.4
2004-02-24,14.2,12.0,99,17.1,23.7
2004-02-25,11.4,5.8,77,27.2,0.8
2004-02-26,14.1,2.0,63,16.4,0.0
2004-02-27,15.9,1.2,71,16.5,0.0
2004-02-28,16.7,7.1,83,25.5,0.1
2004-02-29,17.2,8.6,78,28.7,8.0
2004-03-01,20.3,8.0,61,13.6,0.0
2004-03-02,21.1,11.4,83,15.6,3.0
2004-03-03,24.2,18.8,89,29.5,2.9
2004-03-04,23.5,14.3,89,33.1,16.5
2004-03-05,23.0,9.8,65,11.2,0.0
2004-03-06,21.8,10.1,58,17.8,0.0
2004-03-07,23.1,10.7,58,20.2,0.0
2004-03-08,19.4,8.6,51,13.4,0.0
2004-03-09,22.9,9.5,58,18.8,0.0
2004-03-10,21.1,6.1,61,19.2,0.0
2004-03-11,21.6,11.5,77,13.1,0.0
2004-03-12,16.6,12.0,80,15.0,0.5
2004-03-13,19.5,12.6,85,21.8,15.1
2004-03-14,20.5,15.5,91,19.2,4.3
2004-03-15,22.8,14.8,80,10.5,0.3
2004-03-16,22.2,13.4,84,13.4,0.6
2004-03-17,25.9,12.9,81,23.5,0.0
2004-03-18,25.0,16.1,84,22.0,0.0
2004-03-19,24.6,18.6,89,17.7,2.3
2004-03-20,24.8,17.8,85,17.3,0.3
2004-03-21,20.5,14.9,78,20.0,0.7
2004-03-22,20.8,11.1,56,15.1,0.0
2004-03-23,20.7,9.5,71,21.1,1.4
2004-03-24,22.6,15.9,80,26.7,3.0
2004-03-25,25.7,18.4,81,25.3,0.5
2004-03-26,25.1,18.3,82,26.3,1.5
2004-03-27,25.2,18.6,76,31.0,0.8
2004-03-28,25.1,18.7,80,21.1,0.9
2004-03-29,22.5,13.7,68,20.1,6.4
2004-03-30,26.8,8.9,56,12.3,0.0
2004-03-31,27.6,10.7,54,12.4,0.0
2004-04-01,26.6,11.9,54,17.7,0.0
2004-04-02,23.8,16.0,87,14.8,29.9
2004-04-03,24.4,16.3,80,11.9,1.0
2004-04-04,23.8,14.0,74,15.0,0.8
2004-04-05,21.9,13.9,83,18.9,1.9
2004-04-06,20.1,16.3,91,17.1,4.5
2004-04-07,27.8,15.9,69,19.5,0.0
2004-04-08,24.4,12.6,64,9.9,0.0
2004-04-09,27.2,14.5,70,17.7,0.0
2004-04-10,24.7,12.0,86,23.9,14.8
2004-04-11,13.9,10.2,77,22.3,6.8
2004-04-12,17.1,8.8,58,24.2,0.4
2004-04-13,18.2,7.1,59,19.4,0.0
2004-04-14,22.0,6.2,63,16.9,0.0
2004-04-15,25.2,10.6,69,26.1,0.0
2004-04-16,24.9,13.9,75,24.3,0.0
2004-04-17,25.6,16.2,77,25.2,0.0
2004-04-18,24.5,17.0,73,31.8,0.0
2004-04-19,25.4,17.2,76,26.3,0.9
2004-04-20,25.0,17.5,77,29.5,0.0
2004-04-21,26.8,18.8,78,23.4,0.0
2004-04-22,27.2,19.9,78,21.3,0.0
2004-04-23,27.4,21.6,82,27.0,4.8
2004-04-24,23.9,19.2,89,15.2,40.3
2004-04-25,22.6,18.6,90,17.3,23.8
2004-04-26,24.5,16.6,74,19.8,0.0
2004-04-27,25.9,12.8,66,9.7,0.0
2004-04-28,22.8,14.2,68,19.7,1.2
2004-04-29,27.7,17.8,80,24.8,6.7
2004-04-30,27.7,18.2,85,19.4,17.0
2004-05-01,20.5,14.1,76,27.4,29.6
2004-05-02,21.8,11.1,58,21.1,0.0
2004-05-03,26.3,11.2,60,14.1,0.0
2004-05-04,25.6,14.1,56,18.9,0.0
2004-05-05,25.8,14.9,73,19.7,0.0
2004-05-06,26.2,16.2,75,17.7,0.1
2004-05-07,25.7,16.9,78,16.3,0.1
2004-05-08,25.8,19.2,88,16.4,9.7
2004-05-09,25.6,19.0,85,21.1,1.7
2004-05-10,26.9,19.4,83,18.4,1.2
2004-05-11,24.9,20.6,90,22.6,11.3
2004-05-12,28.9,21.2,86,27.6,1.4
2004-05-13,26.9,20.5,88,27.1,3.7
2004-05-14,21.5,16.9,82,19.7,2.1
2004-05-15,23.2,15.1,80,14.0,0.0
2004-05-16,27.8,14.8,75,13.0,0.0
2004-05-17,27.7,19.3,82,18.4,0.9
2004-05-18,28.7,21.1,81,17.4,0.9
2004-05-19,29.1,21.5,79,16.2,0.0
2004-05-20,28.4,20.9,77,18.5,0.3
2004-05-21,29.1,21.2,74,22.0,0.0
2004-05-22,28.7,21.5,76,26.5,0.1
2004-05-23,28.7,21.2,75,24.5,0.0
2004-05-24,30.4,21.9,73,24.6,0.0
2004-05-25,30.7,21.0,72,25.3,0.0
2004-05-26,31.4,22.1,72,24.9,0.2
2004-05-27,31.9,21.5,69,26.2,0.0
2004-05-28,31.9,22.5,74,17.7,0.5
2004-05-29,31.5,23.3,75,29.3,0.1
2004-05-30,32.8,24.8,76,22.0,0.4
2004-05-31,35.5,24.3,73,17.9,1.7
2004-06-01,35.9,24.4,71,22.0,0.0
2004-06-02,33.8,21.5,73,22.8,9.3
2004-06-03,30.8,21.9,82,31.4,17.6
2004-06-04,31.7,21.9,77,13.9,0.6
2004-06-05,32.7,23.2,65,20.6,0.0
2004-06-06,30.9,22.2,70,26.9,1.6
2004-06-07,31.2,22.5,79,26.0,2.9
2004-06-08,23.9,21.8,97,25.0,44.8
2004-06-09,29.1,23.0,91,24.2,20.5
2004-06-10,29.7,22.1,81,24.9,4.0
2004-06-11,29.7,23.4,84,24.1,2.5
2004-06-12,30.3,23.6,78,23.3,0.2
2004-06-13,31.5,23.3,78,22.5,0.7
2004-06-14,30.2,23.1,80,10.8,0.0
2004-06-15,27.8,22.3,83,14.0,0.4
2004-06-16,30.4,21.1,83,12.5,0.8
2004-06-17,30.1,23.9,83,14.5,2.2
2004-06-18,31.8,23.8,77,12.7,0.0
2004-06-19,32.0,21.9,71,11.9,0.0
2004-06-20,32.3,22.5,71,15.1,0.0
2004-06-21,32.6,23.6,70,19.9,0.0
2004-06-22,31.2,24.1,77,19.4,2.0
2004-06-23,28.5,22.3,80,11.8,5.2
2004-06-24,29.9,22.4,81,8.5,1.5
2004-06-25,31.1,21.4,83,11.6,2.6
2004-06-26,27.5,21.5,89,9.5,29.6
2004-06-27,29.5,20.8,85,16.7,9.0
2004-06-28,30.0,22.8,87,14.8,12.9
2004-06-29,28.0,22.8,93,17.8,21.4
2004-06-30,28.7,23.0,91,22.4,14.7
2004-07-01,30.6,22.9,79,16.3,0.0
2004-07-02,31.2,23.3,76,19.0,0.0
2004-07-03,31.6,23.5,77,17.7,0.0
2004-07-04,31.7,22.9,76,17.4,0.0
2004-07-05,32.0,23.6,75,18.0,0.0
2004-07-06,32.1,24.1,75,19.2,0.0
2004-07-07,32.3,24.5,77,18.5,1.3
2004-07-08,31.8,24.0,77,22.2,0.3
2004-07-09,31.6,24.1,77,20.1,1.3
2004-07-10,31.6,23.5,78,20.5,0.6
2004-07-11,31.1,22.1,76,18.3,0.8
2004-07-12,32.4,21.6,68,15.1,0.0
2004-07-13,33.7,22.1,66,12.4,0.0
2004-07-14,35.2,22.7,58,10.8,0.0
2004-07-15,35.2,22.0,56,11.7,0.0
2004-07-16,35.0,23.2,59,12.9,0.0
2004-07-17,36.9,23.5,58,13.4,0.0
2004-07-18,35.4,26.0,48,17.9,0.0
2004-07-19,35.7,22.5,47,11.8,0.0
2004-07-20,34.3,22.6,59,14.1,0.0
2004-07-21,34.0,23.1,63,15.9,0.0
2004-07-22,34.4,24.1,68,19.3,0.4
2004-07-23,34.9,23.7,65,14.7,0.2
2004-07-24,35.7,23.4,60,10.7,0.0
2004-07-25,34.9,24.4,60,17.2,2.1
2004-07-26,31.4,22.1,58,17.5,0.0
2004-07-27,32.6,22.0,58,12.3,0.2
2004-07-28,32.8,23.7,72,17.2,1.4
2004-07-29,33.5,25.2,76,16.1,7.9
2004-07-30,31.7,23.3,81,11.5,9.9
2004-07-31,33.4,25.3,73,10.9,0.8
2004-08-01,34.9,26.0,69,11.7,1.2
2004-08-02,34.6,25.1,70,8.4,0.2
2004-08-03,36.2,24.8,60,8.5,0.0
2004-08-04,37.1,25.2,53,12.2,0.0
2004-08-05,37.9,25.3,51,11.1,0.0
2004-08-06,35.7,25.9,60,16.5,4.5
2004-08-07,33.3,24.6,54,14.2,0.0
2004-08-08,34.1,24.2,51,13.0,0.0
2004-08-09,33.8,23.7,50,11.7,0.0
2004-08-10,33.9,24.4,54,9.8,0.2
2004-08-11,35.9,24.3,58,18.7,0.0
2004-08-12,31.6,21.1,45,21.7,0.0
2004-08-13,32.0,19.0,44,9.4,0.0
2004-08-14,31.7,20.9,52,10.9,0.0
2004-08-15,31.4,21.8,49,12.9,0.0
2004-08-16,31.6,20.0,45,11.8,0.0
2004-08-17,32.6,20.6,49,13.3,0.0
2004-08-18,33.9,22.0,66,19.2,3.2
2004-08-19,33.5,24.3,75,18.8,3.7
2004-08-20,36.0,25.0,69,20.5,3.6
2004-08-21,29.5,23.5,89,17.7,24.9
2004-08-22,32.0,23.0,81,17.4,3.9
2004-08-23,31.2,24.9,84,16.9,4.6
2004-08-24,33.8,25.1,71,20.3,0.0
2004-08-25,34.2,25.1,68,19.7,0.0
2004-08-26,35.2,25.4,65,22.0,0.0
2004-08-27,35.2,24.6,64,20.4,0.0
2004-08-28,32.6,24.5,73,16.8,4.3
2004-08-29,31.3,23.0,78,9.7,5.1
2004-08-30,32.7,22.6,61,12.5,0.0
2004-08-31,31.9,21.8,50,13.4,0.0
2004-09-01,30.2,19.6,50,12.5,0.2
2004-09-02,29.4,20.9,56,7.4,0.1
2004-09-03,31.3,20.8,63,11.8,0.2
2004-09-04,31.8,22.0,72,12.3,0.0
2004-09-05,33.0,23.6,70,13.7,0.1
2004-09-06,31.1,24.2,74,22.1,0.0
2004-09-07,30.6,21.8,43,22.7,0.0
2004-09-08,30.2,22.0,37,15.9,0.0
2004-09-09,31.8,19.7,38,11.4,0.0
2004-09-10,32.6,23.8,39,12.1,0.0
2004-09-11,32.5,23.9,53,6.6,0.1
2004-09-12,34.3,24.4,48,11.0,0.0
2004-09-13,33.6,22.8,57,16.4,0.0
2004-09-14,31.1,23.9,82,14.8,7.5
2004-09-15,32.1,23.7,75,15.2,0.8
2004-09-16,34.5,23.6,59,9.2,0.0
2004-09-17,34.6,23.2,58,9.3,0.0
2004-09-18,34.4,23.5,58,14.3,0.0
2004-09-19,34.3,23.5,60,14.1,0.0
2004-09-20,33.2,21.8,54,16.1,0.0
2004-09-21,32.4,21.1,64,25.1,0.0
2004-09-22,31.6,21.7,67,18.9,0.4
2004-09-23,32.6,20.8,62,12.7,0.2
2004-09-24,31.3,21.2,61,18.1,0.0
2004-09-25,28.1,21.9,72,19.5,1.4
2004-09-26,30.9,21.2,58,14.1,0.0
2004-09-27,30.1,20.8,49,10.1,0.0
2004-09-28,30.5,21.1,52,14.0,0.1
2004-09-29,30.4,19.1,46,9.9,0.0
2004-09-30,31.3,18.8,47,15.9,0.0
2004-10-01,31.3,21.6,70,17.1,9.3
2004-10-02,25.2,21.1,88,14.6,22.4
2004-10-03,28.9,19.4,78,8.4,2.6
2004-10-04,26.8,20.2,87,19.2,4.1
2004-10-05,25.5,19.5,81,11.8,0.0
2004-10-06,28.8,18.8,80,17.6,0.9
2004-10-07,26.5,21.3,88,13.7,8.6
2004-10-08,27.2,21.1,80,19.5,0.1
2004-10-09,26.3,18.8,75,22.6,0.0
2004-10-10,25.8,18.7,72,20.2,0.0
2004-10-11,25.3,17.0,70,21.5,0.0
2004-10-12,24.7,15.8,69,17.8,0.0
2004-10-13,26.6,19.1,76,8.8,6.6
2004-10-14,19.9,13.1,58,28.5,5.0
2004-10-15,27.4,13.3,55,18.0,0.0
2004-10-16,28.0,15.4,62,15.1,0.0
2004-10-17,30.8,18.8,79,23.1,0.0
2004-10-18,31.0,23.0,76,24.6,0.0
2004-10-19,32.4,22.3,78,16.1,0.0
2004-10-20,31.5,22.7,82,12.7,0.1
2004-10-21,30.9,23.1,79,17.0,0.0
2004-10-22,30.3,22.9,79,20.5,3.1
2004-10-23,27.2,21.0,85,12.1,13.9
2004-10-24,27.2,20.7,87,15.5,0.8
2004-10-25,29.2,22.5,79,17.6,0.0
2004-10-26,28.6,21.8,80,16.9,0.4
2004-10-27,28.6,22.5,87,19.1,1.3
2004-10-28,29.0,22.6,81,21.5,1.6
2004-10-29,29.8,21.9,76,27.0,0.0
2004-10-30,29.2,22.3,77,18.4,0.0
2004-10-31,27.2,21.4,83,24.1,2.9
2004-11-01,24.3,17.7,76,20.3,28.7
2004-11-02,17.6,13.1,75,23.1,0.5
2004-11-03,15.6,9.3,64,20.4,0.0
2004-11-04,21.1,6.7,65,12.5,0.0
2004-11-05,20.6,8.0,68,9.5,0.0
2004-11-06,24.4,9.0,64,14.1,0.0
2004-11-07,25.9,9.6,61,12.0,0.0
2004-11-08,25.0,11.3,68,10.4,0.0
2004-11-09,23.1,11.9,70,16.3,0.0
2004-11-10,25.2,15.9,69,24.2,0.0
2004-11-11,19.0,10.8,61,24.1,0.0
2004-11-12,13.9,8.5,62,16.2,0.0
2004-11-13,13.6,10.7,74,15.5,2.6
2004-11-14,14.2,10.7,88,18.3,17.7
2004-11-15,19.8,13.6,88,17.8,2.2
2004-11-16,21.7,17.8,97,22.9,9.1
2004-11-17,19.8,13.2,94,18.2,41.5
2004-11-18,23.1,11.7,85,9.0,0.0
2004-11-19,20.9,12.8,87,7.2,1.5
2004-11-20,19.4,16.2,97,14.1,49.4
2004-11-21,21.5,17.7,95,14.2,9.7
2004-11-22,18.9,16.9,99,15.0,46.6
2004-11-23,21.8,14.5,94,29.5,13.1
2004-11-24,14.2,7.2,58,36.0,0.0
2004-11-25,16.5,5.2,71,16.6,0.0
2004-11-26,22.0,9.9,85,31.1,0.0
2004-11-27,17.6,9.4,59,27.9,0.0
2004-11-28,20.4,5.9,75,21.7,0.0
2004-11-29,24.5,10.3,81,24.0,1.7
2004-11-30,10.1,3.3,70,27.8,21.2
2004-12-01,13.2,1.4,67,12.3,0.0
2004-12-02,16.5,3.7,71,10.0,0.0
2004-12-03,12.8,4.7,77,9.9,0.0
2004-12-04,17.2,5.8,81,12.8,0.0
2004-12-05,20.9,13.6,91,26.4,1.2
2004-12-06,21.8,15.0,88,25.3,11.2
2004-12-07,18.9,10.1,54,22.5,0.0
2004-12-08,18.0,8.0,78,11.5,0.0
2004-12-09,22.7,9.3,64,22.1,0.0
2004-12-10,18.2,10.6,53,19.4,0.0
2004-12-11,19.4,7.1,62,16.7,0.0
2004-12-12,22.2,10.8,64,18.8,0.0
2004-12-13,13.4,7.0,48,30.1,0.0
2004-12-14,8.6,0.8,44,20.8,0.0
2004-12-15,10.7,-2.1,66,14.3,0.0
2004-12-16,14.5,6.4,81,19.0,0.0
2004-12-17,14.1,4.3,76,11.8,0.0
2004-12-18,17.5,3.2,68,14.3,0.0
2004-12-19,15.4,6.0,64,14.7,0.0
2004-12-20,17.8,6.3,58,27.3,0.0
2004-12-21,21.5,9.9,72,23.0,0.0
2004-12-22,10.1,1.4,71,28.6,7.9
2004-12-23,4.0,-3.0,49,25.3,0.0
2004-12-24,0.6,-2.8,41,21.1,0.0
2004-12-25,9.2,-3.5,59,11.1,0.0
2004-12-26,15.4,-0.9,68,11.7,0.0
2004-12-27,15.0,0.3,75,18.1,0.0
2004-12-28,19.4,8.6,77,21.4,0.0
2004-12-29,20.1,8.9,88,19.2,0.0
2004-12-30,21.4,15.5,87,26.4,0.0
2004-12-31,23.7,16.4,85,22.1,0.0
2005-01-01,22.5,16.8,87,20.3,0.5
2005-01-02,22.0,17.1,96,22.8,4.6
2005-01-03,24.4,19.3,87,26.6,1.6
2005-01-04,24.1,19.1,89,30.6,1.7
2005-01-05,22.1,7.0,84,28.9,3.5
2005-01-06,6.8,2.9,52,20.2,0.0
2005-01-07,16.1,3.0,86,9.2,0.2
2005-01-08,14.0,5.7,88,8.8,0.0
2005-01-09,20.7,6.7,88,19.5,0.0
2005-01-10,22.3,17.6,87,20.4,0.0
2005-01-11,23.5,16.8,84,23.2,0.0
2005-01-12,23.5,13.9,80,37.3,7.9
2005-01-13,14.9,6.7,43,28.9,0.0
2005-01-14,12.9,1.9,54,10.9,0.0
2005-01-15,12.4,2.3,63,11.3,0.0
2005-01-16,8.9,1.4,69,18.7,0.0
2005-01-17,10.6,-0.7,70,9.7,0.0
2005-01-18,10.6,4.7,61,10.6,0.1
2005-01-19,18.7,7.0,74,19.9,0.0
2005-01-20,21.2,8.9,82,14.1,0.0
2005-01-21,22.6,8.5,78,12.4,0.0
2005-01-22,17.2,6.0,63,29.7,0.0
2005-01-23,7.5,-0.2,39,25.6,0.0
2005-01-24,14.2,2.9,45,17.5,0.0
2005-01-25,23.1,7.7,65,19.6,0.0
2005-01-26,22.8,9.9,66,14.5,0.0
2005-01-27,14.7,7.4,90,19.4,38.4
2005-01-28,13.3,6.3,88,14.1,4.9
2005-01-29,15.3,5.2,87,10.4,0.0
2005-01-30,10.3,7.3,87,16.2,4.0
2005-01-31,7.3,5.7,93,23.7,10.8
2005-02-01,6.1,5.0,92,20.6,14.2
2005-02-02,8.9,3.9,73,22.3,0.0
2005-02-03,11.7,4.7,70,14.8,0.0
2005-02-04,12.8,3.3,77,8.4,0.0
2005-02-05,14.4,5.7,78,20.0,0.3
2005-02-06,20.2,11.7,88,21.0,2.3
2005-02-07,16.2,10.4,84,11.3,3.9
2005-02-08,16.7,9.2,90,9.0,1.2
2005-02-09,14.9,7.6,77,21.6,0.0
2005-02-10,13.7,4.5,55,14.1,0.0
2005-02-11,13.9,8.0,62,7.6,0.0
2005-02-12,18.3,8.8,78,24.3,3.3
2005-02-13,23.9,13.1,75,21.1,0.0
2005-02-14,24.4,9.3,66,12.8,0.0
2005-02-15,25.5,12.7,77,21.4,0.0
2005-02-16,18.3,11.6,74,20.3,0.0
2005-02-17,14.5,10.6,59,20.4,0.6
2005-02-18,12.0,8.2,65,11.2,1.1
2005-02-19,19.5,11.4,82,19.9,2.4
2005-02-20,23.5,16.7,88,23.2,0.6
2005-02-21,25.9,15.4,85,11.9,0.0
2005-02-22,24.8,17.0,83,16.1,0.0
2005-02-23,23.0,16.2,90,12.4,8.6
2005-02-24,16.2,9.5,86,24.7,8.2
2005-02-25,13.1,8.8,67,15.7,0.0
2005-02-26,9.9,8.0,87,12.5,20.4
2005-02-27,18.9,7.4,77,14.9,1.1
2005-02-28,18.3,6.8,71,14.1,0.2
2005-03-01,18.7,7.7,74,15.7,0.4
2005-03-02,16.8,10.5,88,15.0,17.4
2005-03-03,17.5,8.1,78,12.0,0.0
2005-03-04,18.4,6.4,82,13.3,0.0
2005-03-05,18.6,10.6,87,10.8,10.1
2005-03-06,16.3,13.2,95,16.1,9.0
2005-03-07,24.9,14.5,76,19.2,0.8
2005-03-08,19.1,7.5,54,14.3,0.0
2005-03-09,20.4,8.0,61,22.6,0.0
2005-03-10,24.0,6.7,65,17.1,0.0
2005-03-11,20.8,11.0,52,23.8,0.0
2005-03-12,24.9,10.1,62,28.3,0.0
2005-03-13,27.0,12.4,60,26.1,0.0
2005-03-14,17.2,7.6,52,22.1,0.0
2005-03-15,12.8,8.5,73,19.8,1.0
2005-03-16,13.3,6.9,62,22.0,1.1
2005-03-17,16.1,1.9,63,13.0,0.0
2005-03-18,22.4,7.1,66,25.5,0.0
2005-03-19,24.4,13.0,84,15.3,28.4
2005-03-20,24.3,14.7,80,17.0,2.2
2005-03-21,24.8,15.4,85,21.5,4.0
2005-03-22,22.5,10.9,51,22.2,0.0
2005-03-23,21.5,7.5,64,15.6,0.0
2005-03-24,24.6,12.4,76,21.6,0.0
2005-03-25,24.8,16.2,80,15.7,0.0
2005-03-26,17.5,11.9,81,25.5,4.4
2005-03-27,16.3,7.7,67,30.1,2.2
2005-03-28,22.2,5.5,65,19.7,0.0
2005-03-29,24.3,12.6,77,29.2,0.0
2005-03-30,28.3,16.8,63,15.9,0.4
2005-03-31,28.1,13.3,61,26.7,0.7
2005-04-01,20.5,11.1,33,35.9,0.0
2005-04-02,21.6,6.1,45,10.9,0.0
2005-04-03,22.7,7.7,57,21.8,0.0
2005-04-04,24.7,14.3,72,28.7,0.0
2005-04-05,28.9,16.9,75,30.4,3.4
2005-04-06,25.4,13.3,46,32.9,0.0
2005-04-07,26.7,14.6,48,24.3,0.0
2005-04-08,25.7,11.0,57,14.8,0.0
2005-04-09,27.8,13.8,68,26.1,0.0
2005-04-10,26.6,17.7,78,24.1,2.3
2005-04-11,25.4,13.8,58,22.7,16.5
2005-04-12,25.3,9.9,49,10.5,0.0
2005-04-13,28.0,12.8,51,11.2,0.0
2005-04-14,25.0,11.3,57,11.2,0.0
2005-04-15,24.8,13.2,59,12.0,0.0
2005-04-16,25.3,12.2,66,14.5,0.0
2005-04-17,24.3,13.4,74,20.3,0.4
2005-04-18,22.8,17.5,74,25.7,0.5
2005-04-19,25.8,17.5,75,24.3,1.1
2005-04-20,26.8,18.1,80,18.8,0.8
2005-04-21,27.3,18.8,80,18.4,0.3
2005-04-22,30.4,19.2,64,19.5,0.1
2005-04-23,22.8,14.4,32,24.7,0.0
2005-04-24,21.8,10.0,41,16.0,0.2
2005-04-25,22.3,12.8,81,23.5,9.2
2005-04-26,24.4,14.1,53,22.8,0.0
2005-04-27,28.3,11.3,48,25.1,0.0
2005-04-28,31.1,17.0,65,26.7,0.0
2005-04-29,31.7,19.5,67,23.2,0.0
2005-04-30,22.1,11.4,60,26.6,16.3
2005-05-01,22.9,9.4,56,11.7,0.0
2005-05-02,23.7,11.3,61,13.6,0.0
2005-05-03,23.4,14.3,54,17.6,0.4
2005-05-04,23.8,13.1,64,14.0,1.2
2005-05-05,25.1,12.8,65,11.7,0.0
2005-05-06,27.4,14.6,59,19.9,0.0
2005-05-07,27.1,17.4,69,23.5,0.4
2005-05-08,22.0,17.6,88,26.3,15.8
2005-05-09,30.0,17.1,79,16.9,0.4
2005-05-10,29.5,19.9,79,22.8,0.0
2005-05-11,28.2,19.5,77,25.8,0.1
2005-05-12,28.3,21.0,79,27.9,2.0
2005-05-13,28.1,19.6,77,22.3,0.5
2005-05-14,28.0,19.1,78,18.6,5.9
2005-05-15,28.4,19.2,57,13.2,0.0
2005-05-16,26.0,18.1,59,12.5,0.8
2005-05-17,27.2,15.7,75,17.0,0.0
2005-05-18,29.2,19.6,74,22.2,0.0
2005-05-19,28.7,21.0,75,19.9,0.1
2005-05-20,30.4,20.9,74,11.9,0.0
2005-05-21,34.1,20.5,62,9.2,0.0
2005-05-22,34.8,21.7,56,13.4,0.0
2005-05-23,32.8,20.7,57,16.7,0.0
2005-05-24,33.2,21.4,65,18.8,0.0
2005-05-25,33.9,20.4,66,13.7,0.0
2005-05-26,26.2,22.3,81,20.4,5.2
2005-05-27,30.7,20.5,65,8.4,0.0
2005-05-28,31.2,21.6,72,19.7,0.9
2005-05-29,27.6,21.0,90,19.1,38.3
2005-05-30,28.4,20.8,81,13.4,1.2
2005-05-31,29.8,19.1,75,9.4,0.0
2005-06-01,29.5,21.0,77,12.2,1.2
2005-06-02,31.9,19.6,71,17.4,0.0
2005-06-03,30.3,22.4,77,19.6,0.9
2005-06-04,32.7,24.1,73,25.5,0.0
2005-06-05,32.2,22.6,71,20.5,0.4
2005-06-06,31.8,21.6,71,16.1,0.4
2005-06-07,32.2,23.4,75,20.2,1.4
2005-06-08,32.0,25.0,78,19.2,4.9
2005-06-09,31.1,23.7,73,22.0,2.5
2005-06-10,32.7,23.7,68,22.7,0.1
2005-06-11,32.9,23.1,68,18.1,0.5
2005-06-12,33.4,21.9,65,21.2,0.0
2005-06-13,30.7,23.2,74,17.6,0.3
2005-06-14,34.4,23.5,67,14.4,1.5
2005-06-15,34.7,23.2,64,8.7,0.0
2005-06-16,35.2,23.8,57,15.1,0.0
2005-06-17,35.3,23.5,61,17.7,0.0
2005-06-18,35.2,23.8,61,14.4,0.0
2005-06-19,33.4,23.7,64,14.7,0.0
2005-06-20,34.2,24.7,55,12.9,0.0
2005-06-21,33.3,22.6,46,10.3,0.0
2005-06-22,33.2,21.9,49,12.1,0.0
2005-06-23,34.0,22.4,53,14.2,0.0
2005-06-24,34.6,21.9,50,14.8,0.0
2005-06-25,34.4,21.8,55,15.9,0.0
2005-06-26,33.6,22.6,56,13.5,0.0
2005-06-27,34.0,22.8,53,13.1,0.0
2005-06-28,35.2,22.8,53,13.2,0.0
2005-06-29,35.7,23.7,53,14.1,0.0
2005-06-30,35.6,24.3,59,16.8,0.0
2005-07-01,37.3,25.2,56,16.4,0.0
2005-07-02,37.7,25.2,55,18.0,0.0
2005-07-03,38.1,25.6,56,24.7,0.0
2005-07-04,37.7,25.9,58,24.0,0.0
2005-07-05,36.2,24.3,57,14.7,0.0
2005-07-06,38.3,25.7,44,9.8,0.0
2005-07-07,38.9,26.1,48,13.8,0.9
2005-07-08,35.5,24.7,66,12.0,0.4
2005-07-09,34.8,24.5,59,15.5,0.2
2005-07-10,36.0,24.4,55,11.1,0.1
2005-07-11,36.8,26.5,54,15.8,2.5
2005-07-12,36.5,25.4,58,16.3,0.3
2005-07-13,36.8,25.9,56,13.4,0.0
2005-07-14,35.3,26.6,65,14.5,4.2
2005-07-15,31.0,22.9,79,10.4,11.3
2005-07-16,29.4,24.2,83,14.1,2.8
2005-07-17,31.6,23.8,83,18.4,7.2
2005-07-18,32.7,24.7,80,17.7,5.1
2005-07-19,33.7,23.3,72,17.1,0.2
2005-07-20,31.9,24.4,81,14.8,8.9
2005-07-21,32.5,24.8,76,11.2,0.4
2005-07-22,34.5,23.8,74,12.7,4.8
2005-07-23,33.6,24.7,73,12.9,1.2
2005-07-24,33.4,24.1,70,15.9,0.2
2005-07-25,34.1,24.1,61,16.8,0.0
2005-07-26,35.4,23.8,63,20.6,0.0
2005-07-27,35.6,24.8,62,16.6,0.0
2005-07-28,35.2,24.7,64,10.2,3.7
2005-07-29,35.4,25.6,52,11.5,0.0
2005-07-30,35.2,25.0,56,10.5,0.0
2005-07-31,36.1,22.7,45,12.0,0.0
2005-08-01,35.6,22.9,42,11.6,0.0
2005-08-02,36.1,25.1,49,9.4,0.0
2005-08-03,35.3,25.9,53,13.9,0.0
2005-08-04,35.8,24.8,60,9.8,1.1
2005-08-05,33.2,23.4,67,7.6,6.0
2005-08-06,34.4,24.5,64,7.6,0.2
2005-08-07,34.7,25.1,60,13.8,0.5
2005-08-08,34.7,24.8,63,16.2,0.2
2005-08-09,31.2,24.3,74,13.4,2.3
2005-08-10,29.7,23.8,82,15.6,5.3
2005-08-11,34.8,23.9,63,19.3,0.0
2005-08-12,34.9,25.1,66,18.6,0.0
2005-08-13,34.1,25.1,67,18.5,0.2
2005-08-14,34.5,25.5,75,21.7,4.5
2005-08-15,33.1,25.2,73,17.3,1.3
2005-08-16,33.7,25.0,71,12.6,0.7
2005-08-17,34.8,24.5,63,14.1,0.0
2005-08-18,35.3,25.1,62,15.8,0.4
2005-08-19,35.2,25.4,66,19.1,0.2
2005-08-20,35.8,25.3,61,13.6,0.0
2005-08-21,36.2,24.0,54,11.2,0.0
2005-08-22,36.7,25.7,55,11.9,0.3
2005-08-23,36.9,26.3,53,14.0,0.3
2005-08-24,36.4,26.0,57,14.1,0.2
2005-08-25,36.3,26.0,55,11.7,0.0
2005-08-26,36.6,26.5,54,8.9,0.0
2005-08-27,37.0,26.8,51,14.9,0.0
2005-08-28,32.4,26.2,67,17.4,2.9
2005-08-29,33.8,25.5,55,19.2,0.0
2005-08-30,33.8,23.9,49,9.9,0.0
2005-08-31,36.2,24.1,47,11.6,0.0
2005-09-01,35.5,24.0,52,12.8,0.0
2005-09-02,34.4,24.5,59,19.7,0.3
2005-09-03,33.6,23.9,59,13.4,0.1
2005-09-04,34.8,24.2,52,9.5,0.0
2005-09-05,35.0,23.5,42,10.1,0.0
2005-09-06,33.5,22.9,53,13.6,0.0
2005-09-07,33.4,22.6,49,16.6,0.0
2005-09-08,34.0,21.6,42,10.1,0.0
2005-09-09,34.1,22.7,52,16.3,0.0
2005-09-10,32.0,23.4,71,15.0,1.9
2005-09-11,25.8,23.2,94,16.3,16.3
2005-09-12,29.5,22.8,82,12.5,0.7
2005-09-13,31.7,23.9,78,16.4,0.0
2005-09-14,33.8,23.9,69,19.6,0.0
2005-09-15,34.6,25.2,70,21.1,0.0
2005-09-16,31.8,25.0,76,15.5,1.7
2005-09-17,35.1,24.3,66,18.3,0.0
2005-09-18,35.1,24.3,64,16.9,0.0
2005-09-19,34.7,24.1,63,13.4,0.0
2005-09-20,34.4,22.8,59,12.3,0.0
2005-09-21,36.4,23.9,48,10.1,0.0
2005-09-22,37.0,23.7,44,10.2,0.0
2005-09-23,36.4,25.9,39,26.4,0.0
2005-09-24,35.9,27.3,45,27.4,0.0
2005-09-25,40.3,23.8,45,18.0,0.0
2005-09-26,40.4,26.0,45,18.1,0.0
2005-09-27,38.1,25.1,46,9.7,0.0
2005-09-28,40.2,26.4,42,10.7,0.0
2005-09-29,30.4,22.0,59,21.6,0.1
2005-09-30,29.8,20.5,60,15.7,0.0
2005-10-01,33.9,23.7,62,18.4,0.0
2005-10-02,33.0,23.6,69,18.0,0.6
2005-10-03,33.7,24.3,66,14.9,0.4
2005-10-04,32.8,23.6,69,13.7,0.4
2005-10-05,32.8,23.1,64,12.0,0.0
2005-10-06,28.3,17.3,60,24.8,0.2
2005-10-07,16.7,11.5,66,21.5,4.4
2005-10-08,25.2,16.1,39,10.9,0.0
2005-10-09,27.9,13.0,43,15.9,0.0
2005-10-10,21.1,19.2,80,13.3,13.9
2005-10-11,25.4,19.3,82,12.3,0.2
2005-10-12,28.3,19.1,76,8.9,0.3
2005-10-13,29.1,17.2,59,15.8,0.0
2005-10-14,29.0,20.3,53,11.7,0.0
2005-10-15,28.7,16.1,50,7.9,0.0
2005-10-16,28.5,16.6,49,10.5,0.0
2005-10-17,30.3,16.2,50,10.2,0.0
2005-10-18,31.5,17.9,49,13.0,0.0
2005-10-19,32.1,18.6,62,17.8,0.0
2005-10-20,32.8,20.5,58,16.9,0.0
2005-10-21,28.6,19.2,41,16.2,0.0
2005-10-22,26.4,15.0,50,15.3,0.0
2005-10-23,25.8,11.2,46,31.1,0.0
2005-10-24,18.2,9.1,34,25.8,0.0
2005-10-25,21.6,6.1,41,9.3,0.0
2005-10-26,23.6,7.7,35,13.1,0.0
2005-10-27,24.0,11.5,51,16.4,0.0
2005-10-28,22.8,10.3,45,13.7,0.0
2005-10-29,22.3,10.6,44,12.8,0.0
2005-10-30,25.6,16.3,63,17.5,0.0
2005-10-31,24.6,14.8,70,25.4,14.1
2005-11-01,21.0,10.1,40,16.9,0.0
2005-11-02,24.2,7.7,46,14.5,0.0
2005-11-03,25.4,10.3,59,19.3,0.0
2005-11-04,26.1,15.0,71,21.3,0.0
2005-11-05,29.3,17.1,68,21.7,0.0
2005-11-06,29.1,19.2,76,14.5,0.0
2005-11-07,28.5,20.4,78,17.6,0.2
2005-11-08,28.5,21.3,81,18.0,0.1
2005-11-09,28.4,22.1,76,16.5,0.0
2005-11-10,24.7,18.2,52,15.5,0.0
2005-11-11,27.0,17.1,66,20.2,0.1
2005-11-12,27.6,20.8,74,25.6,0.1
2005-11-13,27.8,20.1,82,15.1,3.1
2005-11-14,27.6,19.9,77,22.4,1.6
2005-11-15,26.8,11.8,60,31.3,0.3
2005-11-16,13.5,6.2,24,28.2,0.0
2005-11-17,15.0,2.6,34,11.8,0.0
2005-11-18,14.5,7.6,37,9.7,0.0
2005-11-19,17.0,7.8,40,13.3,0.0
2005-11-20,18.0,8.5,47,21.9,0.0
2005-11-21,19.6,5.1,50,10.4,0.0
2005-11-22,23.8,7.3,44,10.6,0.0
2005-11-23,28.2,10.3,36,14.5,0.0
2005-11-24,26.9,10.7,43,13.8,0.0
2005-11-25,24.9,13.6,81,17.2,0.8
2005-11-26,21.5,16.0,90,16.9,12.2
2005-11-27,28.1,15.4,64,26.5,0.0
2005-11-28,17.6,7.3,23,22.0,0.0
2005-11-29,14.5,3.5,45,9.0,0.0
2005-11-30,21.2,3.6,58,28.3,0.0
2005-12-01,16.2,7.0,48,22.7,0.0
2005-12-02,18.2,4.5,58,21.6,0.0
2005-12-03,26.5,16.0,80,26.4,0.0
2005-12-04,19.2,8.6,59,21.3,1.5
2005-12-05,11.7,4.4,43,22.7,0.0
2005-12-06,14.5,-0.1,44,15.9,0.0
2005-12-07,9.6,-1.0,86,24.3,8.6
2005-12-08,3.4,-2.8,47,26.5,0.0
2005-12-09,7.8,-2.9,39,11.3,0.0
2005-12-10,18.3,1.1,48,12.1,0.0
2005-12-11,16.6,3.6,43,14.5,0.0
2005-12-12,19.3,4.9,51,10.4,0.0
2005-12-13,20.9,7.2,80,23.1,0.0
2005-12-14,18.8,8.6,80,27.9,2.6
2005-12-15,14.4,4.2,35,19.1,0.0
2005-12-16,9.4,3.9,40,14.4,0.7
2005-12-17,8.9,3.9,75,10.8,3.1
2005-12-18,11.6,7.1,72,13.5,0.0
2005-12-19,13.5,6.0,59,11.0,0.0
2005-12-20,11.4,7.6,58,12.8,0.0
2005-12-21,12.6,4.6,67,7.7,0.0
2005-12-22,16.7,2.1,73,15.9,0.0
2005-12-23,21.2,5.8,71,23.7,0.0
2005-12-24,20.8,11.9,45,29.6,0.0
2005-12-25,22.9,8.3,31,16.6,0.0
2005-12-26,24.1,8.1,46,22.8,0.0
2005-12-27,28.7,12.8,53,20.1,0.0
2005-12-28,22.8,10.4,34,14.2,0.0
2005-12-29,22.6,10.2,45,17.7,0.0
2005-12-30,22.6,11.4,60,18.0,0.0
2005-12-31,24.1,7.7,49,16.9,0.0
2006-01-01,27.9,15.4,69,24.0,0.0
2006-01-02,25.5,12.9,21,17.2,0.0
2006-01-03,28.5,9.3,36,18.1,0.0
2006-01-04,25.0,12.7,38,15.9,0.0
2006-01-05,19.8,9.4,33,27.9,0.0
2006-01-06,18.1,7.3,28,16.6,0.0
2006-01-07,25.2,8.0,24,21.7,0.0
2006-01-08,24.8,11.2,42,24.2,0.0
2006-01-09,25.4,13.2,71,25.6,0.7
2006-01-10,16.0,6.4,41,25.0,0.0
2006-01-11,22.4,4.2,44,19.9,0.0
2006-01-12,24.5,12.1,77,29.4,0.0
2006-01-13,18.1,8.4,34,27.3,0.0
2006-01-14,19.5,3.0,29,15.1,0.0
2006-01-15,22.4,10.3,50,25.2,0.0
2006-01-16,21.0,12.8,77,32.6,1.4
2006-01-17,14.9,6.5,33,30.1,0.2
2006-01-18,21.7,6.1,29,26.2,0.0
2006-01-19,23.9,12.3,65,28.6,0.0
2006-01-20,23.3,15.3,67,26.4,0.0
2006-01-21,15.4,7.8,40,23.9,2.2
2006-01-22,9.5,8.1,91,18.7,7.3
2006-01-23,15.7,8.2,64,15.7,0.0
2006-01-24,19.9,3.8,55,11.4,0.0
2006-01-25,19.9,5.4,47,14.8,0.0
2006-01-26,16.5,10.1,53,14.0,0.3
2006-01-27,20.6,7.6,77,23.7,0.0
2006-01-28,19.9,11.7,86,28.0,9.5
2006-01-29,25.6,5.3,36,21.4,0.0
2006-01-30,19.8,8.8,39,19.8,0.0
2006-01-31,21.6,5.0,47,21.4,0.0
2006-02-01,19.3,12.7,93,17.8,30.4
2006-02-02,23.2,9.6,61,23.2,0.0
2006-02-03,16.9,6.9,57,32.8,0.0
2006-02-04,20.3,4.4,44,18.1,0.0
2006-02-05,25.0,4.6,54,29.5,0.0
2006-02-06,17.1,8.5,39,28.7,0.0
2006-02-07,17.6,2.7,47,9.1,0.0
2006-02-08,21.6,5.0,38,15.3,0.0
2006-02-09,20.4,5.0,52,18.3,1.1
2006-02-10,15.3,8.5,79,26.8,11.7
2006-02-11,10.5,3.1,31,28.2,0.0
2006-02-12,18.0,-1.5,32,25.0,0.0
2006-02-13,16.5,0.4,40,18.3,0.0
2006-02-14,22.6,5.5,57,19.8,0.0
2006-02-15,26.1,13.3,77,27.5,0.6
2006-02-16,27.1,17.0,76,29.4,0.1
2006-02-17,18.2,5.0,57,27.3,2.6
2006-02-18,4.7,1.3,76,23.1,0.8
2006-02-19,2.0,-0.3,81,16.2,0.0
2006-02-20,7.0,0.8,88,7.6,0.0
2006-02-21,12.3,5.1,96,10.1,0.4
2006-02-22,19.1,9.7,94,18.9,0.2
2006-02-23,20.0,6.9,64,18.5,0.0
2006-02-24,14.6,7.0,69,10.6,0.2
2006-02-25,16.8,11.4,90,16.8,12.2
2006-02-26,18.2,8.4,69,16.6,0.0
2006-02-27,22.5,7.2,67,25.4,0.0
2006-02-28,26.5,12.2,68,22.6,0.0
2006-03-01,28.6,14.1,69,21.7,0.0
2006-03-02,28.5,14.4,71,16.2,0.0
2006-03-03,23.5,16.6,72,13.1,0.1
2006-03-04,23.3,11.3,61,18.5,0.5
2006-03-05,26.5,17.1,72,22.6,0.2
2006-03-06,27.0,17.9,75,14.2,0.0
2006-03-07,26.7,17.9,76,24.4,0.1
2006-03-08,30.0,17.7,69,29.2,4.4
2006-03-09,25.4,15.0,41,29.9,2.5
2006-03-10,30.9,10.2,48,23.9,0.0
2006-03-11,29.9,18.6,76,21.7,0.2
2006-03-12,30.8,20.4,73,28.5,0.0
2006-03-13,23.3,13.4,38,23.9,2.3
2006-03-14,21.3,9.4,29,15.1,0.0
2006-03-15,21.7,9.1,49,18.7,0.9
2006-03-16,25.7,17.4,72,15.2,0.3
2006-03-17,20.3,14.7,57,20.0,0.1
2006-03-18,22.7,15.3,88,19.6,5.6
2006-03-19,24.8,18.9,87,18.7,4.4
2006-03-20,24.6,14.6,54,23.4,7.5
2006-03-21,18.2,6.9,39,20.6,0.0
2006-03-22,12.5,5.8,62,19.4,0.9
2006-03-23,12.0,5.6,62,27.5,1.8
2006-03-24,15.5,2.0,51,16.3,0.0
2006-03-25,20.2,4.3,45,13.8,0.0
2006-03-26,23.5,6.0,57,27.5,0.0
2006-03-27,22.0,15.5,76,22.5,1.7
2006-03-28,20.6,14.6,87,19.0,17.5
2006-03-29,24.1,13.2,84,19.8,0.0
2006-03-30,26.9,18.1,76,29.5,0.2
2006-03-31,27.6,19.0,78,17.1,0.1
2006-04-01,29.6,20.3,77,26.9,0.6
2006-04-02,30.2,20.8,71,21.6,0.0
2006-04-03,30.2,18.7,69,16.1,0.0
2006-04-04,30.1,17.3,53,19.7,0.0
2006-04-05,30.1,19.6,64,25.2,0.0
2006-04-06,32.0,18.8,65,28.3,0.0
2006-04-07,33.7,18.8,44,29.0,0.0
2006-04-08,24.1,13.4,42,25.0,0.0
2006-04-09,26.9,11.6,48,11.7,0.0
2006-04-10,28.1,13.5,49,20.8,0.0
2006-04-11,27.6,15.7,59,20.8,0.0
2006-04-12,26.9,17.8,68,16.6,0.1
2006-04-13,29.9,18.3,65,18.3,0.0
2006-04-14,31.1,15.1,58,24.7,0.0
2006-04-15,33.2,18.9,63,27.4,0.0
2006-04-16,34.1,19.4,62,24.1,0.0
2006-04-17,36.5,21.4,61,21.2,0.0
2006-04-18,35.8,20.0,62,19.7,0.0
2006-04-19,34.5,21.1,61,20.9,0.0
2006-04-20,31.3,21.4,69,22.3,3.1
2006-04-21,28.6,18.3,71,14.8,18.0
2006-04-22,30.7,16.3,60,16.7,0.0
2006-04-23,30.6,20.3,66,21.4,0.0
2006-04-24,28.4,21.8,74,19.0,0.5
2006-04-25,27.7,17.3,77,19.5,8.1
2006-04-26,24.1,14.9,62,19.5,2.8
2006-04-27,25.4,13.2,63,19.6,0.0
2006-04-28,30.0,19.3,73,31.3,0.2
2006-04-29,26.7,18.2,61,32.0,7.0
2006-04-30,31.0,12.9,44,20.7,0.0
2006-05-01,33.2,16.6,57,20.7,0.0
2006-05-02,31.1,21.9,71,23.5,3.0
2006-05-03,31.7,22.0,66,23.9,0.7
2006-05-04,32.2,20.7,69,17.9,4.9
2006-05-05,31.4,20.5,69,19.1,0.2
2006-05-06,27.3,20.4,82,17.8,16.9
2006-05-07,26.6,19.6,77,14.4,0.2
2006-05-08,29.4,21.3,73,14.5,0.3
2006-05-09,34.5,23.2,71,21.2,0.0
2006-05-10,31.8,20.9,66,31.4,0.0
2006-05-11,27.7,15.7,41,19.5,0.0
2006-05-12,30.9,14.9,37,19.8,0.0
2006-05-13,34.5,17.9,53,23.2,0.0
2006-05-14,28.5,22.0,78,22.2,0.8
2006-05-15,27.2,18.6,52,22.1,0.0
2006-05-16,30.7,14.2,42,21.8,0.0
2006-05-17,31.2,15.7,37,11.9,0.0
2006-05-18,33.6,16.2,36,12.4,0.0
2006-05-19,36.3,20.1,44,23.3,0.0
2006-05-20,34.7,20.6,53,22.5,0.0
2006-05-21,33.2,20.0,56,19.3,0.0
2006-05-22,33.4,22.1,60,19.7,0.0
2006-05-23,33.3,22.4,60,21.3,0.0
2006-05-24,34.4,22.1,59,21.2,0.0
2006-05-25,34.2,22.8,61,20.9,0.0
2006-05-26,34.9,22.6,60,23.6,0.0
2006-05-27,34.4,23.3,62,24.8,0.3
2006-05-28,31.6,24.2,71,22.6,1.4
2006-05-29,32.8,22.1,77,19.0,4.8
2006-05-30,30.2,23.4,76,18.6,1.2
2006-05-31,29.0,20.5,71,22.2,0.5
2006-06-01,28.0,20.3,76,14.4,8.1
2006-06-02,31.3,20.7,64,11.5,0.0
2006-06-03,33.7,20.9,57,10.9,0.0
2006-06-04,34.4,21.9,56,15.5,0.0
2006-06-05,35.0,22.4,57,18.7,0.0
2006-06-06,35.4,22.0,55,17.1,0.0
2006-06-07,36.2,22.8,58,17.7,0.0
2006-06-08,36.3,24.5,46,12.6,0.0
2006-06-09,36.2,24.0,48,16.3,0.0
2006-06-10,35.8,23.8,43,20.1,0.0
2006-06-11,35.3,22.7,57,17.3,0.0
2006-06-12,36.4,22.5,49,13.7,0.0
2006-06-13,38.6,23.9,39,12.8,0.0
2006-06-14,36.2,26.0,39,15.3,0.0
2006-06-15,34.4,23.8,59,23.8,0.0
2006-06-16,33.9,24.4,71,27.2,1.9
2006-06-17,34.4,25.2,70,24.3,4.0
2006-06-18,34.8,24.9,65,14.8,0.2
2006-06-19,36.4,23.5,61,23.2,0.0
2006-06-20,30.9,23.4,73,17.7,2.0
2006-06-21,33.8,24.0,69,21.7,1.2
2006-06-22,33.6,24.0,71,17.3,1.5
2006-06-23,34.0,24.1,64,13.2,0.3
2006-06-24,33.8,25.7,58,11.3,0.7
2006-06-25,35.5,24.4,47,16.9,0.0
2006-06-26,34.5,23.5,33,17.7,0.0
2006-06-27,33.9,22.2,30,10.6,0.0
2006-06-28,34.5,22.0,36,12.6,0.0
2006-06-29,33.4,22.5,46,13.4,0.0
2006-06-30,34.6,22.9,48,17.6,0.0
2006-07-01,33.0,23.8,71,14.3,5.7
2006-07-02,30.3,23.0,71,17.2,1.0
2006-07-03,31.9,22.9,70,15.0,1.1
2006-07-04,31.0,22.6,81,12.2,15.1
2006-07-05,30.9,22.4,85,9.7,8.7
2006-07-06,30.4,23.1,79,16.8,1.4
2006-07-07,31.7,23.9,67,16.1,0.2
2006-07-08,32.9,23.2,74,13.3,1.5
2006-07-09,33.2,23.9,74,19.6,0.7
2006-07-10,34.4,24.3,67,22.3,0.9
2006-07-11,36.1,24.6,63,23.0,0.0
2006-07-12,37.0,24.5,61,18.9,0.0
2006-07-13,36.6,24.8,61,17.7,0.6
2006-07-14,35.0,24.6,64,15.6,0.8
2006-07-15,36.9,24.9,54,12.8,0.3
2006-07-16,37.9,26.1,52,14.6,0.1
2006-07-17,38.8,26.6,49,15.4,0.0
2006-07-18,39.5,27.0,46,17.1,0.0
2006-07-19,37.6,25.8,52,15.1,0.0
2006-07-20,35.8,25.9,53,14.5,0.0
2006-07-21,36.7,25.5,53,13.1,0.0
2006-07-22,37.6,26.9,51,12.0,1.8
2006-07-23,37.9,27.6,42,14.2,0.0
2006-07-24,35.3,25.4,57,20.3,0.0
2006-07-25,33.9,25.1,64,18.3,0.2
2006-07-26,33.8,24.8,66,16.8,0.2
2006-07-27,34.5,25.2,66,24.1,3.1
2006-07-28,36.9,25.2,61,21.6,0.3
2006-07-29,36.8,25.4,62,20.5,0.2
2006-07-30,36.7,24.7,61,18.3,0.0
2006-07-31,36.8,25.4,60,23.8,0.0
2006-08-01,36.9,25.6,59,22.4,0.0
2006-08-02,35.5,25.3,62,21.6,0.2
2006-08-03,37.1,25.3,58,19.3,0.0
2006-08-04,37.9,25.2,58,21.4,0.0
2006-08-05,37.7,25.6,52,14.8,0.0
2006-08-06,37.5,25.9,55,15.0,1.4
2006-08-07,34.9,25.3,61,14.8,0.0
2006-08-08,36.7,25.2,57,17.5,0.0
2006-08-09,37.9,25.9,55,17.8,0.0
2006-08-10,38.7,25.9,53,21.9,0.0
2006-08-11,38.3,25.7,54,20.1,0.0
2006-08-12,37.8,26.0,54,20.6,0.0
2006-08-13,37.4,25.2,56,20.8,0.3
2006-08-14,37.9,25.4,56,18.2,0.0
2006-08-15,38.5,25.7,52,17.6,0.0
2006-08-16,39.5,25.6,51,18.8,0.0
2006-08-17,39.0,25.8,45,15.5,0.0
2006-08-18,38.1,28.4,45,19.9,0.0
2006-08-19,36.3,27.4,51,14.4,0.0
2006-08-20,37.5,27.1,51,15.4,0.0
2006-08-21,37.9,27.0,49,14.8,0.0
2006-08-22,37.6,26.8,50,18.7,0.0
2006-08-23,36.7,27.4,53,16.0,0.4
2006-08-24,38.3,26.7,53,19.2,0.1
2006-08-25,38.6,26.4,54,20.5,0.8
2006-08-26,38.2,26.8,57,22.5,0.0
2006-08-27,37.5,26.6,59,23.0,0.4
2006-08-28,35.6,26.8,57,20.9,0.0
2006-08-29,31.2,25.8,66,10.3,10.1
2006-08-30,33.8,23.3,51,12.0,0.0
2006-08-31,36.6,22.5,36,11.7,0.0
2006-09-01,37.5,24.5,39,12.3,0.0
2006-09-02,36.6,26.1,40,13.2,0.0
2006-09-03,33.5,26.2,45,11.9,0.0
2006-09-04,32.7,26.1,46,18.7,0.0
2006-09-05,27.1,21.1,67,12.8,2.5
2006-09-06,31.3,20.6,45,14.8,0.0
2006-09-07,33.1,20.0,39,10.4,0.0
2006-09-08,32.6,22.2,47,11.6,1.1
2006-09-09,28.3,22.6,77,11.8,9.3
2006-09-10,32.2,21.9,69,12.8,0.5
2006-09-11,32.0,23.6,71,12.1,3.5
2006-09-12,32.3,22.3,65,10.2,0.0
2006-09-13,31.7,23.0,44,14.6,0.0
2006-09-14,34.4,19.1,37,16.5,0.0
2006-09-15,34.6,24.0,66,18.5,0.6
2006-09-16,35.3,25.6,67,21.4,0.3
2006-09-17,31.7,24.6,83,21.5,5.7
2006-09-18,29.3,20.5,68,15.1,5.0
2006-09-19,29.8,17.3,43,12.4,0.0
2006-09-20,30.9,18.9,45,17.2,0.0
2006-09-21,34.6,19.1,62,26.6,0.0
2006-09-22,35.7,25.2,70,29.6,0.0
2006-09-23,33.2,23.4,79,28.3,18.9
2006-09-24,25.8,20.0,49,24.1,2.5
2006-09-25,27.3,16.2,51,8.8,0.0
2006-09-26,29.9,16.2,52,13.9,0.0
2006-09-27,33.0,18.6,51,21.4,0.0
2006-09-28,29.9,20.9,47,25.5,0.0
2006-09-29,31.6,17.8,45,15.5,0.0
2006-09-30,33.2,22.6,66,16.9,0.0
2006-10-01,32.8,22.7,67,20.5,0.1
2006-10-02,33.0,22.4,64,17.5,0.0
2006-10-03,32.2,22.6,65,15.0,0.0
2006-10-04,32.5,20.6,63,10.2,0.0
2006-10-05,33.4,20.5,52,9.2,0.0
2006-10-06,34.0,21.4,52,11.8,0.0
2006-10-07,30.6,20.3,47,11.3,0.0
2006-10-08,30.3,18.7,43,12.8,0.0
2006-10-09,29.9,18.1,53,13.0,0.0
2006-10-10,27.4,21.1,82,17.8,10.6
2006-10-11,31.5,16.3,63,15.9,0.0
2006-10-12,30.5,18.1,75,19.3,6.6
2006-10-13,24.6,14.0,59,16.1,0.0
2006-10-14,27.9,18.0,65,16.3,2.1
2006-10-15,24.6,20.9,92,16.1,7.7
2006-10-16,27.3,20.0,81,15.5,2.9
2006-10-17,32.2,16.7,60,18.1,0.0
2006-10-18,30.4,21.4,88,22.4,4.0
2006-10-19,21.1,13.1,54,26.7,0.0
2006-10-20,22.6,9.4,53,13.3,0.0
2006-10-21,29.3,14.6,64,25.9,0.0
2006-10-22,18.6,9.8,47,25.7,0.0
2006-10-23,20.9,8.7,43,11.3,0.0
2006-10-24,23.1,12.3,63,21.8,0.1
2006-10-25,21.4,19.1,88,19.2,23.9
2006-10-26,30.1,21.3,83,17.6,0.8
2006-10-27,21.9,14.2,41,35.6,0.0
2006-10-28,23.5,11.6,42,15.6,0.0
2006-10-29,25.4,10.5,52,20.6,0.0
2006-10-30,26.3,15.0,71,27.6,0.0
2006-10-31,27.3,17.8,71,19.1,0.0
2006-11-01,17.4,12.4,64,17.8,2.6
2006-11-02,17.0,10.1,52,21.3,0.0
2006-11-03,17.0,7.0,46,13.4,0.0
2006-11-04,20.4,11.4,64,16.1,0.7
2006-11-05,23.4,17.0,81,15.2,0.0
2006-11-06,24.3,16.2,86,12.4,13.7
2006-11-07,25.1,11.7,72,10.5,0.0
2006-11-08,28.4,14.6,65,20.0,0.0
2006-11-09,28.8,18.8,81,22.5,0.0
2006-11-10,30.0,17.5,70,29.1,0.0
2006-11-11,17.4,8.8,47,25.9,0.0
2006-11-12,20.6,5.9,62,17.6,0.0
2006-11-13,23.2,14.1,67,13.0,0.0
2006-11-14,28.7,17.9,71,22.2,0.0
2006-11-15,22.2,12.0,32,43.1,0.0
2006-11-16,18.4,8.1,27,20.5,0.0
2006-11-17,22.3,6.1,34,18.8,0.0
2006-11-18,22.6,7.3,62,10.0,0.0
2006-11-19,20.5,8.8,50,14.2,0.0
2006-11-20,17.8,6.9,44,10.5,0.0
2006-11-21,19.9,4.5,43,15.2,0.0
2006-11-22,22.8,7.1,56,18.4,0.0
2006-11-23,24.9,10.7,71,17.3,0.0
2006-11-24,24.4,14.1,73,19.3,0.0
2006-11-25,23.6,12.9,71,19.5,0.0
2006-11-26,24.0,14.3,69,18.6,0.0
2006-11-27,23.7,17.3,86,20.1,0.4
2006-11-28,27.7,18.9,77,22.2,0.3
2006-11-29,25.8,19.6,84,24.5,2.5
2006-11-30,20.8,1.9,67,37.3,10.3
2006-12-01,13.6,0.2,41,19.6,0.0
2006-12-02,14.3,2.7,50,11.1,0.0
2006-12-03,10.6,3.7,50,25.4,0.0
2006-12-04,10.9,-0.7,46,11.9,0.0
2006-12-05,15.5,1.3,45,16.7,0.0
2006-12-06,22.2,8.2,69,16.6,0.0
2006-12-07,14.8,5.9,50,25.7,0.0
2006-12-08,8.1,1.2,29,18.0,0.0
2006-12-09,10.8,4.7,31,13.8,0.0
2006-12-10,12.1,7.8,82,10.6,1.0
2006-12-11,20.6,12.5,88,18.8,0.0
2006-12-12,22.2,10.1,52,15.8,0.0
2006-12-13,23.3,9.9,34,13.1,0.0
2006-12-14,23.6,9.1,77,16.8,0.0
2006-12-15,23.6,14.9,82,19.1,0.0
2006-12-16,24.7,15.6,80,25.2,0.1
2006-12-17,25.6,16.6,79,21.4,0.1
2006-12-18,24.9,18.2,84,16.6,1.1
2006-12-19,20.7,17.4,91,20.0,7.7
2006-12-20,19.7,12.1,71,23.5,5.1
2006-12-21,17.7,7.3,60,10.8,0.5
2006-12-22,16.2,4.5,49,12.9,0.0
2006-12-23,13.9,4.5,68,21.6,8.0
2006-12-24,8.4,7.4,92,16.7,24.1
2006-12-25,12.3,5.4,58,30.2,0.5
2006-12-26,14.2,0.3,48,11.8,0.0
2006-12-27,17.7,3.3,64,24.8,0.0
2006-12-28,21.5,10.2,82,36.7,0.2
2006-12-29,20.9,11.5,89,25.7,9.4
2006-12-30,16.9,7.7,71,11.2,6.0
2006-12-31,14.2,5.9,59,21.8,0.0
2007-01-01,11.5,2.8,55,16.3,0.0
2007-01-02,11.5,0.7,68,9.7,0.0
2007-01-03,11.8,8.6,63,12.7,2.9
2007-01-04,18.4,7.1,78,16.3,16.1
2007-01-05,23.4,7.5,72,12.5,0.0
2007-01-06,11.5,9.3,86,23.5,6.8
2007-01-07,15.8,5.6,62,24.5,1.2
2007-01-08,15.8,1.0,54,13.3,0.0
2007-01-09,16.4,3.6,64,16.1,0.0
2007-01-10,18.1,4.1,70,28.1,0.0
2007-01-11,20.4,11.7,79,28.7,0.0
2007-01-12,21.5,17.0,89,22.0,2.5
2007-01-13,20.6,7.6,98,20.8,50.6
2007-01-14,12.0,4.6,95,20.7,6.8
2007-01-15,3.8,-0.7,65,27.0,13.1
2007-01-16,0.9,-1.5,60,23.2,7.1
2007-01-17,0.9,-1.5,83,15.5,5.4
2007-01-18,7.9,0.1,77,11.7,0.0
2007-01-19,6.6,4.0,79,16.3,0.9
2007-01-20,7.2,3.8,94,13.2,6.3
2007-01-21,18.0,1.2,79,11.4,0.0
2007-01-22,6.9,2.1,67,22.0,0.0
2007-01-23,6.1,4.7,68,16.2,3.2
2007-01-24,8.5,5.0,81,12.6,9.3
2007-01-25,15.2,2.4,73,13.5,0.0
2007-01-26,15.5,5.3,65,14.2,0.0
2007-01-27,18.5,8.9,71,25.0,0.5
2007-01-28,9.8,2.3,53,20.5,0.0
2007-01-29,11.2,-0.2,68,14.9,0.0
2007-01-30,12.3,7.2,73,19.0,0.1
2007-01-31,10.8,2.9,74,10.1,0.1
2007-02-01,12.2,6.7,92,17.0,2.3
2007-02-02,8.7,1.9,71,16.0,0.0
2007-02-03,10.3,-1.1,66,15.4,0.0
2007-02-04,17.4,0.8,71,11.3,0.0
2007-02-05,18.1,3.3,79,10.8,0.0
2007-02-06,19.2,5.1,74,18.6,0.0
2007-02-07,22.6,10.8,84,19.3,0.0
2007-02-08,15.7,9.5,86,15.5,1.4
2007-02-09,9.3,7.2,78,15.8,0.3
2007-02-10,10.5,3.5,68,16.5,0.0
2007-02-11,10.5,7.2,77,12.1,0.1
2007-02-12,18.4,10.7,92,18.2,1.9
2007-02-13,13.3,5.0,60,28.5,0.0
2007-02-14,6.3,-0.4,54,24.6,0.0
2007-02-15,6.9,-1.9,55,18.2,0.0
2007-02-16,10.9,-4.2,54,19.5,0.0
2007-02-17,16.6,3.7,52,25.1,0.0
2007-02-18,16.1,0.7,52,18.4,0.0
2007-02-19,22.0,6.5,67,28.8,0.0
2007-02-20,23.7,13.9,83,19.0,0.0
2007-02-21,26.0,11.6,57,12.2,0.0
2007-02-22,26.0,7.8,66,16.5,0.0
2007-02-23,21.6,15.3,89,24.6,1.5
2007-02-24,23.8,12.3,49,33.9,0.0
2007-02-25,20.8,7.0,33,15.0,0.0
2007-02-26,29.6,10.8,39,20.4,0.0
2007-02-27,26.1,9.8,74,20.5,0.0
2007-02-28,26.1,17.1,79,28.2,0.1
2007-03-01,21.0,9.7,42,27.6,1.7
2007-03-02,21.7,5.1,30,13.3,0.0
2007-03-03,16.1,6.0,28,26.6,0.0
2007-03-04,15.9,2.0,27,17.7,0.0
2007-03-05,20.4,1.4,32,9.5,0.0
2007-03-06,21.1,4.7,41,18.2,0.0
2007-03-07,24.0,7.6,65,15.2,0.0
2007-03-08,24.4,9.6,64,13.1,0.0
2007-03-09,25.2,12.0,73,15.9,0.3
2007-03-10,26.6,14.9,71,16.2,0.1
2007-03-11,21.3,14.5,83,24.0,18.1
2007-03-12,23.4,17.0,84,24.6,2.8
2007-03-13,20.1,16.2,94,18.4,14.9
2007-03-14,20.4,13.4,92,15.5,2.0
2007-03-15,24.4,14.0,82,8.0,0.0
2007-03-16,20.3,11.9,70,22.8,0.0
2007-03-17,22.5,9.0,67,17.9,0.0
2007-03-18,22.7,15.0,82,22.7,0.1
2007-03-19,24.4,18.0,75,28.2,0.5
2007-03-20,23.6,17.6,79,22.9,1.7
2007-03-21,25.2,18.3,81,25.8,1.7
2007-03-22,24.4,18.3,80,26.5,0.4
2007-03-23,24.4,18.9,81,26.0,0.7
2007-03-24,26.6,18.0,72,22.7,0.1
2007-03-25,25.0,19.0,80,18.7,0.3
2007-03-26,22.8,18.6,88,24.7,8.7
2007-03-27,26.8,15.9,82,19.6,0.1
2007-03-28,26.7,19.0,81,25.7,0.3
2007-03-29,25.6,20.0,89,24.7,15.9
2007-03-30,22.4,19.9,91,25.0,8.9
2007-03-31,23.6,13.0,67,19.5,18.0
2007-04-01,26.8,12.2,64,11.3,0.0
2007-04-02,26.4,17.0,84,18.9,0.4
2007-04-03,27.5,19.7,82,16.9,0.0
2007-04-04,20.7,16.1,74,25.3,0.9
2007-04-05,20.1,12.6,49,15.7,0.0
2007-04-06,18.0,11.2,55,22.2,0.0
2007-04-07,10.7,1.5,77,23.0,13.5
2007-04-08,7.9,1.5,77,14.0,3.5
2007-04-09,14.3,5.9,72,9.9,0.3
2007-04-10,25.6,12.7,77,20.6,0.1
2007-04-11,25.2,14.2,56,20.1,0.0
2007-04-12,25.2,11.0,60,28.5,0.0
2007-04-13,27.6,18.8,83,31.0,16.9
2007-04-14,17.9,10.8,60,31.1,0.5
2007-04-15,21.0,5.9,56,9.5,0.0
2007-04-16,21.8,7.8,65,23.5,0.0
2007-04-17,20.3,14.6,86,16.3,3.2
2007-04-18,24.2,11.9,71,20.4,0.0
2007-04-19,25.9,10.7,72,13.2,0.0
2007-04-20,25.4,15.0,73,18.7,0.0
2007-04-21,24.4,14.5,73,21.7,0.2
2007-04-22,23.9,18.1,80,23.2,0.7
2007-04-23,25.7,17.8,83,19.2,1.1
2007-04-24,25.6,21.0,87,31.2,2.0
2007-04-25,26.6,16.5,65,15.8,6.5
2007-04-26,26.3,11.7,57,11.8,0.0
2007-04-27,26.0,15.2,63,16.2,0.0
2007-04-28,28.3,15.5,72,9.9,0.0
2007-04-29,27.7,18.4,80,15.9,1.5
2007-04-30,26.0,20.7,87,27.4,2.8
2007-05-01,27.0,20.0,89,23.1,13.6
2007-05-02,26.6,19.1,90,20.2,80.6
2007-05-03,25.6,19.0,90,21.3,20.8
2007-05-04,29.5,19.7,86,19.5,0.3
2007-05-05,29.0,21.7,84,31.7,1.7
2007-05-06,28.6,23.1,85,28.4,19.5
2007-05-07,29.0,22.3,79,22.4,0.4
2007-05-08,27.9,19.9,76,17.5,0.0
2007-05-09,26.6,20.0,74,13.9,0.0
2007-05-10,25.9,17.8,83,11.6,12.1
2007-05-11,26.1,16.8,78,16.9,0.1
2007-05-12,27.9,17.0,67,9.6,0.0
2007-05-13,29.7,16.9,67,8.3,0.2
2007-05-14,30.0,18.5,68,11.3,0.0
2007-05-15,29.4,17.8,66,12.3,0.0
2007-05-16,26.7,19.2,66,20.5,0.0
2007-05-17,24.9,15.1,57,14.5,0.0
2007-05-18,26.1,14.4,53,15.3,0.0
2007-05-19,26.4,16.5,58,9.7,0.0
2007-05-20,25.7,17.7,62,14.5,0.6
2007-05-21,26.2,18.7,76,18.8,1.6
2007-05-22,28.4,20.0,79,23.5,0.1
2007-05-23,28.8,22.1,75,19.9,0.7
2007-05-24,28.9,21.4,84,20.8,12.3
2007-05-25,23.0,20.1,96,14.2,43.0
2007-05-26,24.4,19.7,95,11.9,33.4
2007-05-27,25.2,19.1,93,12.3,24.9
2007-05-28,25.5,18.8,92,15.1,7.6
2007-05-29,28.6,18.8,80,11.5,0.2
2007-05-30,28.4,20.4,87,19.8,2.2
2007-05-31,28.4,20.3,81,16.9,0.2
2007-06-01,29.4,21.4,79,19.8,0.6
2007-06-02,28.5,21.5,79,11.7,0.3
2007-06-03,30.7,21.3,78,13.7,0.1
2007-06-04,28.5,20.8,84,13.0,17.8
2007-06-05,30.3,18.3,72,8.2,0.0
2007-06-06,29.5,19.8,79,23.1,0.0
2007-06-07,32.5,23.5,76,29.0,0.0
2007-06-08,31.5,24.6,82,18.1,2.4
2007-06-09,31.1,23.5,77,14.2,0.1
2007-06-10,31.3,22.3,77,14.4,0.0
2007-06-11,31.8,21.0,72,11.6,0.0
2007-06-12,31.8,21.3,71,11.6,0.0
2007-06-13,32.5,21.7,71,8.5,0.3
2007-06-14,31.8,23.2,69,9.9,0.0
2007-06-15,31.8,22.9,74,17.6,0.1
2007-06-16,27.7,22.0,87,15.1,13.3
2007-06-17,29.1,21.5,91,17.3,35.8
2007-06-18,32.2,23.6,77,24.4,0.1
2007-06-19,32.2,24.3,77,19.7,0.0
2007-06-20,29.7,24.1,86,15.8,7.4
2007-06-21,28.4,22.7,89,10.8,17.0
2007-06-22,27.8,22.0,88,14.6,8.7
2007-06-23,29.3,21.8,76,17.0,0.0
2007-06-24,28.7,20.1,77,17.3,1.0
2007-06-25,29.3,21.8,89,18.4,21.7
2007-06-26,29.4,22.6,90,20.1,19.8
2007-06-27,29.6,22.8,84,24.0,17.0
2007-06-28,26.2,22.4,93,18.3,32.3
2007-06-29,30.2,21.9,83,11.8,4.1
2007-06-30,29.8,23.2,82,15.1,1.5
2007-07-01,29.9,23.5,84,17.3,1.1
2007-07-02,27.7,22.4,91,14.3,7.8
2007-07-03,29.0,21.8,90,11.8,14.3
2007-07-04,26.1,21.7,93,16.3,31.2
2007-07-05,26.1,21.7,95,9.2,27.4
2007-07-06,29.5,22.4,83,12.7,0.8
2007-07-07,30.1,21.9,88,12.0,16.6
2007-07-08,30.1,22.9,83,16.7,0.2
2007-07-09,31.0,24.4,79,17.4,0.0
2007-07-10,32.0,24.9,76,20.5,0.0
2007-07-11,31.6,22.9,78,12.2,0.0
2007-07-12,31.5,23.1,78,14.4,0.0
2007-07-13,32.1,23.0,77,15.5,0.0
2007-07-14,29.8,23.4,83,11.5,3.9
2007-07-15,30.3,21.5,81,11.0,0.9
2007-07-16,30.3,21.7,79,12.3,0.3
2007-07-17,30.1,22.2,85,18.1,4.2
2007-07-18,27.1,21.8,86,21.4,0.5
2007-07-19,28.2,22.0,91,13.6,8.8
2007-07-20,26.3,22.7,96,13.1,16.6
2007-07-21,29.8,22.0,89,11.7,9.6
2007-07-22,30.8,21.2,82,7.2,0.3
2007-07-23,31.0,22.8,80,10.2,0.7
2007-07-24,27.8,22.3,86,7.7,9.0
2007-07-25,28.1,21.1,80,12.4,0.1
2007-07-26,27.4,21.4,91,14.1,27.1
2007-07-27,27.6,22.1,90,11.5,3.0
2007-07-28,30.0,21.8,87,8.0,3.3
2007-07-29,29.8,22.9,86,9.1,0.8
2007-07-30,31.1,23.2,82,11.4,0.4
2007-07-31,31.7,23.9,78,12.1,0.0
2007-08-01,32.2,23.4,77,10.3,0.0
2007-08-02,30.3,23.6,86,13.0,9.0
2007-08-03,30.6,23.5,85,10.4,1.7
2007-08-04,30.7,22.7,82,11.4,0.3
2007-08-05,31.6,23.3,78,17.5,0.1
2007-08-06,32.4,25.0,76,18.7,0.0
2007-08-07,32.2,24.4,77,19.0,0.0
2007-08-08,32.6,24.2,75,18.4,0.0
2007-08-09,32.6,23.1,75,13.2,0.0
2007-08-10,32.5,23.5,73,8.3,0.0
2007-08-11,34.2,24.3,69,8.0,0.0
2007-08-12,35.2,25.0,63,9.5,0.0
2007-08-13,36.2,23.9,55,13.5,0.0
2007-08-14,35.9,23.7,55,8.7,0.0
2007-08-15,35.8,24.4,58,12.7,0.0
2007-08-16,28.1,24.9,89,30.6,20.9
2007-08-17,30.4,24.5,91,15.3,21.0
2007-08-18,31.0,25.1,81,18.7,1.5
2007-08-19,31.2,24.1,79,19.1,0.4
2007-08-20,30.7,24.0,78,15.9,0.3
2007-08-21,31.1,23.1,77,15.0,0.2
2007-08-22,31.9,24.0,79,15.0,0.2
2007-08-23,31.6,24.7,80,15.0,0.6
2007-08-24,31.9,24.5,75,13.8,0.0
2007-08-25,32.3,24.2,75,13.7,0.0
2007-08-26,32.5,23.8,75,6.3,0.6
2007-08-27,33.2,23.8,73,15.1,0.5
2007-08-28,32.0,23.4,76,10.2,0.1
2007-08-29,31.7,23.2,79,12.8,1.3
2007-08-30,32.0,23.5,78,8.0,3.6
2007-08-31,32.6,24.2,68,13.2,0.0
2007-09-01,32.4,22.7,63,13.0,0.0
2007-09-02,31.1,21.2,71,11.6,4.2
2007-09-03,28.7,22.6,87,7.6,13.4
2007-09-04,26.8,22.8,91,16.1,12.3
2007-09-05,31.0,23.6,78,19.7,0.7
2007-09-06,31.2,23.8,75,19.8,0.0
2007-09-07,32.6,24.2,75,16.9,0.0
2007-09-08,32.3,24.4,76,11.2,0.0
2007-09-09,32.6,23.7,76,8.7,0.6
2007-09-10,32.0,23.7,73,11.4,0.2
2007-09-11,26.8,22.7,80,19.5,5.7
2007-09-12,28.1,20.8,68,13.0,0.0
2007-09-13,30.7,19.8,66,9.0,0.0
2007-09-14,31.3,21.3,69,8.0,0.3
2007-09-15,31.5,21.6,64,10.2,0.3
2007-09-16,31.9,21.1,64,10.3,0.0
2007-09-17,32.3,20.2,64,11.0,0.0
2007-09-18,32.2,22.1,71,15.0,0.5
2007-09-19,32.9,22.6,69,14.0,0.0
2007-09-20,32.8,22.8,58,9.5,0.0
2007-09-21,32.9,20.5,55,9.8,0.0
2007-09-22,34.0,20.4,52,9.1,0.0
2007-09-23,32.1,21.1,51,14.0,0.0
2007-09-24,32.7,19.2,58,11.6,0.0
2007-09-25,33.0,21.4,60,10.7,0.0
2007-09-26,32.7,22.6,65,10.1,0.0
2007-09-27,34.5,22.7,61,13.5,0.0
2007-09-28,32.7,22.5,66,15.6,0.0
2007-09-29,32.0,22.1,67,18.0,0.1
2007-09-30,31.7,23.4,79,17.3,2.4
2007-10-01,31.5,23.4,74,11.7,0.0
2007-10-02,31.5,23.0,68,13.3,0.0
2007-10-03,32.0,22.0,61,12.7,0.0
2007-10-04,32.7,20.0,51,9.4,0.0
2007-10-05,31.8,20.6,59,7.7,0.0
2007-10-06,31.5,23.7,66,14.8,0.0
2007-10-07,29.7,21.7,74,10.9,1.0
2007-10-08,32.0,23.1,75,10.3,0.9
2007-10-09,30.1,23.0,68,19.5,0.2
2007-10-10,30.9,20.0,52,10.2,0.0
2007-10-11,30.8,18.2,42,11.9,0.0
2007-10-12,30.1,17.4,47,12.3,0.0
2007-10-13,30.2,18.5,60,20.5,0.0
2007-10-14,29.9,20.0,75,24.2,8.0
2007-10-15,30.2,21.5,81,19.8,1.9
2007-10-16,23.8,19.1,84,11.4,5.8
2007-10-17,31.1,20.7,76,20.4,0.8
2007-10-18,31.6,20.6,56,18.8,0.0
2007-10-19,28.4,14.0,31,14.0,0.0
2007-10-20,30.8,15.0,56,21.4,0.0
2007-10-21,30.4,18.3,63,20.5,0.0
2007-10-22,22.1,12.7,65,33.4,8.7
2007-10-23,21.8,10.7,36,23.7,0.0
2007-10-24,25.9,12.2,39,29.1,0.0
2007-10-25,21.1,9.7,42,18.7,0.0
2007-10-26,23.5,9.2,39,9.6,0.0
2007-10-27,23.4,9.0,47,16.4,0.0
2007-10-28,23.8,11.1,58,13.9,0.0
2007-10-29,23.8,10.4,58,14.5,0.0
2007-10-30,24.8,10.9,53,9.0,0.0
2007-10-31,27.0,10.8,62,10.1,0.0
2007-11-01,24.7,14.0,62,16.4,0.0
2007-11-02,26.3,11.8,64,7.9,0.0
2007-11-03,26.5,14.0,64,8.7,0.0
2007-11-04,27.7,14.4,61,14.6,0.0
2007-11-05,28.8,16.5,67,23.4,0.0
2007-11-06,19.7,15.0,43,25.4,0.0
2007-11-07,18.4,14.4,32,10.8,0.0
2007-11-08,24.7,12.6,66,20.8,0.0
2007-11-09,28.2,17.0,73,16.1,0.0
2007-11-10,26.9,19.1,78,20.8,0.3
2007-11-11,26.7,18.6,71,22.5,0.0
2007-11-12,26.7,17.4,75,16.6,0.0
2007-11-13,27.9,19.4,72,18.0,0.0
2007-11-14,29.4,17.4,63,27.5,0.0
2007-11-15,18.2,11.2,18,29.1,0.0
2007-11-16,20.5,8.0,28,19.4,0.0
2007-11-17,23.6,14.6,78,20.5,12.0
2007-11-18,23.0,17.2,87,7.0,2.6
2007-11-19,25.3,14.9,82,12.6,0.0
2007-11-20,25.5,18.6,87,19.9,0.3
2007-11-21,27.0,11.7,69,28.7,0.0
2007-11-22,10.6,5.5,45,26.7,0.8
2007-11-23,7.8,5.5,59,18.8,0.1
2007-11-24,7.3,5.1,89,23.2,19.6
2007-11-25,8.1,4.6,87,19.1,13.8
2007-11-26,14.9,2.4,68,10.6,0.0
2007-11-27,15.2,2.9,72,8.3,0.0
2007-11-28,18.7,4.7,83,17.4,0.0
2007-11-29,17.0,7.5,66,20.8,0.0
2007-11-30,20.0,9.7,87,17.6,0.2
2007-12-01,23.5,17.6,90,28.9,0.9
2007-12-02,26.3,15.0,70,24.6,0.0
2007-12-03,14.3,6.2,46,24.9,0.0
2007-12-04,19.2,2.8,60,13.6,0.0
2007-12-05,22.5,6.6,64,12.4,0.0
2007-12-06,19.4,7.6,80,19.9,0.0
2007-12-07,24.1,17.0,87,20.8,0.1
2007-12-08,25.9,19.8,87,24.5,0.2
2007-12-09,25.6,11.7,86,22.0,3.8
2007-12-10,19.9,9.0,91,20.1,1.0
2007-12-11,25.0,18.6,90,29.9,12.0
2007-12-12,16.5,6.0,92,24.3,10.2
2007-12-13,15.2,4.6,74,15.3,0.1
2007-12-14,17.1,11.3,92,10.3,2.8
2007-12-15,17.6,4.9,64,34.9,25.7
2007-12-16,10.0,0.9,50,17.9,0.0
2007-12-17,11.9,0.1,64,14.3,0.0
2007-12-18,21.5,7.0,83,18.2,0.0
2007-12-19,19.7,9.7,92,15.1,1.7
2007-12-20,20.9,9.0,65,21.1,0.2
2007-12-21,21.5,6.6,63,20.2,0.0
2007-12-22,18.7,4.7,52,29.2,0.0
2007-12-23,10.9,0.2,43,26.6,0.0
2007-12-24,13.5,0.8,55,10.3,0.0
2007-12-25,16.7,1.4,65,19.7,0.0
2007-12-26,14.0,4.7,68,32.6,2.4
2007-12-27,14.1,0.4,73,21.4,0.6
2007-12-28,13.6,4.9,49,22.2,3.9
2007-12-29,13.7,1.0,68,10.2,0.0
2007-12-30,18.5,3.6,60,12.2,0.0
2007-12-31,20.9,6.5,52,22.6,0.0
2008-01-01,11.8,2.9,32,21.4,0.0
2008-01-02,9.0,-2.0,47,13.4,0.0
2008-01-03,9.7,-1.6,49,16.1,0.0
2008-01-04,18.5,2.9,78,25.1,0.0
2008-01-05,23.3,14.2,79,24.4,0.0
2008-01-06,24.5,15.3,79,32.1,0.0
2008-01-07,24.2,17.9,87,35.0,1.2
2008-01-08,20.8,9.6,62,25.0,2.3
2008-01-09,17.9,4.8,55,14.8,0.0
2008-01-10,18.6,7.7,56,22.2,0.0
2008-01-11,18.5,4.5,48,16.3,0.0
2008-01-12,20.0,7.4,56,23.3,0.0
2008-01-13,16.2,3.3,51,17.8,0.0
2008-01-14,16.3,3.3,55,10.1,0.0
2008-01-15,13.3,7.7,59,16.6,6.8
2008-01-16,17.1,6.8,75,11.1,1.0
2008-01-17,8.6,1.4,41,21.4,0.0
2008-01-18,5.4,2.3,76,19.1,11.0
2008-01-19,9.3,0.4,60,19.5,0.0
2008-01-20,11.6,-3.0,59,19.6,0.0
2008-01-21,14.6,7.3,87,16.5,6.1
2008-01-22,16.1,4.4,90,21.0,0.7
2008-01-23,5.7,2.6,76,14.8,1.9
2008-01-24,7.4,3.6,60,22.4,0.8
2008-01-25,5.3,4.2,79,10.1,1.5
2008-01-26,19.0,2.0,81,8.9,0.0
2008-01-27,18.9,4.0,81,13.7,0.0
2008-01-28,20.1,10.1,93,25.5,0.0
2008-01-29,23.4,7.3,58,33.9,0.0
2008-01-30,12.7,1.3,47,21.9,0.0
2008-01-31,14.6,7.0,51,36.5,8.0
2008-02-01,14.7,0.6,45,21.6,0.0
2008-02-02,21.8,6.8,72,18.9,0.0
2008-02-03,24.3,15.9,86,21.1,0.0
2008-02-04,26.1,18.9,82,28.0,0.3
2008-02-05,24.4,15.1,65,25.0,0.5
2008-02-06,15.2,4.9,38,21.9,0.0
2008-02-07,17.7,5.4,44,20.0,0.0
2008-02-08,24.8,4.8,49,23.0,0.0
2008-02-09,23.6,6.6,51,11.4,0.0
2008-02-10,22.7,8.2,64,14.0,0.0
2008-02-11,21.2,14.0,91,24.9,5.1
2008-02-12,18.1,9.5,67,29.5,12.1
2008-02-13,17.8,3.6,51,20.6,0.0
2008-02-14,23.3,8.4,68,29.5,0.0
2008-02-15,23.0,14.2,90,18.4,22.1
2008-02-16,20.5,8.1,94,27.5,36.1
2008-02-17,19.8,7.9,49,18.6,0.0
2008-02-18,15.2,5.1,62,16.6,0.0
2008-02-19,17.8,4.9,63,17.2,0.0
2008-02-20,22.3,13.1,83,15.9,0.5
2008-02-21,23.2,9.5,87,19.7,0.8
2008-02-22,18.4,6.4,66,17.0,2.2
2008-02-23,21.3,4.9,79,23.9,0.0
2008-02-24,22.9,11.6,62,18.1,0.0
2008-02-25,28.0,10.6,68,31.3,0.0
2008-02-26,18.8,7.9,36,29.7,0.0
2008-02-27,16.5,2.8,38,15.7,0.0
2008-02-28,21.9,5.7,58,28.7,0.0
2008-02-29,23.2,12.2,78,21.7,0.0
2008-03-01,24.4,13.3,78,19.7,0.0
2008-03-02,23.6,16.2,83,34.6,1.3
2008-03-03,19.9,6.0,70,33.2,8.6
2008-03-04,20.1,4.9,33,18.6,0.0
2008-03-05,22.8,7.0,46,20.2,0.0
2008-03-06,12.2,4.2,87,29.8,14.8
2008-03-07,14.3,3.7,43,30.4,0.0
2008-03-08,15.7,0.4,51,17.6,0.0
2008-03-09,20.7,5.8,73,30.1,2.0
2008-03-10,16.5,10.6,90,14.4,21.6
2008-03-11,19.6,5.7,72,10.5,0.0
2008-03-12,22.6,6.5,62,19.6,0.0
2008-03-13,23.9,12.0,80,28.6,0.0
2008-03-14,31.3,14.8,61,22.2,0.0
2008-03-15,25.9,15.3,42,20.4,0.0
2008-03-16,27.0,11.2,68,28.8,0.0
2008-03-17,27.0,18.7,78,34.7,0.7
2008-03-18,22.2,12.2,91,31.4,24.3
2008-03-19,19.3,10.2,51,31.5,0.6
2008-03-20,21.2,5.9,49,18.4,0.0
2008-03-21,23.3,8.8,66,21.2,0.0
2008-03-22,24.0,9.9,71,13.0,0.0
2008-03-23,17.2,12.3,50,24.3,0.3
2008-03-24,18.1,8.4,50,19.9,0.0
2008-03-25,23.4,10.7,69,30.9,0.0
2008-03-26,27.7,15.9,74,30.1,0.0
2008-03-27,27.7,16.3,71,27.6,0.0
2008-03-28,23.7,16.1,82,18.0,8.0
2008-03-29,22.7,14.1,90,15.7,8.1
2008-03-30,25.5,19.2,93,20.0,5.6
2008-03-31,25.2,20.7,89,26.0,3.9
2008-04-01,25.0,15.7,80,22.0,0.5
2008-04-02,24.7,15.9,76,14.3,0.5
2008-04-03,27.3,19.4,81,30.3,0.8
2008-04-04,20.4,13.5,78,26.4,14.0
2008-04-05,22.1,8.1,62,11.5,0.0
2008-04-06,27.5,11.4,71,18.2,0.0
2008-04-07,27.8,14.6,77,22.4,0.0
2008-04-08,29.2,19.4,74,19.8,0.8
2008-04-09,25.2,20.6,86,28.6,2.7
2008-04-10,27.5,18.8,59,34.1,4.7
2008-04-11,24.7,14.8,41,16.2,0.0
2008-04-12,22.6,12.0,43,22.9,0.0
2008-04-13,22.6,8.5,38,23.3,0.0
2008-04-14,22.0,6.8,44,11.0,0.0
2008-04-15,24.9,7.6,47,23.2,0.0
2008-04-16,28.3,13.5,62,29.8,0.0
2008-04-17,29.7,18.1,63,33.0,0.0
2008-04-18,23.3,12.2,50,25.4,14.8
2008-04-19,27.3,10.4,46,18.1,0.0
2008-04-20,25.9,11.8,77,22.8,0.2
2008-04-21,30.3,19.8,76,16.9,0.2
2008-04-22,30.9,21.3,75,17.7,0.0
2008-04-23,30.8,20.4,72,31.0,1.6
2008-04-24,29.5,20.9,75,23.7,0.2
2008-04-25,28.5,19.1,81,21.4,8.0
2008-04-26,24.8,18.9,83,12.4,2.8
2008-04-27,21.1,14.7,74,31.4,25.2
2008-04-28,23.7,9.2,47,11.6,0.0
2008-04-29,25.6,9.8,45,22.3,0.0
2008-04-30,28.3,13.7,65,28.1,0.0
2008-05-01,28.4,19.9,76,27.4,0.4
2008-05-02,28.7,18.4,69,23.5,0.9
2008-05-03,24.2,16.0,45,25.6,0.0
2008-05-04,26.9,12.8,53,13.6,0.0
2008-05-05,24.2,19.8,93,23.2,25.3
2008-05-06,27.7,20.1,83,23.8,0.8
2008-05-07,30.9,19.9,63,33.6,0.2
2008-05-08,30.0,16.5,54,14.8,0.0
2008-05-09,33.7,19.5,68,16.3,0.0
2008-05-10,34.8,21.8,69,23.7,0.0
2008-05-11,25.5,17.3,42,29.0,0.0
2008-05-12,27.5,15.6,50,20.6,0.0
2008-05-13,28.8,22.0,80,21.6,11.3
2008-05-14,29.6,21.0,83,18.8,18.4
2008-05-15,25.4,19.8,78,21.3,18.7
2008-05-16,24.7,17.4,63,22.5,0.7
2008-05-17,25.3,16.0,63,8.8,0.0
2008-05-18,30.7,15.9,60,10.9,0.0
2008-05-19,33.2,17.5,51,18.6,0.0
2008-05-20,34.5,20.9,61,19.9,0.0
2008-05-21,33.8,21.2,70,23.5,0.0
2008-05-22,33.3,23.8,72,32.4,2.3
2008-05-23,36.8,24.9,67,22.8,0.1
2008-05-24,35.6,25.2,65,23.9,0.7
2008-05-25,33.6,25.0,69,23.3,0.3
2008-05-26,33.5,23.6,70,22.7,3.3
2008-05-27,34.4,24.4,66,26.5,1.0
2008-05-28,33.3,21.7,63,11.2,0.0
2008-05-29,32.5,22.2,60,16.9,0.0
2008-05-30,34.0,22.2,56,20.0,0.0
2008-05-31,35.2,22.8,59,20.5,0.0
2008-06-01,36.1,22.9,58,21.8,0.0
2008-06-02,36.0,23.4,59,23.1,0.0
2008-06-03,36.5,24.1,58,28.5,0.0
2008-06-04,35.2,24.3,62,31.0,0.0
2008-06-05,34.0,25.6,64,41.0,0.0
2008-06-06,35.0,25.3,67,27.6,1.5
2008-06-07,35.2,25.1,64,24.9,0.2
2008-06-08,35.3,24.8,63,25.2,0.3
2008-06-09,35.5,24.8,62,24.4,0.6
2008-06-10,34.9,24.8,61,20.1,0.0
2008-06-11,35.9,24.4,59,24.9,0.0
2008-06-12,35.1,24.6,60,25.0,0.0
2008-06-13,35.0,24.5,62,21.0,0.0
2008-06-14,35.7,24.6,60,17.9,0.2
2008-06-15,37.0,24.5,52,17.7,0.0
2008-06-16,37.6,24.4,53,17.4,0.0
2008-06-17,37.0,24.4,54,18.7,0.1
2008-06-18,37.0,24.6,49,13.5,0.0
2008-06-19,37.4,24.8,46,17.2,0.0
2008-06-20,32.5,24.7,61,20.3,2.7
2008-06-21,35.7,23.4,54,16.1,0.0
2008-06-22,35.3,22.8,43,14.5,0.0
2008-06-23,35.9,23.1,43,19.9,0.0
2008-06-24,34.5,23.7,59,23.8,1.1
2008-06-25,36.2,24.7,58,24.3,0.3
2008-06-26,36.0,24.3,62,24.0,1.2
2008-06-27,36.6,24.8,60,23.7,0.2
2008-06-28,36.9,24.9,59,28.6,0.2
2008-06-29,36.1,24.7,54,17.3,0.0
2008-06-30,33.4,25.7,64,13.4,2.2
2008-07-01,34.9,24.7,50,15.2,0.0
2008-07-02,33.4,23.1,60,12.6,0.5
2008-07-03,33.3,23.1,63,16.0,0.1
2008-07-04,32.1,22.4,69,18.3,0.3
2008-07-05,33.9,23.3,64,23.7,0.2
2008-07-06,33.9,22.8,61,20.5,0.0
2008-07-07,33.4,23.8,70,20.3,0.7
2008-07-08,34.5,23.9,71,24.1,3.5
2008-07-09,34.6,23.8,66,17.6,0.0
2008-07-10,34.6,24.2,61,19.5,0.0
2008-07-11,36.6,24.2,59,22.7,0.0
2008-07-12,37.1,23.5,53,21.2,0.0
2008-07-13,37.6,24.0,55,20.2,0.0
2008-07-14,37.4,25.5,52,19.3,0.0
2008-07-15,36.6,25.5,50,15.9,0.0
2008-07-16,34.7,26.0,61,15.6,0.7
2008-07-17,35.9,24.9,55,17.9,0.1
2008-07-18,36.3,23.8,52,17.7,0.2
2008-07-19,36.3,23.8,52,16.8,0.0
2008-07-20,37.4,24.0,50,16.6,0.0
2008-07-21,38.2,26.2,44,19.2,0.0
2008-07-22,38.1,26.0,49,22.3,0.0
2008-07-23,33.3,26.0,68,25.4,1.8
2008-07-24,28.6,24.0,84,21.5,12.9
2008-07-25,34.6,24.4,67,20.1,1.8
2008-07-26,36.3,24.2,59,14.4,0.0
2008-07-27,38.1,22.8,50,17.7,0.0
2008-07-28,38.6,24.6,55,21.6,0.0
2008-07-29,37.7,24.4,56,20.9,0.0
2008-07-30,37.1,24.4,55,19.5,0.0
2008-07-31,38.1,25.5,56,21.1,0.0
2008-08-01,37.2,26.0,55,19.5,0.0
2008-08-02,37.6,25.7,53,17.9,0.0
2008-08-03,39.0,25.8,46,14.1,0.0
2008-08-04,37.5,27.2,45,14.4,0.0
2008-08-05,37.3,26.4,53,16.6,0.4
2008-08-06,34.0,23.8,72,19.2,13.7
2008-08-07,35.3,25.0,62,16.6,0.0
2008-08-08,35.8,24.9,52,16.8,0.0
2008-08-09,37.6,25.2,51,20.6,0.0
2008-08-10,38.6,25.3,52,23.6,0.0
2008-08-11,37.0,25.9,56,20.9,0.7
2008-08-12,32.0,25.6,77,17.7,12.8
2008-08-13,34.5,24.6,63,11.4,0.2
2008-08-14,35.9,23.6,55,14.9,0.0
2008-08-15,33.7,25.1,71,13.9,4.0
2008-08-16,31.7,24.8,72,13.8,7.2
2008-08-17,30.1,22.7,71,12.0,1.0
2008-08-18,27.4,23.0,89,7.0,23.5
2008-08-19,28.4,22.7,87,9.0,24.1
2008-08-20,29.6,21.9,83,11.3,1.6
2008-08-21,31.3,23.1,84,12.7,3.6
2008-08-22,31.3,24.3,83,17.5,1.3
2008-08-23,31.3,23.6,78,10.6,0.0
2008-08-24,32.1,23.7,76,8.4,0.7
2008-08-25,32.5,23.6,67,10.0,0.0
2008-08-26,32.8,23.9,69,11.4,0.0
2008-08-27,33.0,24.2,70,12.4,0.2
2008-08-28,33.1,23.6,72,11.2,0.0
2008-08-29,33.3,24.2,69,11.0,0.0
2008-08-30,33.8,24.2,67,12.7,0.0
2008-08-31,33.6,23.4,62,9.7,0.0
2008-09-01,35.3,23.9,53,15.8,0.0
2008-09-02,37.3,25.3,47,19.3,0.0
2008-09-03,33.4,25.5,50,24.6,0.0
2008-09-04,33.5,21.6,49,16.7,0.0
2008-09-05,33.3,22.4,52,11.0,0.0
2008-09-06,33.9,20.2,53,12.0,0.0
2008-09-07,33.4,20.5,57,14.3,0.0
2008-09-08,32.6,23.5,66,11.4,0.6
2008-09-09,32.7,23.2,63,9.0,0.0
2008-09-10,33.2,24.9,57,14.5,0.0
2008-09-11,34.1,24.4,60,16.2,0.1
2008-09-12,34.4,25.5,58,24.0,0.0
2008-09-13,33.9,26.2,64,32.1,0.8
2008-09-14,33.1,25.0,54,21.1,0.0
2008-09-15,25.6,20.1,44,22.9,0.0
2008-09-16,28.3,17.3,39,12.9,0.0
2008-09-17,26.8,17.5,51,12.8,0.0
2008-09-18,26.1,18.9,60,13.6,0.0
2008-09-19,29.6,16.8,58,11.0,0.0
2008-09-20,31.0,17.8,55,11.5,0.0
2008-09-21,31.7,19.4,56,12.6,0.0
2008-09-22,31.7,19.3,59,14.0,0.0
2008-09-23,32.6,21.4,61,15.1,0.0
2008-09-24,31.4,22.4,56,16.2,0.0
2008-09-25,31.3,20.3,48,16.8,0.0
2008-09-26,30.4,18.8,46,13.6,0.0
2008-09-27,31.4,18.8,44,11.9,0.0
2008-09-28,31.2,18.3,38,10.4,0.0
2008-09-29,32.0,16.7,37,12.7,0.0
2008-09-30,33.6,17.1,40,13.7,0.0
2008-10-01,31.1,17.4,33,10.5,0.0
2008-10-02,31.8,18.0,32,14.9,0.0
2008-10-03,32.3,19.7,52,17.7,0.0
2008-10-04,31.3,19.6,56,20.6,0.0
2008-10-05,29.5,18.9,62,24.3,0.0
2008-10-06,29.2,21.9,74,20.6,3.5
2008-10-07,29.2,18.6,53,25.0,0.8
2008-10-08,29.7,13.3,42,10.5,0.0
2008-10-09,30.0,15.3,39,12.9,0.0
2008-10-10,30.3,15.6,56,15.2,0.0
2008-10-11,30.3,18.2,64,19.9,0.0
2008-10-12,31.9,18.8,61,18.4,0.0
2008-10-13,30.6,22.0,68,19.7,0.0
2008-10-14,28.8,21.7,79,16.0,3.6
2008-10-15,25.7,18.5,90,16.6,7.7
2008-10-16,22.8,16.6,68,17.3,1.8
2008-10-17,22.8,14.4,71,14.1,0.0
2008-10-18,26.0,14.3,64,10.7,0.0
2008-10-19,25.9,13.2,59,10.0,0.0
2008-10-20,26.8,13.2,66,10.8,0.0
2008-10-21,27.2,14.6,68,16.0,0.0
2008-10-22,27.8,16.4,65,27.1,0.0
2008-10-23,20.4,11.0,35,23.8,0.0
2008-10-24,25.3,8.7,39,10.8,0.0
2008-10-25,27.4,11.5,48,12.2,0.0
2008-10-26,27.4,15.9,71,13.2,0.0
2008-10-27,20.6,10.8,25,30.8,0.0
2008-10-28,19.9,6.9,33,8.7,0.0
2008-10-29,23.5,7.6,40,16.0,0.0
2008-10-30,25.7,12.1,69,18.3,0.0
2008-10-31,25.8,13.8,68,13.8,0.0
2008-11-01,27.1,14.8,65,10.7,0.0
2008-11-02,27.1,16.3,57,14.7,0.0
2008-11-03,25.6,14.4,65,16.4,0.0
2008-11-04,25.7,15.8,69,19.8,0.2
2008-11-05,28.6,18.9,70,32.3,0.0
2008-11-06,25.0,14.8,44,20.4,1.6
2008-11-07,22.2,10.5,35,18.4,0.0
2008-11-08,24.6,8.9,35,12.6,0.0
2008-11-09,24.6,9.4,45,19.8,0.0
2008-11-10,24.3,17.6,82,23.7,3.1
2008-11-11,23.9,17.3,91,24.4,25.0
2008-11-12,22.0,14.4,84,10.5,0.0
2008-11-13,22.8,11.3,78,13.8,0.0
2008-11-14,24.4,15.1,72,33.2,0.0
2008-11-15,15.1,7.5,33,29.2,0.0
2008-11-16,18.0,3.8,46,10.7,0.0
2008-11-17,21.6,6.1,45,11.1,0.0
2008-11-18,19.7,7.7,61,13.5,0.0
2008-11-19,23.2,7.6,65,15.8,0.0
2008-11-20,24.0,10.6,64,27.7,0.0
2008-11-21,11.5,6.0,39,24.7,0.0
2008-11-22,14.8,9.3,53,9.3,0.0
2008-11-23,22.5,14.4,80,21.2,0.9
2008-11-24,20.8,10.5,62,23.4,0.2
2008-11-25,19.4,5.2,43,10.4,0.0
2008-11-26,22.6,8.8,59,20.2,0.0
2008-11-27,22.8,13.4,88,11.2,0.2
2008-11-28,21.4,11.5,90,17.5,2.3
2008-11-29,18.1,10.2,74,15.3,0.9
2008-11-30,16.5,9.2,41,27.1,0.0
2008-12-01,15.5,7.3,31,31.9,0.0
2008-12-02,21.3,4.4,40,26.4,0.0
2008-12-03,24.9,10.1,66,32.1,0.0
2008-12-04,11.5,4.2,39,25.6,0.0
2008-12-05,10.2,3.0,39,15.6,0.0
2008-12-06,18.1,1.4,47,11.0,0.0
2008-12-07,19.3,5.4,47,19.0,0.0
2008-12-08,22.0,11.2,86,28.1,0.0
2008-12-09,24.2,3.6,71,31.9,8.1
2008-12-10,7.7,1.3,48,29.2,2.9
2008-12-11,16.1,1.9,39,17.6,0.0
2008-12-12,17.4,2.4,48,15.8,0.0
2008-12-13,22.0,7.2,69,34.8,0.0
2008-12-14,25.5,14.6,74,31.3,0.0
2008-12-15,17.5,0.9,65,27.2,1.7
2008-12-16,4.6,-0.0,76,17.7,0.0
2008-12-17,12.1,3.9,93,8.3,0.0
2008-12-18,20.1,12.1,98,21.2,1.1
2008-12-19,24.3,17.7,86,20.7,1.1
2008-12-20,24.2,14.8,79,19.3,0.2
2008-12-21,13.3,2.4,32,28.2,0.0
2008-12-22,3.5,0.0,26,19.5,0.0
2008-12-23,14.8,3.2,75,22.1,0.6
2008-12-24,20.5,9.7,66,25.2,0.7
2008-12-25,18.7,8.2,77,21.0,0.0
2008-12-26,25.8,18.9,89,35.0,0.7
2008-12-27,21.3,10.3,58,27.8,3.0
2008-12-28,11.3,5.4,42,14.4,0.0
2008-12-29,18.9,1.5,56,8.6,0.0
2008-12-30,21.8,4.6,47,18.8,0.0
2008-12-31,16.0,8.3,50,24.2,0.0
2009-01-01,18.7,6.4,64,20.9,0.0
2009-01-02,24.1,11.1,82,17.0,0.0
2009-01-03,26.7,17.2,79,25.1,1.4
2009-01-04,17.0,8.6,58,22.1,0.0
2009-01-05,8.0,3.5,72,18.8,3.9
2009-01-06,19.7,5.5,65,24.6,11.6
2009-01-07,20.8,2.6,41,20.8,0.0
2009-01-08,24.7,6.3,48,15.0,0.0
2009-01-09,24.7,14.0,84,26.8,0.2
2009-01-10,17.5,7.0,50,30.2,1.0
2009-01-11,14.4,4.6,34,18.4,0.0
2009-01-12,16.4,1.3,46,11.2,0.0
2009-01-13,11.5,3.1,32,25.2,0.0
2009-01-14,16.1,-0.1,38,10.9,0.0
2009-01-15,14.4,2.8,59,16.8,0.0
2009-01-16,6.3,3.6,52,16.2,0.0
2009-01-17,18.7,6.0,65,21.7,0.0
2009-01-18,23.1,7.6,47,17.9,0.0
2009-01-19,21.1,9.1,23,27.7,0.0
2009-01-20,16.6,6.0,35,25.0,0.0
2009-01-21,23.1,2.1,32,20.4,0.0
2009-01-22,24.6,7.0,32,23.8,0.0
2009-01-23,25.5,12.6,66,20.6,0.0
2009-01-24,17.6,5.4,49,27.6,0.0
2009-01-25,13.4,4.2,57,12.5,0.0
2009-01-26,21.8,11.4,85,21.4,1.9
2009-01-27,22.0,1.5,89,25.5,3.9
2009-01-28,11.5,0.5,58,21.6,1.1
2009-01-29,14.4,-0.9,55,12.6,0.0
2009-01-30,17.4,0.2,45,10.9,0.0
2009-01-31,20.3,3.6,33,19.1,0.0
2009-02-01,24.4,9.1,59,28.1,0.0
2009-02-02,16.7,7.3,30,28.7,0.0
2009-02-03,23.1,2.9,27,14.5,0.0
2009-02-04,18.9,5.1,37,14.8,0.0
2009-02-05,22.7,6.1,61,22.6,0.0
2009-02-06,24.4,12.3,64,32.3,0.0
2009-02-07,24.3,16.3,67,31.9,0.1
2009-02-08,24.7,15.6,66,35.1,0.4
2009-02-09,23.4,16.7,81,31.4,8.6
2009-02-10,24.9,14.9,83,31.3,9.5
2009-02-11,21.9,10.7,29,36.9,0.0
2009-02-12,23.6,7.9,45,16.8,0.0
2009-02-13,23.9,14.6,76,10.7,0.4
2009-02-14,15.2,9.4,50,21.4,0.9
2009-02-15,18.3,9.9,52,19.7,0.0
2009-02-16,14.8,9.7,64,14.2,2.6
2009-02-17,21.7,12.1,84,18.9,0.2
2009-02-18,26.8,14.5,56,17.5,0.0
2009-02-19,17.7,8.6,33,20.0,0.0
2009-02-20,21.1,3.8,39,24.5,0.0
2009-02-21,17.5,8.1,54,28.1,1.2
2009-02-22,16.3,2.4,25,15.9,0.0
2009-02-23,20.2,2.2,39,19.8,0.0
2009-02-24,27.1,9.9,65,24.7,0.0
2009-02-25,29.1,13.2,71,20.6,0.0
2009-02-26,29.6,17.7,73,24.6,0.0
2009-02-27,31.2,17.5,64,20.5,0.0
2009-02-28,16.3,7.5,35,36.4,0.0
2009-03-01,16.0,2.3,27,23.8,0.0
2009-03-02,20.0,2.8,32,12.5,0.0
2009-03-03,23.3,5.9,50,23.9,0.0
2009-03-04,27.3,11.5,65,24.6,0.0
2009-03-05,28.8,15.6,64,26.5,0.0
2009-03-06,28.5,16.9,64,26.3,0.0
2009-03-07,25.7,18.3,70,29.9,0.3
2009-03-08,28.4,20.3,70,22.3,0.3
2009-03-09,29.1,19.1,68,26.4,0.4
2009-03-10,27.5,18.9,66,22.5,0.2
2009-03-11,21.0,6.7,88,24.4,18.0
2009-03-12,7.6,5.9,88,21.6,14.7
2009-03-13,6.1,4.7,96,17.3,10.3
2009-03-14,13.3,5.1,76,17.5,0.0
2009-03-15,17.4,5.5,77,9.2,1.4
2009-03-16,26.4,7.0,69,11.9,0.0
2009-03-17,26.5,9.5,63,16.2,0.0
2009-03-18,24.8,10.7,69,13.8,0.0
2009-03-19,25.6,10.9,63,12.3,0.0
2009-03-20,26.1,11.2,56,14.8,0.0
2009-03-21,26.8,12.3,58,21.4,0.0
2009-03-22,27.6,15.9,67,26.6,0.0
2009-03-23,25.6,17.8,70,33.2,0.3
2009-03-24,26.0,19.1,79,25.8,2.3
2009-03-25,20.1,13.5,86,18.5,12.9
2009-03-26,24.9,12.7,91,14.6,0.3
2009-03-27,26.8,10.8,67,28.6,1.4
2009-03-28,19.2,4.9,32,28.6,0.0
2009-03-29,22.4,4.8,37,22.5,0.0
2009-03-30,26.2,13.4,68,26.9,0.0
2009-03-31,21.5,11.8,48,25.6,3.4
2009-04-01,25.1,7.5,48,23.8,0.0
2009-04-02,21.8,12.7,52,38.7,6.7
2009-04-03,24.6,7.8,42,21.7,0.0
2009-04-04,29.2,13.8,66,21.2,0.0
2009-04-05,21.1,13.5,44,32.3,0.2
2009-04-06,17.8,8.7,25,24.1,0.0
2009-04-07,23.7,4.6,31,14.5,0.0
2009-04-08,30.0,11.5,39,24.2,0.0
2009-04-09,34.5,16.1,53,26.9,0.0
2009-04-10,25.4,14.1,49,20.1,0.0
2009-04-11,20.7,14.0,56,23.6,0.6
2009-04-12,26.3,15.0,62,27.5,22.1
2009-04-13,22.2,12.3,51,21.5,0.0
2009-04-14,25.3,10.8,55,12.6,0.0
2009-04-15,27.1,11.7,53,21.0,0.0
2009-04-16,24.0,15.8,74,22.4,2.5
2009-04-17,19.5,17.2,96,22.8,55.8
2009-04-18,25.1,17.5,87,14.4,15.6
2009-04-19,23.6,16.1,63,23.2,0.0
2009-04-20,25.2,11.7,52,13.2,0.0
2009-04-21,30.2,15.3,46,17.3,0.0
2009-04-22,31.5,18.6,45,25.2,0.0
2009-04-23,29.0,16.8,58,26.7,0.0
2009-04-24,26.7,19.3,81,28.4,7.6
2009-04-25,28.2,19.1,83,26.0,1.4
2009-04-26,28.3,21.5,76,34.2,0.7
2009-04-27,26.4,19.4,86,25.2,16.6
2009-04-28,27.9,19.3,85,17.7,3.8
2009-04-29,27.7,21.5,79,33.9,1.5
2009-04-30,29.1,21.6,79,22.8,1.2
2009-05-01,29.5,21.9,77,22.9,0.8
2009-05-02,28.6,21.9,79,29.0,1.0
2009-05-03,26.6,19.2,79,18.3,6.2
2009-05-04,26.9,15.0,70,13.7,0.0
2009-05-05,30.5,21.6,76,24.5,0.1
2009-05-06,30.9,21.9,76,26.7,1.9
2009-05-07,32.0,22.2,76,19.8,0.4
2009-05-08,34.0,22.3,69,28.4,0.0
2009-05-09,33.4,21.4,64,20.4,0.0
2009-05-10,32.3,21.4,63,16.3,0.0
2009-05-11,32.8,22.3,66,19.4,0.0
2009-05-12,33.8,22.6,65,24.9,0.0
2009-05-13,34.0,22.8,63,30.3,0.0
2009-05-14,33.0,23.2,61,21.6,0.3
2009-05-15,31.9,22.2,64,19.4,0.7
2009-05-16,30.3,19.4,83,18.7,10.9
2009-05-17,23.6,18.2,71,21.8,0.5
2009-05-18,26.7,14.1,51,18.0,0.0
2009-05-19,28.1,12.3,46,13.7,0.0
2009-05-20,29.3,16.0,45,10.2,0.0
2009-05-21,31.4,14.7,45,13.5,0.0
2009-05-22,30.2,20.1,57,16.2,0.0
2009-05-23,28.9,20.2,71,10.7,5.6
2009-05-24,28.3,19.3,77,10.8,5.4
2009-05-25,31.6,18.8,68,11.6,0.0
2009-05-26,33.3,22.3,64,20.8,0.2
2009-05-27,30.8,20.7,71,12.9,3.3
2009-05-28,31.7,21.2,54,12.3,0.2
2009-05-29,31.7,19.2,48,10.2,0.0
2009-05-30,32.7,22.5,45,13.2,0.0
2009-05-31,32.8,22.2,55,19.3,2.6
2009-06-01,31.9,20.7,64,17.2,3.7
2009-06-02,33.8,21.5,64,16.4,0.2
2009-06-03,32.9,23.2,70,15.5,2.6
2009-06-04,32.2,20.9,52,20.3,0.0
2009-06-05,33.2,20.1,49,8.3,0.0
2009-06-06,35.8,20.0,47,19.7,0.0
2009-06-07,34.8,20.5,54,22.1,0.0
2009-06-08,34.6,22.5,54,20.8,0.0
2009-06-09,35.9,22.3,57,20.6,0.0
2009-06-10,36.0,24.7,61,24.8,0.0
2009-06-11,35.2,24.6,63,27.2,0.1
2009-06-12,37.5,24.0,60,22.4,0.0
2009-06-13,38.0,24.7,58,21.6,0.0
2009-06-14,37.2,24.1,57,25.2,0.0
2009-06-15,37.7,24.8,56,24.0,0.0
2009-06-16,37.8,24.9,56,25.2,0.0
2009-06-17,36.6,24.9,59,21.4,0.0
2009-06-18,34.8,25.3,62,23.0,0.5
2009-06-19,35.7,25.2,59,23.1,0.0
2009-06-20,37.0,25.3,58,23.7,0.0
2009-06-21,36.2,24.7,57,20.3,0.0
2009-06-22,36.6,25.1,55,18.7,0.0
2009-06-23,37.7,25.3,46,16.7,0.0
2009-06-24,38.8,26.1,41,11.9,0.0
2009-06-25,40.1,27.7,36,18.3,0.0
2009-06-26,38.7,27.6,40,17.0,0.0
2009-06-27,38.5,26.9,46,18.1,0.0
2009-06-28,38.2,26.9,45,16.2,0.0
2009-06-29,37.9,27.5,46,21.4,0.0
2009-06-30,34.6,27.6,60,12.2,3.5
2009-07-01,31.1,24.0,71,9.6,7.8
2009-07-02,36.3,25.7,53,12.7,0.0
2009-07-03,36.1,24.7,60,17.5,0.1
2009-07-04,38.6,25.8,55,23.7,0.0
2009-07-05,38.3,26.2,50,19.9,0.0
2009-07-06,32.7,26.3,59,12.2,0.0
2009-07-07,35.4,24.2,63,12.5,7.9
2009-07-08,38.4,25.4,56,16.6,0.0
2009-07-09,39.1,24.8,50,15.8,0.0
2009-07-10,37.8,25.9,50,18.9,0.0
2009-07-11,37.0,25.1,54,18.2,0.0
2009-07-12,38.0,25.6,47,18.8,0.0
2009-07-13,38.7,25.7,46,20.4,0.0
2009-07-14,38.4,25.6,47,25.4,0.0
2009-07-15,38.5,25.3,51,20.9,0.0
2009-07-16,38.4,25.8,50,19.9,0.0
2009-07-17,36.8,26.5,46,17.0,0.0
2009-07-18,36.3,26.2,50,15.9,2.3
2009-07-19,36.4,25.7,56,18.9,0.0
2009-07-20,35.6,25.9,57,22.7,0.4
2009-07-21,36.9,25.9,57,20.8,0.0
2009-07-22,36.2,25.8,58,15.2,0.6
2009-07-23,35.6,24.6,56,18.2,0.1
2009-07-24,36.4,25.6,44,17.7,0.0
2009-07-25,37.5,25.0,48,18.7,0.0
2009-07-26,38.4,25.1,47,21.3,0.0
2009-07-27,37.9,26.0,53,23.9,0.0
2009-07-28,38.5,26.0,50,23.0,0.0
2009-07-29,34.8,26.7,59,21.0,0.0
2009-07-30,36.7,26.7,62,20.9,0.1
2009-07-31,35.2,24.7,70,16.8,6.3
2009-08-01,36.7,26.4,56,16.6,0.0
2009-08-02,34.2,26.7,57,15.5,0.0
2009-08-03,37.2,24.0,47,21.5,0.0
2009-08-04,37.1,25.0,54,19.5,0.0
2009-08-05,38.0,25.3,47,14.4,0.0
2009-08-06,38.5,26.0,46,15.1,0.0
2009-08-07,38.0,25.8,44,21.9,0.0
2009-08-08,36.6,25.7,54,20.4,0.0
2009-08-09,36.8,25.9,58,20.4,3.8
2009-08-10,37.3,26.6,56,20.2,0.2
2009-08-11,37.8,25.4,51,16.8,0.0
2009-08-12,38.4,26.7,52,13.1,1.9
2009-08-13,35.3,25.5,65,10.3,1.8
2009-08-14,35.5,25.7,57,16.5,0.2
2009-08-15,37.0,24.9,55,18.6,0.0
2009-08-16,36.6,25.0,58,17.4,0.0
2009-08-17,36.5,25.7,57,18.9,0.2
2009-08-18,35.5,25.7,60,19.6,0.0
2009-08-19,36.5,25.7,56,19.8,0.0
2009-08-20,37.8,26.1,54,19.1,0.4
2009-08-21,37.3,26.6,55,16.6,0.0
2009-08-22,37.2,27.0,55,7.6,1.8
2009-08-23,38.3,26.8,41,17.1,0.0
2009-08-24,36.9,25.5,43,17.2,0.0
2009-08-25,36.7,25.9,46,16.3,0.0
2009-08-26,36.5,26.1,44,16.6,0.0
2009-08-27,36.6,25.5,49,14.3,0.3
2009-08-28,34.7,24.8,60,14.1,0.3
2009-08-29,34.5,24.4,49,11.3,0.0
2009-08-30,33.6,23.7,42,15.9,0.0
2009-08-31,33.0,23.0,46,13.7,0.0
2009-09-01,32.7,23.5,55,13.0,0.0
2009-09-02,35.1,23.7,57,13.4,0.3
2009-09-03,36.8,25.0,51,15.5,0.1
2009-09-04,33.8,25.5,57,14.1,2.2
2009-09-05,31.0,24.5,66,11.4,1.3
2009-09-06,33.8,23.3,63,13.4,0.8
2009-09-07,34.8,23.7,55,14.6,0.1
2009-09-08,34.1,23.9,63,16.6,0.5
2009-09-09,29.0,24.2,80,12.0,11.9
2009-09-10,29.1,23.0,87,8.2,10.0
2009-09-11,24.9,22.1,93,11.3,27.4
2009-09-12,24.4,21.5,93,13.8,17.4
2009-09-13,26.2,20.8,85,13.7,3.5
2009-09-14,25.9,21.6,78,22.1,0.2
2009-09-15,27.2,21.0,75,15.3,0.0
2009-09-16,28.7,20.8,74,21.8,0.0
2009-09-17,25.8,21.5,70,27.5,0.0
2009-09-18,27.7,21.4,73,17.1,0.1
2009-09-19,28.3,21.1,76,10.9,0.3
2009-09-20,30.9,20.4,71,12.5,0.0
2009-09-21,33.3,23.8,74,19.6,0.5
2009-09-22,25.7,18.7,83,19.1,16.5
2009-09-23,21.3,15.4,73,19.1,4.0
2009-09-24,21.9,15.0,76,14.1,2.7
2009-09-25,26.1,15.5,73,11.2,0.0
2009-09-26,30.3,18.0,73,8.7,0.0
2009-09-27,32.2,20.9,75,15.4,0.0
2009-09-28,29.6,22.7,84,14.5,14.3
2009-09-29,25.4,18.6,70,15.0,6.4
2009-09-30,29.2,19.9,82,16.1,0.8
2009-10-01,31.0,23.5,77,21.1,0.2
2009-10-02,25.3,18.1,51,22.4,1.3
2009-10-03,24.0,17.9,74,15.4,5.9
2009-10-04,28.4,22.0,94,15.1,13.6
2009-10-05,28.2,20.6,91,16.5,1.7
2009-10-06,31.6,24.7,80,25.3,0.0
2009-10-07,29.3,19.6,88,18.5,2.0
2009-10-08,31.0,25.2,80,35.3,0.7
2009-10-09,26.5,13.8,82,28.2,30.3
2009-10-10,20.0,11.4,75,13.7,0.0
2009-10-11,17.0,13.9,85,15.0,6.0
2009-10-12,19.9,15.3,93,8.9,0.9
2009-10-13,26.4,19.4,93,9.7,8.3
2009-10-14,30.3,22.6,87,14.1,0.4
2009-10-15,31.1,19.5,80,21.5,2.4
2009-10-16,21.8,14.7,69,21.9,0.0
2009-10-17,22.4,13.8,68,12.5,0.0
2009-10-18,22.0,11.8,73,14.0,0.0
2009-10-19,24.7,12.8,71,21.7,0.0
2009-10-20,25.8,14.5,71,25.7,0.0
2009-10-21,25.0,19.4,85,25.3,17.7
2009-10-22,21.0,13.4,72,27.9,41.9
2009-10-23,20.1,10.0,57,17.6,0.0
2009-10-24,22.8,9.3,64,18.7,0.0
2009-10-25,26.2,15.3,79,25.0,0.1
2009-10-26,20.6,13.2,88,27.1,35.8
2009-10-27,19.3,10.4,63,14.8,0.0
2009-10-28,26.0,11.9,81,29.4,1.5
2009-10-29,28.1,14.9,74,32.8,8.0
2009-10-30,19.6,9.7,49,14.6,0.3
2009-10-31,21.1,8.1,53,12.1,0.0
2009-11-01,21.7,8.4,66,9.4,0.0
2009-11-02,21.9,8.6,72,9.5,0.0
2009-11-03,22.6,10.1,74,10.3,0.0
2009-11-04,23.4,10.0,74,10.6,0.0
2009-11-05,23.4,10.5,74,8.0,0.0
2009-11-06,23.3,10.7,75,14.4,0.0
2009-11-07,23.2,11.9,82,14.8,0.0
2009-11-08,20.6,13.7,94,13.8,35.4
2009-11-09,22.6,16.7,87,14.8,2.7
2009-11-10,23.6,15.0,79,18.2,0.0
2009-11-11,23.2,13.7,81,12.6,0.0
2009-11-12,21.8,12.2,82,9.2,0.0
2009-11-13,23.1,12.3,79,17.8,0.0
2009-11-14,24.5,14.1,80,17.7,0.0
2009-11-15,25.0,15.3,86,19.7,0.6
2009-11-16,19.1,8.8,64,29.8,0.9
2009-11-17,17.1,5.9,54,16.5,0.0
2009-11-18,20.1,4.3,60,15.5,0.0
2009-11-19,22.9,9.0,80,19.4,0.7
2009-11-20,17.7,13.8,98,22.9,55.5
2009-11-21,16.9,13.0,83,13.3,3.1
2009-11-22,18.0,7.6,84,10.6,0.0
2009-11-23,21.9,9.0,83,20.0,0.0
2009-11-24,16.6,8.7,62,23.7,0.6
2009-11-25,16.7,4.6,56,12.4,0.0
2009-11-26,15.6,5.6,65,15.2,0.0
2009-11-27,17.5,6.5,64,14.0,0.0
2009-11-28,20.7,8.8,83,21.0,0.0
2009-11-29,22.1,11.8,90,28.1,6.6
2009-11-30,12.5,8.3,64,23.5,1.6
2009-12-01,9.5,7.0,80,14.4,14.8
2009-12-02,10.5,4.6,74,27.5,0.5
2009-12-03,8.8,2.6,60,15.9,0.0
2009-12-04,4.4,-1.3,54,22.6,0.3
2009-12-05,8.3,-3.1,66,18.0,0.0
2009-12-06,12.1,2.8,88,12.2,1.1
2009-12-07,10.8,6.0,97,16.4,1.8
2009-12-08,18.0,7.1,93,18.6,1.0
2009-12-09,13.0,1.6,52,28.8,0.0
2009-12-10,7.1,-0.2,53,12.7,0.0
2009-12-11,8.4,5.5,65,9.9,2.3
2009-12-12,10.8,7.2,92,11.3,0.2
2009-12-13,19.2,7.9,88,13.2,0.0
2009-12-14,19.7,10.4,95,14.6,0.4
2009-12-15,15.9,5.4,66,25.6,2.2
2009-12-16,10.5,3.8,60,18.4,0.0
2009-12-17,10.6,5.3,85,9.3,8.2
2009-12-18,16.6,3.9,84,11.3,0.0
2009-12-19,14.5,4.8,69,15.2,0.0
2009-12-20,15.8,1.9,74,14.5,0.0
2009-12-21,17.8,4.6,75,21.8,0.0
2009-12-22,21.2,12.2,84,27.4,0.0
2009-12-23,21.7,16.0,88,23.1,1.2
2009-12-24,15.9,3.3,65,42.9,5.1
2009-12-25,8.2,-0.3,42,25.5,0.0
2009-12-26,11.7,-0.4,71,9.4,0.0
2009-12-27,12.8,-0.3,63,12.3,0.0
2009-12-28,9.4,-0.4,64,13.0,0.0
2009-12-29,4.2,1.0,85,8.7,7.0
2009-12-30,17.2,4.1,84,13.9,0.0
2009-12-31,19.8,5.6,77,26.9,0.0
2010-01-01,11.1,1.2,62,23.2,0.0
2010-01-02,11.3,1.0,65,10.9,0.0
2010-01-03,8.9,3.3,83,10.8,0.0
2010-01-04,7.1,0.3,69,20.0,0.0
2010-01-05,8.1,-2.8,76,10.0,0.0
2010-01-06,10.7,1.3,85,14.8,0.5
2010-01-07,10.4,-2.2,59,32.0,0.7
2010-01-08,-0.1,-5.3,38,21.6,0.0
2010-01-09,3.8,-6.8,54,9.7,0.0
2010-01-10,6.2,-5.3,61,10.6,0.0
2010-01-11,10.9,-3.6,75,10.0,0.0
2010-01-12,15.9,3.0,77,9.1,0.0
2010-01-13,13.1,5.8,84,17.6,0.0
2010-01-14,14.7,8.9,95,15.9,6.4
2010-01-15,11.8,7.2,93,24.6,55.3
2010-01-16,14.5,7.1,73,22.6,2.0
2010-01-17,17.4,3.4,79,13.2,0.0
2010-01-18,18.8,7.0,88,20.5,0.0
2010-01-19,21.3,13.7,89,21.2,0.0
2010-01-20,21.8,15.0,90,21.1,1.0
2010-01-21,21.5,7.8,55,14.7,0.0
2010-01-22,22.2,8.5,76,25.5,0.0
2010-01-23,18.3,11.6,79,22.4,0.0
2010-01-24,17.1,6.0,39,28.5,0.0
2010-01-25,16.2,3.0,57,14.0,0.0
2010-01-26,17.8,3.7,66,14.7,0.0
2010-01-27,19.4,9.9,77,15.4,0.0
2010-01-28,19.2,14.6,90,29.9,10.9
2010-01-29,16.1,1.4,75,28.3,17.4
2010-01-30,7.4,-1.8,60,21.7,0.0
2010-01-31,6.3,-1.1,76,9.4,0.0
2010-02-01,7.9,1.0,80,7.9,0.0
2010-02-02,10.7,6.6,85,12.9,0.1
2010-02-03,9.9,7.9,91,23.1,22.8
2010-02-04,8.5,7.9,99,15.8,18.8
2010-02-05,15.5,6.0,84,10.7,0.0
2010-02-06,14.0,3.7,76,11.3,0.0
2010-02-07,10.9,5.0,82,15.6,0.5
2010-02-08,17.0,6.6,90,27.3,6.6
2010-02-09,8.1,2.3,55,26.2,0.0
2010-02-10,5.2,0.2,66,9.7,1.3
2010-02-11,4.6,1.7,93,15.0,19.6
2010-02-12,8.4,0.7,82,17.5,0.2
2010-02-13,13.2,-2.3,80,17.6,0.0
2010-02-14,17.9,4.3,77,34.2,2.1
2010-02-15,10.5,0.0,43,22.9,0.0
2010-02-16,12.6,-1.8,56,13.4,0.0
2010-02-17,13.9,-1.8,59,8.3,0.0
2010-02-18,15.5,0.8,62,15.6,0.0
2010-02-19,15.2,8.1,78,17.9,0.0
2010-02-20,18.0,10.6,87,18.1,0.6
2010-02-21,22.5,10.7,75,19.1,0.8
2010-02-22,12.8,4.0,70,18.0,0.0
2010-02-23,4.7,1.7,78,22.1,7.9
2010-02-24,10.0,-0.7,62,18.0,0.0
2010-02-25,15.8,-0.5,69,24.5,0.0
2010-02-26,13.7,7.0,70,29.7,0.2
2010-02-27,16.6,2.6,64,14.6,0.0
2010-02-28,17.3,3.1,69,26.6,1.3
2010-03-01,14.1,7.0,83,29.8,7.6
2010-03-02,14.3,3.0,62,23.5,0.0
2010-03-03,17.5,3.3,69,9.7,0.0
2010-03-04,19.4,4.0,76,18.6,0.0
2010-03-05,18.3,7.8,73,19.2,0.0
2010-03-06,18.2,11.3,73,17.1,0.0
2010-03-07,16.0,11.8,81,17.4,0.8
2010-03-08,20.3,14.3,92,28.2,21.7
2010-03-09,23.9,14.7,71,17.8,0.1
2010-03-10,22.3,12.1,77,19.5,1.2
2010-03-11,21.0,7.2,54,18.3,0.0
2010-03-12,19.9,7.8,52,20.1,0.0
2010-03-13,22.0,6.9,53,13.8,0.0
2010-03-14,25.0,6.9,63,14.2,0.0
2010-03-15,20.3,9.2,79,20.2,0.0
2010-03-16,15.3,10.7,89,18.4,18.3
2010-03-17,20.0,7.8,70,13.6,0.0
2010-03-18,18.4,6.8,72,11.9,0.0
2010-03-19,22.1,9.0,75,26.7,0.0
2010-03-20,16.2,4.6,69,34.9,18.9
2010-03-21,14.6,4.0,38,31.8,0.0
2010-03-22,19.6,2.4,51,11.7,0.0
2010-03-23,23.0,6.4,67,23.7,0.0
2010-03-24,19.7,14.0,92,17.7,4.8
2010-03-25,19.2,9.3,61,25.3,1.0
2010-03-26,20.8,5.5,70,24.7,0.0
2010-03-27,26.5,11.1,57,25.7,0.0
2010-03-28,20.6,8.9,52,23.4,0.0
2010-03-29,22.7,5.7,60,13.4,0.0
2010-03-30,24.9,10.4,53,25.1,0.0
2010-03-31,26.9,12.7,72,24.2,0.0
2010-04-01,26.8,15.9,76,30.1,0.0
2010-04-02,24.9,17.2,84,26.7,1.3
2010-04-03,26.9,9.3,53,15.9,0.0
2010-04-04,26.3,18.4,86,26.3,1.3
2010-04-05,27.4,18.1,83,27.1,1.8
2010-04-06,26.6,17.9,78,31.7,0.6
2010-04-07,23.8,16.2,67,26.3,9.7
2010-04-08,20.1,9.3,41,25.9,0.0
2010-04-09,22.1,7.4,53,17.3,0.0
2010-04-10,23.4,11.7,74,18.9,0.0
2010-04-11,20.1,13.3,87,14.2,0.4
2010-04-12,25.1,14.1,68,18.6,0.0
2010-04-13,25.3,12.6,72,20.2,0.0
2010-04-14,24.1,15.8,77,18.3,1.4
2010-04-15,24.1,17.6,87,22.4,5.6
2010-04-16,21.1,18.1,90,16.3,12.9
2010-04-17,21.5,17.1,93,13.5,25.5
2010-04-18,21.1,14.5,75,14.2,0.1
2010-04-19,17.1,13.4,78,15.9,0.0
2010-04-20,23.3,13.5,69,10.0,0.0
2010-04-21,25.3,11.6,72,17.7,0.0
2010-04-22,23.5,15.5,85,25.5,1.7
2010-04-23,28.4,20.0,80,22.4,1.1
2010-04-24,26.3,13.8,54,32.2,4.5
2010-04-25,27.1,14.2,51,18.3,0.0
2010-04-26,29.9,12.3,58,26.8,0.0
2010-04-27,23.1,13.3,51,19.8,0.0
2010-04-28,26.4,10.6,57,20.4,0.0
2010-04-29,29.8,16.1,71,31.1,0.0
2010-04-30,29.4,21.8,78,28.2,1.3
2010-05-01,25.2,18.1,75,19.5,1.8
2010-05-02,28.8,15.6,42,14.3,0.3
2010-05-03,30.3,13.2,43,17.9,0.0
2010-05-04,31.1,11.4,54,14.9,0.0
2010-05-05,33.9,16.3,42,18.9,0.0
2010-05-06,32.8,16.8,61,22.4,0.0
2010-05-07,33.1,20.6,66,21.7,0.0
2010-05-08,23.6,19.9,49,24.1,0.0
2010-05-09,26.4,20.1,67,20.9,1.7
2010-05-10,29.5,21.4,75,31.0,0.0
2010-05-11,33.4,21.4,68,28.4,0.0
2010-05-12,31.6,22.3,68,29.8,0.0
2010-05-13,31.2,22.4,70,26.1,0.4
2010-05-14,27.7,20.6,86,21.6,18.6
2010-05-15,27.8,20.1,82,22.0,2.2
2010-05-16,27.6,18.9,84,7.6,2.0
2010-05-17,30.7,19.3,80,14.2,3.3
2010-05-18,29.9,20.0,82,13.3,0.1
2010-05-19,30.0,21.1,78,22.8,0.2
2010-05-20,30.2,23.1,76,20.4,0.2
2010-05-21,31.0,23.2,73,18.9,0.0
2010-05-22,32.5,22.7,71,26.8,0.3
2010-05-23,30.9,23.7,73,25.9,0.9
2010-05-24,31.5,22.3,67,20.9,0.1
2010-05-25,27.8,21.5,79,17.2,13.0
2010-05-26,30.5,19.7,70,9.3,0.0
2010-05-27,32.4,19.3,65,8.7,0.6
2010-05-28,33.0,20.6,59,7.0,0.0
2010-05-29,33.1,21.4,57,9.0,0.0
2010-05-30,33.3,22.2,54,12.4,0.3
2010-05-31,33.2,21.9,60,13.1,0.0
2010-06-01,33.7,21.4,59,15.5,0.0
2010-06-02,33.1,22.3,69,14.7,0.4
2010-06-03,26.1,20.9,88,11.2,8.4
2010-06-04,33.5,19.2,64,10.0,0.0
2010-06-05,33.8,21.9,66,16.0,0.0
2010-06-06,33.7,24.6,72,13.3,0.0
2010-06-07,33.2,24.3,71,16.8,0.0
2010-06-08,30.1,23.3,85,19.5,4.8
2010-06-09,27.3,22.0,93,13.9,43.7
2010-06-10,32.5,25.0,77,23.0,0.0
2010-06-11,31.4,24.6,77,26.2,0.4
2010-06-12,31.2,25.3,78,25.6,1.3
2010-06-13,31.8,25.2,75,22.7,0.1
2010-06-14,32.1,25.0,74,20.7,0.0
2010-06-15,31.8,23.9,74,16.5,0.0
2010-06-16,32.6,23.8,73,16.9,0.7
2010-06-17,32.1,23.8,71,20.1,0.7
2010-06-18,32.6,24.2,72,18.8,0.0
2010-06-19,33.1,24.1,69,16.8,0.0
2010-06-20,34.1,24.2,66,15.6,0.0
2010-06-21,33.6,23.2,66,15.2,0.0
2010-06-22,34.3,23.4,66,13.8,0.0
2010-06-23,33.4,23.6,66,15.1,0.0
2010-06-24,32.2,24.9,71,11.6,0.3
2010-06-25,34.3,24.7,65,16.1,0.0
2010-06-26,34.6,24.7,65,17.5,0.4
2010-06-27,35.4,24.0,61,17.4,0.0
2010-06-28,35.4,24.9,64,14.9,0.1
2010-06-29,31.1,24.3,81,17.1,12.2
2010-06-30,30.3,24.0,84,19.9,11.3
2010-07-01,25.7,23.9,96,20.3,21.5
2010-07-02,27.6,23.7,96,16.6,28.7
2010-07-03,31.0,24.4,87,20.2,1.8
2010-07-04,31.2,24.6,77,21.6,1.6
2010-07-05,31.5,24.0,76,15.0,0.3
2010-07-06,32.0,22.8,73,9.3,0.0
2010-07-07,32.5,24.9,78,18.4,1.8
2010-07-08,27.7,23.7,93,17.0,26.9
2010-07-09,30.3,23.8,88,13.0,11.9
2010-07-10,30.9,23.3,82,13.0,0.5
2010-07-11,32.3,24.1,74,19.2,0.0
2010-07-12,32.9,24.8,74,22.9,0.0
2010-07-13,33.4,24.9,72,23.1,0.0
2010-07-14,33.9,25.0,72,19.7,0.1
2010-07-15,34.0,24.5,70,15.6,0.0
2010-07-16,34.5,24.0,64,12.4,0.0
2010-07-17,35.4,24.2,62,13.8,0.0
2010-07-18,34.3,25.3,66,14.2,0.0
2010-07-19,33.4,25.2,70,17.4,0.0
2010-07-20,33.6,25.0,66,15.9,0.0
2010-07-21,34.6,23.3,70,17.1,3.1
2010-07-22,33.9,25.1,72,16.9,0.5
2010-07-23,34.2,25.4,69,20.1,0.4
2010-07-24,35.1,23.9,64,15.0,0.2
2010-07-25,34.6,24.2,62,12.8,0.1
2010-07-26,32.4,24.4,78,11.1,13.0
2010-07-27,31.2,23.4,82,16.3,5.9
2010-07-28,29.5,24.2,83,18.3,7.4
2010-07-29,32.9,23.9,73,14.0,0.0
2010-07-30,34.1,24.4,70,14.1,0.0
2010-07-31,35.6,23.7,63,13.8,0.0
2010-08-01,37.0,23.4,56,14.8,0.0
2010-08-02,36.9,24.3,45,14.7,0.0
2010-08-03,36.5,23.6,56,14.3,0.0
2010-08-04,35.7,25.9,62,12.7,0.0
2010-08-05,36.3,26.0,56,13.3,0.0
2010-08-06,36.5,26.5,58,15.3,0.0
2010-08-07,35.2,26.6,63,15.7,0.1
2010-08-08,35.8,25.9,63,16.8,0.3
2010-08-09,36.9,25.9,59,16.7,0.0
2010-08-10,36.6,26.1,61,12.3,0.0
2010-08-11,37.0,27.2,56,11.2,0.0
2010-08-12,36.1,27.0,53,15.0,0.0
2010-08-13,37.0,26.6,57,18.4,0.0
2010-08-14,37.0,27.0,61,18.0,0.2
2010-08-15,37.3,26.6,55,17.6,0.0
2010-08-16,38.5,27.6,51,22.5,0.0
2010-08-17,36.5,26.5,59,9.0,0.0
2010-08-18,37.4,27.7,59,13.1,1.5
2010-08-19,36.7,27.1,62,21.3,0.6
2010-08-20,37.6,26.9,58,23.0,0.0
2010-08-21,37.6,26.2,56,18.4,0.0
2010-08-22,38.0,26.5,54,17.7,0.0
2010-08-23,39.7,27.5,47,15.3,0.4
2010-08-24,39.0,27.7,45,16.9,0.0
2010-08-25,34.6,26.0,61,21.3,0.1
2010-08-26,32.9,25.5,54,12.7,0.0
2010-08-27,35.0,23.8,39,15.0,0.0
2010-08-28,35.5,22.1,37,10.0,0.0
2010-08-29,35.8,24.0,55,18.0,0.0
2010-08-30,34.6,25.9,69,17.8,3.2
2010-08-31,35.7,26.3,71,20.5,5.2
2010-09-01,34.7,25.5,68,15.1,0.9
2010-09-02,33.2,25.7,73,16.3,6.0
2010-09-03,28.5,23.5,76,22.5,5.9
2010-09-04,30.7,22.6,55,15.4,0.0
2010-09-05,32.6,22.4,63,16.9,0.0
2010-09-06,31.0,22.7,75,18.8,2.2
2010-09-07,25.4,23.3,96,31.0,64.0
2010-09-08,29.0,23.4,89,29.9,9.0
2010-09-09,31.4,23.8,79,17.9,2.9
2010-09-10,31.5,24.3,76,17.4,0.0
2010-09-11,32.5,24.6,76,15.4,0.0
2010-09-12,32.2,23.8,74,9.2,0.4
2010-09-13,32.0,23.9,79,7.3,2.3
2010-09-14,32.1,23.9,77,12.1,0.3
2010-09-15,30.9,23.8,77,14.4,0.1
2010-09-16,32.4,22.2,70,11.5,0.0
2010-09-17,31.6,23.0,76,14.1,5.3
2010-09-18,30.6,22.4,85,17.3,2.7
2010-09-19,28.7,21.4,85,15.2,4.8
2010-09-20,27.2,20.2,81,14.3,0.3
2010-09-21,28.2,22.3,85,15.3,4.6
2010-09-22,30.0,21.7,82,16.6,0.5
2010-09-23,30.4,23.3,77,20.2,1.2
2010-09-24,30.8,23.5,80,12.8,0.3
2010-09-25,31.1,22.5,77,15.0,0.8
2010-09-26,29.4,21.1,69,20.0,0.0
2010-09-27,24.5,15.1,57,17.5,0.0
2010-09-28,28.2,13.3,58,7.7,0.0
2010-09-29,30.6,15.7,55,10.1,0.0
2010-09-30,30.8,17.3,48,13.1,0.0
2010-10-01,30.2,19.6,49,14.2,0.0
2010-10-02,29.3,16.7,37,16.1,0.0
2010-10-03,25.2,17.2,46,17.8,0.0
2010-10-04,24.5,13.2,33,11.3,0.0
2010-10-05,25.8,11.8,39,10.1,0.0
2010-10-06,26.7,11.8,37,9.0,0.0
2010-10-07,28.1,11.6,44,9.0,0.0
2010-10-08,28.8,13.2,44,10.3,0.0
2010-10-09,29.1,14.3,56,12.3,0.0
2010-10-10,29.4,16.5,65,16.2,0.0
2010-10-11,29.5,19.4,73,17.0,2.5
2010-10-12,30.8,19.1,61,14.5,0.0
2010-10-13,28.6,17.3,47,21.0,0.0
2010-10-14,25.5,15.3,37,16.3,0.0
2010-10-15,28.1,10.3,37,11.2,0.0
2010-10-16,28.0,12.0,40,11.2,0.0
2010-10-17,28.4,14.8,65,15.4,0.0
2010-10-18,29.4,18.0,67,15.9,0.0
2010-10-19,29.5,17.9,65,13.4,0.0
2010-10-20,29.8,18.8,66,12.4,0.0
2010-10-21,30.1,18.5,67,21.0,0.0
2010-10-22,29.8,21.5,67,30.9,0.2
2010-10-23,29.2,21.2,69,27.4,0.6
2010-10-24,30.2,19.6,70,19.3,0.0
2010-10-25,32.7,20.6,66,27.8,0.0
2010-10-26,28.0,18.5,51,22.3,0.0
2010-10-27,30.8,16.2,58,24.5,0.0
2010-10-28,24.3,15.4,23,27.9,0.0
2010-10-29,22.2,10.6,33,12.2,0.0
2010-10-30,25.7,8.2,34,15.3,0.0
2010-10-31,29.3,12.8,57,18.8,0.0
2010-11-01,29.2,18.5,76,19.3,5.8
2010-11-02,20.7,13.3,70,25.3,15.3
2010-11-03,17.2,11.7,72,29.9,4.8
2010-11-04,18.8,10.6,36,28.3,0.0
2010-11-05,17.7,7.0,40,13.8,0.0
2010-11-06,19.3,7.4,44,10.1,0.0
2010-11-07,21.5,6.1,59,14.5,0.0
2010-11-08,23.5,9.7,68,18.7,0.0
2010-11-09,25.0,12.4,65,23.0,0.0
2010-11-10,26.6,14.5,72,16.6,0.0
2010-11-11,25.7,17.8,82,19.4,0.3
2010-11-12,25.8,14.9,81,25.5,5.0
2010-11-13,17.4,9.6,51,25.5,0.0
2010-11-14,15.9,8.1,57,10.0,0.1
2010-11-15,20.7,12.0,64,13.3,0.5
2010-11-16,19.9,9.6,54,23.0,0.0
2010-11-17,25.4,10.4,49,24.3,0.0
2010-11-18,17.3,6.9,54,22.0,0.0
2010-11-19,19.9,4.1,61,15.1,0.0
2010-11-20,24.7,10.4,78,21.9,0.0
2010-11-21,26.7,18.1,78,33.4,0.2
2010-11-22,27.7,19.5,76,25.3,0.0
2010-11-23,27.0,20.6,83,19.2,0.4
2010-11-24,28.3,20.7,80,32.8,0.4
2010-11-25,26.2,8.8,69,28.9,1.8
2010-11-26,13.5,5.2,27,28.4,0.0
2010-11-27,15.5,4.7,36,11.3,0.0
2010-11-28,21.1,5.6,60,28.1,0.0
2010-11-29,24.9,16.2,62,27.6,1.0
2010-11-30,15.9,6.0,29,27.2,0.0
2010-12-01,18.0,3.0,35,18.8,0.0
2010-12-02,21.1,5.9,56,17.6,0.0
2010-12-03,23.5,8.9,73,20.6,0.0
2010-12-04,25.0,12.5,64,21.7,0.0
2010-12-05,13.6,6.6,40,21.2,0.0
2010-12-06,12.4,3.1,43,12.9,0.0
2010-12-07,14.9,2.6,54,17.1,0.0
2010-12-08,13.3,5.5,62,24.4,0.0
2010-12-09,17.3,3.0,62,24.5,0.0
2010-12-10,22.3,7.2,72,20.2,0.0
2010-12-11,22.6,11.8,54,25.6,0.0
2010-12-12,12.9,4.9,23,26.1,0.0
2010-12-13,15.5,2.6,31,16.5,0.0
2010-12-14,20.8,5.4,53,25.8,0.0
2010-12-15,24.0,11.7,68,26.8,0.0
2010-12-16,15.7,9.3,60,23.1,0.0
2010-12-17,12.6,5.9,55,16.0,0.0
2010-12-18,13.3,3.7,44,14.4,0.0
2010-12-19,18.8,3.8,56,18.7,0.0
2010-12-20,23.9,11.6,80,22.4,0.0
2010-12-21,26.4,16.1,80,17.4,0.0
2010-12-22,17.7,14.1,76,15.5,0.0
2010-12-23,17.9,13.0,79,18.3,0.9
2010-12-24,19.7,7.3,83,26.8,10.0
2010-12-25,8.2,2.2,56,27.3,0.0
2010-12-26,9.1,-1.5,56,12.1,0.0
2010-12-27,13.6,-1.6,67,18.7,0.0
2010-12-28,16.8,9.9,85,22.1,1.6
2010-12-29,20.1,12.4,87,23.4,2.8
2010-12-30,22.0,12.2,87,23.8,0.0
2010-12-31,19.4,9.7,57,23.6,0.0
2011-01-01,13.4,4.8,33,17.2,0.0
2011-01-02,12.5,0.3,48,10.0,0.0
2011-01-03,14.0,3.4,58,13.2,0.0
2011-01-04,16.4,8.1,87,8.8,0.3
2011-01-05,20.9,10.0,56,17.8,0.0
2011-01-06,18.7,3.7,46,8.2,0.0
2011-01-07,23.2,3.9,44,11.0,0.0
2011-01-08,16.9,5.9,45,16.3,0.9
2011-01-09,8.7,4.6,86,21.0,47.7
2011-01-10,10.8,2.6,76,20.3,0.0
2011-01-11,5.3,-1.3,51,23.6,0.0
2011-01-12,4.2,-2.6,46,14.8,0.0
2011-01-13,4.1,0.2,42,12.0,0.0
2011-01-14,8.4,3.4,65,9.7,0.5
2011-01-15,10.4,8.3,98,12.6,20.0
2011-01-16,10.4,8.9,97,14.7,11.7
2011-01-17,16.5,5.7,87,17.7,0.0
2011-01-18,16.8,7.9,83,25.2,0.0
2011-01-19,16.7,3.7,83,20.6,0.0
2011-01-20,13.6,1.6,71,32.8,0.3
2011-01-21,8.3,-2.8,58,16.6,0.0
2011-01-22,15.1,-0.8,63,19.8,0.0
2011-01-23,13.2,3.8,80,17.5,0.9
2011-01-24,11.7,5.0,57,14.0,0.3
2011-01-25,12.9,4.0,58,22.5,0.1
2011-01-26,14.7,-0.3,64,10.7,0.0
2011-01-27,18.8,2.4,58,11.9,0.0
2011-01-28,22.1,5.2,47,13.7,0.0
2011-01-29,23.0,9.2,78,23.0,0.0
2011-01-30,24.7,14.6,79,19.2,0.5
2011-01-31,22.9,10.5,79,19.8,0.5
2011-02-01,17.8,-6.8,64,44.3,11.4
2011-02-02,-0.3,-7.7,46,29.6,0.0
2011-02-03,0.0,-7.5,49,19.8,1.2
2011-02-04,2.7,-6.2,56,16.5,2.4
2011-02-05,16.4,-4.7,42,17.3,0.0
2011-02-06,20.8,3.8,48,24.8,0.0
2011-02-07,12.4,3.2,59,23.4,0.0
2011-02-08,16.1,1.3,62,29.2,0.0
2011-02-09,10.5,-4.9,67,32.8,7.5
2011-02-10,5.0,-6.2,53,20.6,0.0
2011-02-11,11.7,-3.8,58,11.0,0.0
2011-02-12,17.2,-2.0,56,13.7,0.0
2011-02-13,20.0,2.3,60,23.2,0.0
2011-02-14,22.9,8.2,80,17.4,0.0
2011-02-15,23.6,13.2,80,21.5,0.1
2011-02-16,23.1,15.1,80,23.8,0.0
2011-02-17,23.9,16.9,80,25.4,0.5
2011-02-18,23.7,16.0,82,16.7,0.0
2011-02-19,22.2,14.4,88,22.9,0.4
2011-02-20,24.2,15.2,82,28.7,0.2
2011-02-21,23.6,15.8,77,22.4,0.0
2011-02-22,15.5,11.5,59,18.9,0.1
2011-02-23,24.9,14.7,83,20.6,0.8
2011-02-24,27.3,15.4,67,23.9,4.8
2011-02-25,20.4,7.8,47,15.6,0.0
2011-02-26,23.9,9.0,86,19.9,0.8
2011-02-27,28.3,17.5,82,31.0,0.0
2011-02-28,20.0,11.8,37,26.0,1.5
2011-03-01,21.5,6.1,49,12.3,0.0
2011-03-02,23.7,8.5,48,11.4,0.0
2011-03-03,23.3,7.8,65,20.0,0.0
2011-03-04,23.8,14.2,76,18.0,0.0
2011-03-05,16.5,8.5,62,32.0,2.6
2011-03-06,18.6,2.9,44,15.0,0.0
2011-03-07,25.0,7.6,68,27.2,0.0
2011-03-08,27.9,16.4,77,24.1,1.6
2011-03-09,21.4,11.3,46,24.3,0.0
2011-03-10,21.4,6.8,30,11.3,0.0
2011-03-11,24.5,6.0,38,25.2,0.0
2011-03-12,26.9,12.2,68,26.1,0.0
2011-03-13,23.8,15.7,76,20.6,0.3
2011-03-14,21.9,11.8,58,21.2,0.9
2011-03-15,22.6,6.6,58,14.8,0.0
2011-03-16,24.5,15.0,77,23.2,0.1
2011-03-17,28.3,17.8,69,25.6,0.0
2011-03-18,29.8,17.9,70,23.9,0.0
2011-03-19,28.5,18.1,68,23.7,0.0
2011-03-20,26.6,18.0,70,24.7,0.5
2011-03-21,28.1,17.3,70,28.7,0.7
2011-03-22,27.6,17.6,68,32.2,0.0
2011-03-23,30.2,17.5,63,17.7,0.0
2011-03-24,28.4,17.1,51,20.3,0.0
2011-03-25,28.0,17.7,69,20.5,0.0
2011-03-26,30.6,19.5,70,19.9,0.2
2011-03-27,22.1,14.5,67,18.1,0.4
2011-03-28,18.6,10.3,73,13.7,0.0
2011-03-29,22.5,12.6,84,27.6,1.5
2011-03-30,19.5,9.8,56,23.3,0.0
2011-03-31,26.7,7.8,61,12.3,0.0
2011-04-01,31.7,15.4,66,23.4,0.0
2011-04-02,30.7,16.5,73,23.0,0.0
2011-04-03,31.1,19.2,73,30.3,0.2
2011-04-04,25.7,15.1,49,35.8,0.4
2011-04-05,23.7,8.3,25,19.2,0.0
2011-04-06,29.1,11.8,57,25.5,0.0
2011-04-07,29.7,17.5,73,26.4,0.0
2011-04-08,33.3,21.2,68,25.7,0.0
2011-04-09,32.6,20.2,67,28.9,0.0
2011-04-10,32.9,20.5,68,28.4,0.0
2011-04-11,28.0,17.6,45,25.7,4.5
2011-04-12,28.2,12.0,42,16.6,0.0
2011-04-13,29.0,12.6,50,18.9,0.0
2011-04-14,28.9,20.1,72,22.5,0.2
2011-04-15,27.5,17.1,33,28.1,0.0
2011-04-16,27.0,10.9,21,12.6,0.0
2011-04-17,29.4,12.0,43,27.8,0.0
2011-04-18,34.2,19.7,68,24.6,0.0
2011-04-19,34.0,22.4,64,27.3,0.0
2011-04-20,32.6,22.4,67,19.8,0.1
2011-04-21,31.3,20.9,70,25.1,0.7
2011-04-22,32.9,23.0,64,28.1,0.0
2011-04-23,32.7,22.5,66,29.4,0.0
2011-04-24,31.8,22.9,65,30.1,0.0
2011-04-25,33.6,23.2,67,30.0,1.6
2011-04-26,34.3,21.3,77,22.7,15.4
2011-04-27,28.1,18.0,44,25.0,0.0
2011-04-28,25.9,13.4,47,15.1,0.0
2011-04-29,30.4,13.6,49,30.8,0.0
2011-04-30,31.5,20.1,71,27.0,0.7
2011-05-01,33.5,13.6,65,31.6,0.5
2011-05-02,13.4,10.1,78,25.1,3.6
2011-05-03,22.6,8.9,53,22.1,0.0
2011-05-04,25.2,9.5,43,17.9,0.0
2011-05-05,27.8,12.2,48,16.7,0.0
2011-05-06,30.9,15.1,54,20.9,0.0
2011-05-07,32.7,17.9,64,22.1,0.0
2011-05-08,34.9,20.8,66,24.8,0.0
2011-05-09,35.6,21.6,61,30.7,0.0
2011-05-10,32.9,23.3,65,24.5,0.0
2011-05-11,32.0,23.3,70,27.8,5.5
2011-05-12,27.2,19.7,86,21.4,9.4
2011-05-13,30.1,19.0,63,17.7,0.1
2011-05-14,26.8,15.4,44,15.0,0.0
2011-05-15,25.7,12.9,43,13.9,0.0
2011-05-16,29.7,18.2,38,11.6,0.0
2011-05-17,30.9,15.5,43,24.4,0.0
2011-05-18,30.4,19.6,71,25.9,0.8
2011-05-19,28.6,23.0,77,27.4,3.2
2011-05-20,30.9,20.7,87,26.3,12.2
2011-05-21,29.9,20.7,85,21.7,4.4
2011-05-22,32.1,24.1,73,23.8,0.1
2011-05-23,32.6,22.9,68,28.1,0.0
2011-05-24,34.2,23.9,68,27.3,0.0
2011-05-25,37.8,23.6,61,23.5,0.8
2011-05-26,34.1,21.3,41,16.9,1.4
2011-05-27,36.7,22.5,54,27.8,0.0
2011-05-28,37.1,23.1,60,29.4,0.0
2011-05-29,35.8,22.9,62,30.4,0.0
2011-05-30,35.4,24.8,61,32.3,0.2
2011-05-31,35.0,24.6,61,22.1,1.0
2011-06-01,35.2,22.9,53,17.0,0.0
2011-06-02,36.0,21.7,41,18.7,0.0
2011-06-03,36.5,22.9,41,19.6,0.0
2011-06-04,35.5,22.3,53,13.8,0.0
2011-06-05,36.8,21.9,46,12.9,0.6
2011-06-06,38.4,24.1,46,18.8,0.0
2011-06-07,36.7,24.8,47,20.0,0.2
2011-06-08,35.5,24.0,58,22.5,0.0
2011-06-09,36.1,23.1,55,20.5,0.0
2011-06-10,36.4,23.5,55,21.2,0.0
2011-06-11,36.0,23.3,56,19.9,0.0
2011-06-12,37.1,23.4,52,19.5,0.0
2011-06-13,37.3,23.8,53,21.7,0.0
2011-06-14,38.5,24.0,52,27.4,0.0
2011-06-15,38.7,25.2,54,25.4,0.0
2011-06-16,38.4,24.9,54,26.3,0.0
2011-06-17,39.5,26.0,56,30.5,0.0
2011-06-18,40.2,25.6,54,26.4,0.0
2011-06-19,39.2,25.4,56,30.1,0.0
2011-06-20,37.3,25.5,56,31.4,0.0
2011-06-21,36.0,26.1,63,22.9,5.3
2011-06-22,31.1,22.7,81,15.5,27.4
2011-06-23,31.8,22.4,73,12.3,0.0
2011-06-24,32.1,22.4,69,17.4,0.0
2011-06-25,34.0,24.9,69,24.8,0.3
2011-06-26,35.4,24.3,63,23.0,0.0
2011-06-27,37.6,25.0,60,20.9,0.0
2011-06-28,36.3,24.9,59,18.6,0.0
2011-06-29,36.4,24.5,54,15.2,0.0
2011-06-30,36.9,24.5,47,15.8,0.0
2011-07-01,35.9,25.3,50,14.3,0.0
2011-07-02,36.7,26.0,53,14.1,0.0
2011-07-03,37.5,25.9,45,18.1,0.0
2011-07-04,38.2,26.1,43,17.7,0.0
2011-07-05,37.5,25.4,42,17.3,0.0
2011-07-06,37.8,26.1,44,17.9,0.0
2011-07-07,37.2,25.9,49,18.7,0.2
2011-07-08,38.6,26.1,45,18.8,0.0
2011-07-09,37.3,26.0,48,22.2,0.3
2011-07-10,36.9,25.8,57,19.8,0.2
2011-07-11,37.2,26.2,57,19.2,0.1
2011-07-12,37.0,26.4,56,21.6,0.1
2011-07-13,38.7,25.4,51,19.8,0.0
2011-07-14,38.1,26.7,50,20.0,0.0
2011-07-15,38.2,26.7,48,19.4,0.0
2011-07-16,36.5,26.7,49,18.7,0.4
2011-07-17,37.0,26.1,49,17.7,0.0
2011-07-18,37.3,27.4,47,13.8,0.0
2011-07-19,36.7,27.9,46,13.6,0.0
2011-07-20,36.1,26.9,56,21.6,0.0
2011-07-21,37.7,26.2,56,22.3,0.0
2011-07-22,37.5,26.6,59,24.0,0.1
2011-07-23,38.6,26.4,54,23.7,0.0
2011-07-24,39.0,26.4,52,20.9,0.0
2011-07-25,39.2,27.1,43,19.5,0.0
2011-07-26,38.9,27.3,45,19.0,0.0
2011-07-27,39.1,27.1,46,21.9,0.0
2011-07-28,38.0,26.4,50,20.2,0.0
2011-07-29,37.1,26.9,56,20.4,0.9
2011-07-30,36.4,25.4,61,20.8,1.8
2011-07-31,37.8,24.9,51,14.4,0.0
2011-08-01,39.7,26.7,46,14.0,0.0
2011-08-02,40.0,28.0,41,16.9,0.0
2011-08-03,39.6,27.4,45,19.0,0.0
2011-08-04,40.2,27.4,46,24.3,0.0
2011-08-05,40.2,27.0,51,24.0,0.0
2011-08-06,39.4,26.4,51,20.8,0.0
2011-08-07,38.7,26.9,53,23.4,0.2
2011-08-08,39.8,26.8,52,26.0,0.0
2011-08-09,39.7,26.3,52,23.4,0.0
2011-08-10,39.1,26.3,53,23.8,0.0
2011-08-11,36.6,27.3,61,22.0,3.2
2011-08-12,38.0,27.0,56,21.7,0.0
2011-08-13,36.6,26.6,56,19.6,0.0
2011-08-14,37.5,27.9,53,16.3,1.7
2011-08-15,38.5,27.4,45,20.5,0.0
2011-08-16,38.4,26.3,50,20.9,0.0
2011-08-17,38.2,26.3,49,16.3,0.0
2011-08-18,38.9,26.6,41,16.3,0.0
2011-08-19,39.4,26.7,43,16.9,0.0
2011-08-20,39.3,27.9,45,17.4,0.0
2011-08-21,37.7,26.2,48,17.6,0.0
2011-08-22,38.6,27.0,46,16.5,0.0
2011-08-23,39.0,27.3,45,16.6,0.0
2011-08-24,39.2,27.5,45,20.1,0.0
2011-08-25,35.9,28.0,53,14.1,0.0
2011-08-26,38.2,25.4,49,9.2,0.0
2011-08-27,40.7,28.1,35,12.6,0.0
2011-08-28,42.4,27.9,27,16.9,0.0
2011-08-29,41.6,28.5,32,15.6,0.0
2011-08-30,39.5,27.7,35,17.4,0.0
2011-08-31,38.0,25.9,46,17.2,0.0
2011-09-01,37.5,25.3,46,15.0,0.0
2011-09-02,37.2,27.8,46,16.2,0.0
2011-09-03,37.5,27.0,42,24.2,0.0
2011-09-04,37.5,26.3,36,36.6,0.0
2011-09-05,32.2,23.9,30,27.8,0.0
2011-09-06,32.5,18.8,24,10.7,0.0
2011-09-07,34.0,18.5,24,12.2,0.0
2011-09-08,33.2,20.8,22,13.7,0.0
2011-09-09,34.5,19.1,25,9.4,0.0
2011-09-10,35.4,20.4,27,9.7,0.0
2011-09-11,37.7,22.4,33,13.9,0.0
2011-09-12,38.6,24.2,28,17.6,0.0
2011-09-13,39.0,25.2,36,18.5,0.0
2011-09-14,37.8,24.5,39,19.6,0.0
2011-09-15,34.5,23.9,52,16.6,0.0
2011-09-16,32.7,24.4,62,20.0,1.0
2011-09-17,32.4,24.3,69,16.8,3.7
2011-09-18,33.1,22.9,75,15.3,5.0
2011-09-19,31.5,22.2,66,13.4,14.7
2011-09-20,31.9,19.1,51,8.6,0.0
2011-09-21,33.1,21.5,59,13.7,0.0
2011-09-22,33.3,21.8,59,18.0,0.8
2011-09-23,30.5,20.3,48,17.3,0.0
2011-09-24,34.6,20.4,36,13.8,0.0
2011-09-25,38.3,24.4,43,23.8,0.0
2011-09-26,37.7,23.0,51,19.4,1.4
2011-09-27,36.7,24.0,57,24.1,0.3
2011-09-28,36.8,21.5,48,10.7,0.0
2011-09-29,37.0,23.7,51,18.3,0.2
2011-09-30,31.2,23.8,40,27.1,0.0
2011-10-01,29.5,18.6,23,13.0,0.0
2011-10-02,29.7,15.7,32,10.5,0.0
2011-10-03,29.4,16.0,44,11.4,0.0
2011-10-04,29.3,15.7,47,12.9,0.0
2011-10-05,29.7,17.5,57,19.0,0.0
2011-10-06,29.9,20.5,66,23.0,0.0
2011-10-07,31.4,23.8,71,24.7,1.8
2011-10-08,30.8,22.1,76,24.2,7.9
2011-10-09,23.9,20.5,91,26.2,23.2
2011-10-10,24.3,19.0,78,10.5,0.5
2011-10-11,28.0,17.1,74,12.6,0.2
2011-10-12,28.3,20.2,79,17.4,0.3
2011-10-13,28.6,17.8,53,14.2,0.0
2011-10-14,29.4,15.2,47,10.2,0.0
2011-10-15,29.5,15.5,55,11.6,0.0
2011-10-16,29.9,16.9,66,13.4,0.0
2011-10-17,31.2,17.9,62,21.6,0.0
2011-10-18,22.9,15.0,42,33.4,0.0
2011-10-19,23.3,12.4,29,21.9,0.0
2011-10-20,25.7,9.8,35,17.8,0.0
2011-10-21,30.0,14.5,59,19.4,0.0
2011-10-22,28.7,18.1,64,21.3,0.0
2011-10-23,30.8,18.9,59,18.0,0.0
2011-10-24,30.2,17.2,63,14.3,0.0
2011-10-25,30.2,18.9,61,21.8,0.0
2011-10-26,30.6,19.3,61,19.0,0.0
2011-10-27,25.4,11.3,74,29.8,0.2
2011-10-28,18.2,11.0,54,27.1,0.0
2011-10-29,19.6,7.3,48,10.8,0.0
2011-10-30,22.8,9.2,44,10.2,0.0
2011-10-31,25.7,10.4,56,12.5,0.0
2011-11-01,26.3,12.6,60,21.1,0.0
2011-11-02,28.6,14.1,63,31.4,0.7
2011-11-03,17.2,7.8,32,32.0,0.0
2011-11-04,18.3,4.2,34,8.7,0.0
2011-11-05,24.7,7.6,51,26.6,0.0
2011-11-06,26.0,19.5,78,22.9,1.5
2011-11-07,26.4,20.6,78,26.3,3.4
2011-11-08,25.5,15.4,61,23.8,1.9
2011-11-09,17.4,9.0,44,25.2,0.0
2011-11-10,17.8,8.2,41,18.7,0.0
2011-11-11,20.2,5.6,39,20.1,0.0
2011-11-12,25.2,11.8,61,27.5,0.0
2011-11-13,29.0,17.9,74,25.6,0.0
2011-11-14,26.9,20.4,76,22.1,0.3
2011-11-15,22.0,17.3,96,16.6,28.2
2011-11-16,24.2,13.2,74,22.5,0.0
2011-11-17,16.3,8.8,47,21.9,0.0
2011-11-18,21.5,7.2,61,25.6,0.0
2011-11-19,25.3,18.0,83,26.3,0.5
2011-11-20,27.2,22.0,82,26.7,0.3
2011-11-21,26.6,21.7,86,28.4,3.2
2011-11-22,22.7,12.7,80,21.7,33.4
2011-11-23,20.1,10.1,78,10.8,0.0
2011-11-24,20.7,11.4,77,15.3,0.0
2011-11-25,23.4,12.2,77,23.9,0.0
2011-11-26,19.3,10.8,71,30.9,23.1
2011-11-27,11.9,5.6,30,30.8,0.0
2011-11-28,15.1,2.0,51,9.8,0.0
2011-11-29,17.1,3.7,59,15.0,0.0
2011-11-30,15.7,4.4,65,10.3,0.0
2011-12-01,21.2,5.5,78,18.5,0.2
2011-12-02,16.8,15.0,89,20.4,7.0
2011-12-03,21.7,14.7,85,30.0,3.0
2011-12-04,19.0,7.2,94,24.5,16.9
2011-12-05,9.7,5.0,76,25.6,8.7
2011-12-06,5.4,0.5,55,21.3,0.0
2011-12-07,9.2,-2.7,60,11.2,0.0
2011-12-08,12.4,-0.5,67,14.3,0.0
2011-12-09,16.5,4.9,85,15.1,0.0
2011-12-10,11.8,8.1,74,16.3,1.9
2011-12-11,10.9,5.8,66,11.7,4.2
2011-12-12,16.2,9.5,66,14.5,0.0
2011-12-13,20.4,13.0,93,22.4,1.1
2011-12-14,23.5,18.8,92,31.4,3.8
2011-12-15,19.6,9.6,90,20.7,18.8
2011-12-16,12.8,7.9,77,22.0,5.7
2011-12-17,12.7,7.8,56,15.5,0.0
2011-12-18,14.8,10.1,61,17.2,0.0
2011-12-19,22.6,13.6,86,30.5,4.5
2011-12-20,13.5,7.7,61,23.7,0.0
2011-12-21,11.8,5.8,62,9.7,0.7
2011-12-22,18.3,8.0,75,21.5,15.7
2011-12-23,9.5,4.1,72,19.6,0.0
2011-12-24,6.8,5.7,89,19.5,5.4
2011-12-25,8.9,5.5,81,16.7,0.0
2011-12-26,12.6,5.0,64,18.6,0.2
2011-12-27,15.4,2.3,63,15.1,0.0
2011-12-28,18.1,3.0,69,18.4,0.0
2011-12-29,18.9,3.2,67,13.4,0.0
2011-12-30,20.1,7.5,66,13.6,0.0
2011-12-31,22.7,5.7,76,18.9,0.0
2012-01-01,15.0,7.2,48,24.9,0.0
2012-01-02,13.3,4.2,56,15.6,0.0
2012-01-03,14.5,3.5,57,18.4,0.0
2012-01-04,18.9,4.9,73,17.0,0.0
2012-01-05,19.6,7.1,72,10.8,0.0
2012-01-06,21.9,13.0,77,23.1,0.0
2012-01-07,18.9,10.9,73,14.4,0.0
2012-01-08,16.6,9.8,83,15.1,2.3
2012-01-09,13.4,6.8,98,24.1,19.6
2012-01-10,13.9,5.0,66,27.7,0.0
2012-01-11,22.0,3.9,55,28.7,0.0
2012-01-12,10.5,0.6,42,28.2,0.0
2012-01-13,13.3,-0.7,50,12.0,0.0
2012-01-14,17.2,1.5,50,12.9,0.0
2012-01-15,16.7,2.4,72,19.8,0.0
2012-01-16,23.3,14.9,86,31.7,0.1
2012-01-17,22.4,7.4,71,25.2,0.6
2012-01-18,17.0,3.4,51,19.4,0.0
2012-01-19,24.1,9.4,65,21.8,0.0
2012-01-20,24.0,13.2,86,22.3,0.0
2012-01-21,16.8,8.5,77,19.2,0.0
2012-01-22,25.4,8.8,73,27.7,0.1
2012-01-23,18.2,7.6,55,17.8,0.0
2012-01-24,19.3,8.7,88,16.6,16.2
2012-01-25,18.8,9.8,86,26.8,84.2
2012-01-26,18.9,8.7,63,18.4,0.0
2012-01-27,20.4,5.5,70,24.6,0.0
2012-01-28,13.8,6.1,50,24.6,0.0
2012-01-29,15.7,2.1,60,10.2,0.0
2012-01-30,18.9,5.8,79,21.6,0.4
2012-01-31,22.5,13.7,85,17.9,2.4
2012-02-01,24.0,14.7,88,10.0,0.9
2012-02-02,21.2,12.3,93,16.1,2.9
2012-02-03,24.2,17.7,89,22.4,3.9
2012-02-04,17.9,10.7,64,22.3,16.3
2012-02-05,10.6,6.9,59,23.1,0.2
2012-02-06,9.6,6.2,62,13.7,0.0
2012-02-07,16.6,6.3,67,12.1,0.0
2012-02-08,11.8,5.9,72,17.9,0.0
2012-02-09,13.7,3.7,75,10.9,0.0
2012-02-10,16.3,8.4,70,22.7,4.1
2012-02-11,8.7,2.4,55,22.1,0.0
2012-02-12,5.7,-0.8,52,16.3,1.1
2012-02-13,18.6,4.7,83,13.8,7.7
2012-02-14,21.4,5.9,83,16.9,1.3
2012-02-15,23.0,11.8,84,17.0,5.0
2012-02-16,16.5,9.8,64,15.7,0.9
2012-02-17,15.3,10.0,91,14.7,17.5
2012-02-18,13.0,9.7,93,25.7,46.1
2012-02-19,14.2,7.5,80,17.0,0.0
2012-02-20,18.8,7.2,85,19.8,0.0
2012-02-21,21.4,11.1,84,19.6,0.0
2012-02-22,27.3,15.1,76,19.5,0.0
2012-02-23,29.5,16.8,70,22.0,0.0
2012-02-24,19.2,7.5,40,31.8,0.0
2012-02-25,15.7,3.6,53,14.6,0.0
2012-02-26,18.2,4.0,67,19.1,0.0
2012-02-27,18.9,13.5,87,14.6,0.3
2012-02-28,24.2,15.3,86,32.1,0.7
2012-02-29,22.7,15.5,79,17.9,1.5
2012-03-01,24.4,13.4,86,19.6,0.5
2012-03-02,24.8,14.1,73,19.2,0.2
2012-03-03,17.1,8.5,42,25.1,0.0
2012-03-04,21.5,4.3,50,18.7,0.0
2012-03-05,23.0,7.3,52,20.9,0.0
2012-03-06,22.6,12.3,69,33.1,0.0
2012-03-07,23.1,17.6,76,35.7,0.7
2012-03-08,25.1,10.0,84,30.1,8.8
2012-03-09,9.5,7.3,90,29.0,23.2
2012-03-10,12.6,8.3,94,15.6,16.4
2012-03-11,21.4,11.5,85,11.1,7.8
2012-03-12,24.9,9.1,81,16.2,0.0
2012-03-13,25.0,16.6,88,18.2,0.7
2012-03-14,25.2,18.3,87,22.9,3.0
2012-03-15,25.0,19.3,88,22.1,2.0
2012-03-16,25.3,18.9,85,23.5,1.5
2012-03-17,24.9,19.2,81,23.3,0.6
2012-03-18,25.1,18.9,84,28.3,0.3
2012-03-19,25.3,20.4,81,36.1,2.6
2012-03-20,21.0,12.0,72,29.0,66.3
2012-03-21,20.0,10.6,56,21.7,0.1
2012-03-22,25.8,12.8,57,23.7,0.0
2012-03-23,24.2,9.2,67,15.4,0.0
2012-03-24,26.0,13.5,80,9.2,0.0
2012-03-25,26.5,13.9,79,10.0,0.0
2012-03-26,26.5,14.0,72,15.8,0.0
2012-03-27,26.5,14.1,71,16.0,0.0
2012-03-28,23.5,17.7,89,15.7,17.2
2012-03-29,25.2,17.7,88,13.7,7.1
2012-03-30,27.2,19.0,81,19.1,0.0
2012-03-31,28.8,18.5,81,20.8,0.0
2012-04-01,29.3,18.8,81,19.8,0.5
2012-04-02,28.4,19.1,80,22.6,0.8
2012-04-03,26.4,18.2,88,19.6,7.6
2012-04-04,27.1,16.8,72,10.2,0.0
2012-04-05,28.8,16.3,75,12.7,0.0
2012-04-06,26.6,15.5,69,12.4,0.0
2012-04-07,27.1,18.3,77,14.6,0.0
2012-04-08,25.8,16.9,73,10.8,0.0
2012-04-09,25.9,16.1,73,11.8,0.0
2012-04-10,26.9,15.6,69,11.7,0.0
2012-04-11,27.4,15.1,72,16.2,0.0
2012-04-12,27.0,19.2,75,21.2,3.1
2012-04-13,26.1,19.7,76,24.2,0.3
2012-04-14,26.7,21.7,79,37.2,1.5
2012-04-15,25.7,14.6,69,31.0,1.4
2012-04-16,23.9,13.5,75,18.8,0.0
2012-04-17,26.4,13.8,65,13.7,0.0
2012-04-18,26.5,13.3,66,12.7,0.0
2012-04-19,28.2,14.6,60,20.5,0.0
2012-04-20,25.7,17.0,69,25.3,0.3
2012-04-21,24.8,12.4,48,19.3,0.0
2012-04-22,30.1,14.4,49,12.5,0.0
2012-04-23,25.4,14.7,43,14.5,0.0
2012-04-24,30.2,13.0,51,21.9,0.0
2012-04-25,33.1,17.4,65,24.9,0.0
2012-04-26,34.5,19.8,59,24.9,0.0
2012-04-27,32.0,20.5,59,25.4,0.0
2012-04-28,31.2,20.9,65,28.6,0.0
2012-04-29,30.5,21.3,63,28.2,0.1
2012-04-30,30.1,22.0,72,21.9,0.9
2012-05-01,29.2,21.4,72,20.3,1.9
2012-05-02,30.4,20.1,68,17.3,0.0
2012-05-03,33.0,21.3,67,18.7,0.0
2012-05-04,32.5,21.8,66,21.6,0.1
2012-05-05,34.9,21.4,69,23.3,0.0
2012-05-06,34.2,22.7,66,19.8,0.8
2012-05-07,32.3,21.5,71,17.8,1.0
2012-05-08,23.7,19.1,91,19.0,37.3
2012-05-09,25.6,17.2,74,16.8,0.1
2012-05-10,22.9,18.6,83,23.0,25.1
2012-05-11,25.9,19.0,85,18.0,30.3
2012-05-12,25.3,18.3,75,15.3,0.2
2012-05-13,25.7,16.2,71,15.4,0.0
2012-05-14,27.1,15.6,66,9.3,0.0
2012-05-15,21.3,17.8,86,10.2,20.4
2012-05-16,27.1,13.5,72,9.2,0.0
2012-05-17,29.0,15.1,65,13.6,0.0
2012-05-18,29.4,16.7,65,20.9,0.0
2012-05-19,30.4,19.8,70,21.3,0.0
2012-05-20,29.0,18.5,69,14.1,0.0
2012-05-21,30.2,18.0,62,9.2,0.0
2012-05-22,32.1,19.3,58,11.7,0.0
2012-05-23,34.5,20.1,59,24.6,0.0
2012-05-24,34.7,22.5,65,25.6,0.0
2012-05-25,35.2,22.9,64,25.4,0.0
2012-05-26,33.5,24.4,63,22.1,0.0
2012-05-27,32.7,22.5,59,20.0,0.0
2012-05-28,31.2,22.0,65,18.8,0.0
2012-05-29,34.7,22.9,62,20.5,0.0
2012-05-30,34.3,23.5,63,20.6,0.0
2012-05-31,33.9,23.9,62,19.8,2.0
2012-06-01,32.7,21.4,52,15.0,0.0
2012-06-02,34.5,22.8,56,22.4,0.0
2012-06-03,34.6,23.1,60,23.4,0.0
2012-06-04,33.4,24.0,61,17.0,0.0
2012-06-05,33.6,23.5,62,12.6,0.2
2012-06-06,35.5,23.6,54,15.4,0.8
2012-06-07,31.7,23.5,63,17.3,0.4
2012-06-08,30.7,21.1,65,13.5,2.5
2012-06-09,32.8,22.4,61,14.6,0.0
2012-06-10,36.2,22.6,62,20.8,0.0
2012-06-11,37.3,25.3,62,20.9,0.0
2012-06-12,34.2,25.6,69,21.3,0.8
2012-06-13,34.9,22.7,65,20.3,0.4
2012-06-14,34.8,24.4,60,20.6,0.1
2012-06-15,34.5,24.5,60,22.5,0.0
2012-06-16,35.3,25.0,59,21.0,0.0
2012-06-17,33.5,24.2,58,15.1,0.0
2012-06-18,34.2,24.2,57,20.9,0.0
2012-06-19,33.2,24.3,65,25.0,1.2
2012-06-20,33.2,23.7,69,22.7,2.7
2012-06-21,34.5,23.1,56,14.7,0.0
2012-06-22,34.8,22.7,48,15.9,0.0
2012-06-23,35.4,24.4,44,10.7,0.0
2012-06-24,37.1,24.3,47,10.9,0.0
2012-06-25,39.2,25.1,39,10.2,0.0
2012-06-26,40.1,26.3,42,14.4,0.9
2012-06-27,38.9,27.3,40,17.3,0.0
2012-06-28,36.7,25.4,46,18.5,0.0
2012-06-29,33.9,25.3,60,18.7,2.5
2012-06-30,33.4,24.5,71,20.3,3.3
2012-07-01,30.8,24.1,71,18.8,0.6
2012-07-02,34.7,24.2,61,21.1,0.4
2012-07-03,35.1,23.5,61,19.2,0.1
2012-07-04,35.3,24.4,60,18.4,0.1
2012-07-05,35.8,24.8,59,16.0,0.1
2012-07-06,36.4,24.0,56,15.1,0.0
2012-07-07,37.1,25.6,51,14.3,0.0
2012-07-08,34.3,26.4,58,15.3,0.3
2012-07-09,34.8,25.1,64,12.2,2.2
2012-07-10,29.9,23.2,85,6.0,27.7
2012-07-11,28.0,23.1,90,10.7,14.6
2012-07-12,31.3,22.7,77,9.0,2.1
2012-07-13,31.3,23.5,78,12.0,5.5
2012-07-14,31.8,23.6,78,10.9,0.6
2012-07-15,31.9,23.9,79,14.3,3.0
2012-07-16,32.4,23.0,76,14.0,0.9
2012-07-17,30.2,23.4,79,13.6,1.1
2012-07-18,32.6,24.2,78,15.2,0.4
2012-07-19,33.4,23.1,72,12.6,0.0
2012-07-20,35.8,24.3,62,15.5,0.0
2012-07-21,37.2,25.3,54,16.8,0.0
2012-07-22,35.1,25.0,59,17.2,0.3
2012-07-23,34.0,24.7,71,18.4,10.4
2012-07-24,34.1,24.6,67,17.8,0.0
2012-07-25,34.4,24.7,66,21.3,0.1
2012-07-26,34.8,25.5,64,20.5,0.0
2012-07-27,35.6,24.7,62,16.8,0.0
2012-07-28,37.3,22.9,53,13.3,0.0
2012-07-29,37.6,24.8,50,14.9,0.0
2012-07-30,37.1,25.2,52,19.0,0.0
2012-07-31,38.2,25.6,51,18.2,0.0
2012-08-01,38.7,25.5,48,18.8,0.0
2012-08-02,38.1,24.9,49,19.6,0.0
2012-08-03,38.3,25.2,52,22.0,0.0
2012-08-04,37.2,25.2,56,20.0,0.0
2012-08-05,36.4,25.4,58,14.4,0.2
2012-08-06,35.4,25.3,58,11.1,0.0
2012-08-07,37.4,26.3,49,12.8,0.1
2012-08-08,36.9,26.3,49,15.9,0.0
2012-08-09,37.6,26.3,51,17.0,0.0
2012-08-10,39.9,27.0,43,15.5,0.0
2012-08-11,38.7,26.2,41,13.2,0.0
2012-08-12,38.0,26.7,48,19.7,0.2
2012-08-13,36.9,26.3,53,20.5,0.0
2012-08-14,37.9,26.9,48,19.8,0.0
2012-08-15,38.3,26.2,49,22.1,0.0
2012-08-16,37.2,25.1,57,19.4,0.1
2012-08-17,36.9,25.8,58,17.1,0.3
2012-08-18,33.3,24.4,72,18.9,12.2
2012-08-19,28.7,22.4,86,13.1,22.8
2012-08-20,32.6,21.8,65,12.6,0.0
2012-08-21,32.3,22.0,56,17.8,0.0
2012-08-22,31.0,21.8,62,10.9,0.0
2012-08-23,32.3,21.4,66,15.1,0.0
2012-08-24,33.4,23.4,65,18.5,0.0
2012-08-25,33.9,24.9,70,20.9,10.7
2012-08-26,32.9,25.2,69,16.2,0.2
2012-08-27,33.3,23.6,63,10.5,0.0
2012-08-28,33.7,24.6,61,13.7,0.0
2012-08-29,34.8,26.2,48,21.7,0.0
2012-08-30,36.2,25.7,43,16.6,0.0
2012-08-31,36.4,26.4,49,17.9,0.0
2012-09-01,35.4,25.9,65,20.5,0.3
2012-09-02,36.6,25.8,56,19.4,0.0
2012-09-03,37.3,25.0,54,19.8,0.0
2012-09-04,37.7,26.0,56,20.0,0.0
2012-09-05,37.4,24.4,54,16.6,0.0
2012-09-06,37.0,25.0,53,14.2,0.0
2012-09-07,37.7,25.4,50,13.8,0.0
2012-09-08,31.4,25.3,46,26.5,0.0
2012-09-09,32.2,20.4,30,11.5,0.0
2012-09-10,33.2,18.9,32,13.4,0.0
2012-09-11,32.9,19.4,51,20.2,0.0
2012-09-12,33.1,24.2,66,19.7,0.2
2012-09-13,29.3,23.9,79,19.2,11.3
2012-09-14,23.8,18.9,83,15.1,6.9
2012-09-15,25.7,18.2,76,13.0,0.9
2012-09-16,22.3,18.4,93,9.4,31.0
2012-09-17,26.9,17.3,78,8.2,0.0
2012-09-18,28.0,17.9,72,13.4,0.0
2012-09-19,28.3,17.5,64,8.4,0.0
2012-09-20,30.5,17.3,68,12.2,0.0
2012-09-21,30.8,17.5,60,10.4,0.0
2012-09-22,31.3,17.6,57,9.6,0.0
2012-09-23,32.6,19.4,61,8.6,0.0
2012-09-24,32.5,21.5,63,20.3,0.0
2012-09-25,33.2,22.4,63,23.2,0.0
2012-09-26,32.8,23.6,61,18.5,0.0
2012-09-27,31.0,22.1,67,12.8,0.2
2012-09-28,30.0,22.2,80,8.7,9.8
2012-09-29,25.7,21.0,94,27.4,55.6
2012-09-30,23.9,19.0,74,28.2,0.3
2012-10-01,26.4,16.0,69,14.0,0.0
2012-10-02,24.5,17.2,63,17.5,0.1
2012-10-03,27.5,14.0,64,15.4,0.0
2012-10-04,31.6,19.4,74,22.8,0.0
2012-10-05,30.3,22.5,75,18.0,0.0
2012-10-06,22.8,14.1,80,22.2,0.2
2012-10-07,13.6,10.5,68,22.3,0.1
2012-10-08,18.7,10.7,66,12.3,0.0
2012-10-09,27.8,13.6,69,25.1,0.0
2012-10-10,28.6,18.7,81,12.7,0.0
2012-10-11,28.9,21.6,85,17.9,0.2
2012-10-12,29.2,21.3,76,16.9,0.0
2012-10-13,28.3,22.3,87,23.6,25.9
2012-10-14,28.5,18.8,77,23.8,20.2
2012-10-15,25.4,16.0,65,8.9,0.0
2012-10-16,20.7,16.4,79,15.7,2.9
2012-10-17,30.9,16.4,77,23.0,0.0
2012-10-18,24.1,15.3,50,20.3,0.0
2012-10-19,25.6,9.9,51,9.4,0.0
2012-10-20,29.5,14.0,71,21.9,0.0
2012-10-21,31.0,22.4,76,23.5,0.0
2012-10-22,28.0,22.6,82,20.2,3.5
2012-10-23,28.0,20.5,76,17.7,0.2
2012-10-24,28.7,19.6,73,20.2,0.0
2012-10-25,28.9,20.1,74,24.3,0.2
2012-10-26,19.2,10.7,70,25.0,5.3
2012-10-27,14.5,9.5,46,21.6,0.0
2012-10-28,17.0,7.1,53,11.8,0.0
2012-10-29,18.7,5.8,58,9.6,0.0
2012-10-30,23.3,7.7,59,11.1,0.0
2012-10-31,27.1,13.4,72,12.1,0.0
2012-11-01,28.8,15.2,70,10.9,0.0
2012-11-02,27.9,17.6,74,15.5,0.0
2012-11-03,26.9,19.1,78,14.2,0.3
2012-11-04,25.6,16.4,82,8.0,0.7
2012-11-05,28.5,15.2,69,17.1,0.0
2012-11-06,23.9,11.7,51,10.6,0.0
2012-11-07,25.1,12.5,52,10.6,0.0
2012-11-08,27.9,14.3,65,23.4,0.0
2012-11-09,28.2,18.2,69,29.3,0.0
2012-11-10,27.1,18.9,67,28.5,0.0
2012-11-11,27.6,16.9,62,29.0,0.0
2012-11-12,16.5,8.6,43,21.9,0.0
2012-11-13,14.4,6.3,34,14.6,0.0
2012-11-14,17.2,8.7,42,10.5,0.0
2012-11-15,16.1,8.3,46,9.7,0.0
2012-11-16,18.7,9.5,43,15.1,0.0
2012-11-17,18.7,5.3,51,9.8,0.0
2012-11-18,21.9,7.4,56,14.6,0.0
2012-11-19,23.1,11.7,73,13.6,0.0
2012-11-20,26.1,12.9,73,9.8,0.0
2012-11-21,25.5,13.4,67,11.2,0.0
2012-11-22,25.1,12.5,68,20.6,0.0
2012-11-23,22.3,14.5,69,22.1,0.0
2012-11-24,16.7,9.2,33,14.7,0.0
2012-11-25,23.4,9.4,51,22.4,0.0
2012-11-26,27.9,15.6,75,18.1,2.6
2012-11-27,15.0,10.9,57,22.7,0.0
2012-11-28,18.9,6.1,67,9.5,0.0
2012-11-29,21.9,6.5,72,15.6,0.0
2012-11-30,25.5,14.6,78,15.3,0.0
2012-12-01,26.3,18.7,81,23.0,0.0
2012-12-02,25.9,18.6,78,19.4,0.3
2012-12-03,25.8,17.3,77,21.0,0.0
2012-12-04,23.9,15.5,72,15.3,4.5
2012-12-05,20.7,10.7,58,13.7,0.0
2012-12-06,21.9,9.1,78,16.6,0.0
2012-12-07,23.3,13.1,85,12.4,0.0
2012-12-08,24.6,16.7,88,15.5,0.5
2012-12-09,26.0,13.5,82,22.8,4.3
2012-12-10,13.4,3.7,36,32.4,0.0
2012-12-11,11.0,0.7,43,9.7,0.0
2012-12-12,14.6,3.3,47,9.7,0.0
2012-12-13,17.9,1.8,55,15.1,0.0
2012-12-14,20.4,12.7,74,23.3,0.4
2012-12-15,22.1,16.3,64,20.6,3.7
2012-12-16,22.0,13.3,64,13.5,1.1
2012-12-17,21.6,11.2,38,21.0,0.0
2012-12-18,25.3,9.2,51,18.9,0.0
2012-12-19,26.6,17.1,84,32.6,1.1
2012-12-20,19.1,4.7,21,37.1,0.0
2012-12-21,16.1,0.6,36,11.6,0.0
2012-12-22,19.4,4.2,53,24.6,0.0
2012-12-23,23.8,14.1,72,20.5,0.0
2012-12-24,18.4,8.5,51,15.5,0.2
2012-12-25,19.1,0.6,62,34.4,4.2
2012-12-26,5.9,-1.7,50,25.5,0.0
2012-12-27,10.1,-0.6,75,9.2,0.2
2012-12-28,14.1,3.6,74,25.5,1.3
2012-12-29,10.1,1.5,45,19.6,0.0
2012-12-30,9.4,0.1,56,13.5,0.0
2012-12-31,17.3,8.6,92,22.1,4.6
2013-01-01,13.7,5.8,80,20.5,6.6
2013-01-02,6.5,1.9,57,17.3,0.0
2013-01-03,8.0,0.8,61,14.9,0.1
2013-01-04,6.7,3.3,82,14.5,7.6
2013-01-05,11.2,2.9,81,8.4,0.3
2013-01-06,13.6,1.5,69,16.2,0.0
2013-01-07,12.5,0.4,70,10.8,0.0
2013-01-08,14.2,8.7,95,15.9,40.8
2013-01-09,17.4,11.1,98,25.1,74.1
2013-01-10,17.3,7.4,78,21.9,0.0
2013-01-11,21.8,8.3,82,26.0,0.0
2013-01-12,23.7,10.2,90,26.5,1.9
2013-01-13,9.7,3.4,60,25.2,2.8
2013-01-14,8.0,0.6,57,19.7,0.0
2013-01-15,4.5,2.3,68,21.5,0.8
2013-01-16,10.2,-0.3,54,17.3,0.0
2013-01-17,16.1,1.0,64,13.4,0.0
2013-01-18,15.5,2.0,74,11.7,0.0
2013-01-19,18.0,4.8,79,15.5,0.0
2013-01-20,20.6,5.5,78,11.0,0.0
2013-01-21,19.7,6.9,80,13.0,0.0
2013-01-22,19.7,7.9,80,14.8,0.0
2013-01-23,22.2,8.8,82,18.2,0.0
2013-01-24,24.1,14.3,85,20.0,0.0
2013-01-25,23.8,15.0,85,19.3,0.0
2013-01-26,19.9,13.0,83,15.3,0.0
2013-01-27,24.0,15.1,88,24.5,0.2
2013-01-28,24.7,19.7,85,33.1,0.6
2013-01-29,27.7,15.0,72,34.0,2.0
2013-01-30,14.1,6.6,29,30.3,0.0
2013-01-31,18.2,3.2,44,19.4,0.0
2013-02-01,19.5,5.5,58,20.5,0.0
2013-02-02,22.2,7.4,71,14.4,0.0
2013-02-03,19.9,10.8,59,18.6,0.0
2013-02-04,23.7,14.1,77,20.9,2.3
2013-02-05,23.8,9.9,69,11.4,0.0
2013-02-06,20.6,13.6,88,15.0,12.1
2013-02-07,25.9,10.2,74,21.7,0.0
2013-02-08,18.5,10.0,64,20.5,0.0
2013-02-09,18.9,10.1,89,21.3,2.1
2013-02-10,19.6,13.7,64,24.8,7.8
2013-02-11,15.0,10.6,75,17.4,11.3
2013-02-12,20.3,10.5,74,20.2,7.3
2013-02-13,15.2,4.4,61,22.4,0.0
2013-02-14,19.7,3.9,65,14.6,0.0
2013-02-15,15.6,5.2,65,21.2,0.3
2013-02-16,17.5,1.8,52,13.5,0.0
2013-02-17,19.8,6.0,54,25.9,0.0
2013-02-18,26.0,13.7,59,26.7,0.3
2013-02-19,17.9,7.2,45,17.7,0.0
2013-02-20,18.0,10.0,79,27.2,10.0
2013-02-21,23.4,9.6,61,26.6,3.5
2013-02-22,15.0,6.5,55,21.3,0.0
2013-02-23,20.1,4.5,58,15.6,0.0
2013-02-24,21.6,5.2,73,23.7,0.0
2013-02-25,16.6,7.8,53,42.6,3.3
2013-02-26,18.7,5.5,43,30.4,0.0
2013-02-27,16.9,6.6,40,26.1,0.0
2013-02-28,15.8,4.0,45,17.5,0.0
2013-03-01,19.7,3.0,42,19.3,0.0
2013-03-02,16.4,4.2,43,20.2,0.0
2013-03-03,23.2,4.0,44,26.3,0.0
2013-03-04,29.5,12.8,48,26.8,0.0
2013-03-05,18.2,8.6,39,33.9,0.0
2013-03-06,17.4,3.3,33,13.3,0.0
2013-03-07,22.0,5.2,54,19.3,0.0
2013-03-08,20.5,13.8,79,21.6,0.8
2013-03-09,24.0,16.5,80,31.7,0.6
2013-03-10,19.1,9.2,57,32.6,13.4
2013-03-11,17.9,3.5,45,16.7,0.0
2013-03-12,24.3,4.3,44,17.8,0.0
2013-03-13,22.9,6.2,52,15.1,0.0
2013-03-14,24.8,8.2,55,18.7,0.0
2013-03-15,26.8,11.8,57,24.6,0.0
2013-03-16,28.6,13.9,63,26.6,0.0
2013-03-17,29.1,17.3,67,23.8,0.0
2013-03-18,31.2,17.6,58,20.3,0.0
2013-03-19,29.2,11.3,64,20.5,10.3
2013-03-20,21.6,12.3,58,25.5,12.2
2013-03-21,23.8,12.0,61,29.7,0.0
2013-03-22,27.5,15.6,73,23.1,0.0
2013-03-23,23.3,12.0,77,14.4,1.3
2013-03-24,15.2,6.7,49,34.2,1.5
2013-03-25,14.1,4.0,38,15.6,0.0
2013-03-26,16.7,4.6,39,12.2,0.0
2013-03-27,19.5,5.3,49,21.3,0.0
2013-03-28,21.2,13.1,73,20.5,0.3
2013-03-29,24.5,14.4,68,20.5,0.0
2013-03-30,26.1,16.0,72,23.7,0.3
2013-03-31,25.4,18.0,78,19.2,1.3
2013-04-01,27.2,14.2,73,18.5,0.0
2013-04-02,24.2,17.5,89,16.2,12.6
2013-04-03,18.1,12.2,86,21.2,19.1
2013-04-04,17.4,8.5,65,20.2,0.0
2013-04-05,20.6,5.6,66,14.6,0.0
2013-04-06,26.5,11.0,67,24.1,0.0
2013-04-07,28.5,14.9,73,23.6,0.0
2013-04-08,25.1,17.7,77,25.9,0.0
2013-04-09,30.3,20.2,73,31.5,0.0
2013-04-10,22.2,9.4,75,30.8,4.1
2013-04-11,18.6,6.7,50,20.7,0.2
2013-04-12,25.4,8.7,48,14.2,0.0
2013-04-13,26.0,10.8,60,15.6,0.0
2013-04-14,30.4,13.0,69,20.0,0.0
2013-04-15,31.1,19.7,72,22.4,0.0
2013-04-16,31.4,20.5,71,24.3,0.0
2013-04-17,30.1,21.9,76,31.3,0.2
2013-04-18,23.1,12.2,68,30.5,12.9
2013-04-19,19.1,7.9,38,22.9,0.0
2013-04-20,21.2,5.7,44,19.3,0.0
2013-04-21,23.3,9.6,64,18.6,0.0
2013-04-22,28.3,12.4,67,22.5,0.0
2013-04-23,25.2,12.4,76,24.2,3.2
2013-04-24,17.8,6.4,57,26.0,1.0
2013-04-25,21.8,12.6,46,14.5,0.0
2013-04-26,26.7,17.3,75,25.6,1.5
2013-04-27,26.0,19.3,83,17.0,7.1
2013-04-28,28.0,18.9,74,12.1,1.7
2013-04-29,27.4,16.4,81,18.9,3.5
2013-04-30,26.6,17.9,79,12.4,1.2
2013-05-01,29.2,18.8,72,16.6,0.0
2013-05-02,22.5,10.5,70,32.3,0.0
2013-05-03,20.0,7.8,32,28.9,0.0
2013-05-04,28.1,9.5,32,19.2,0.0
2013-05-05,24.6,10.9,43,16.0,0.0
2013-05-06,24.5,12.2,47,9.5,0.0
2013-05-07,29.1,13.1,51,15.6,0.0
2013-05-08,27.6,16.0,66,21.3,0.0
2013-05-09,27.2,19.2,86,22.3,17.6
2013-05-10,27.5,19.1,85,22.7,22.7
2013-05-11,25.8,17.6,69,19.1,0.0
2013-05-12,25.7,14.8,55,12.5,0.0
2013-05-13,27.6,14.9,54,13.1,0.0
2013-05-14,28.5,16.3,69,20.6,0.0
2013-05-15,28.2,20.4,82,27.7,3.0
2013-05-16,33.2,21.6,72,25.4,0.0
2013-05-17,33.2,22.7,72,21.0,0.0
2013-05-18,34.0,21.8,67,27.1,0.0
2013-05-19,34.2,21.9,67,27.4,0.0
2013-05-20,33.5,22.8,67,25.3,0.0
2013-05-21,31.5,21.2,77,32.5,9.4
2013-05-22,31.1,16.9,70,13.4,0.0
2013-05-23,31.4,22.1,73,19.3,0.0
2013-05-24,27.9,22.3,80,13.5,2.0
2013-05-25,26.2,20.8,92,14.5,22.8
2013-05-26,29.1,21.5,80,18.2,1.5
2013-05-27,29.9,21.0,72,23.4,0.3
2013-05-28,30.4,22.4,72,26.5,0.1
2013-05-29,29.4,23.0,75,30.7,1.4
2013-05-30,30.9,23.1,72,26.4,0.4
2013-05-31,31.6,23.7,73,22.5,0.0
2013-06-01,33.4,23.3,71,27.1,4.0
2013-06-02,29.3,20.9,73,15.6,22.4
2013-06-03,31.6,18.4,62,9.7,0.0
2013-06-04,32.7,20.1,67,15.5,0.0
2013-06-05,32.7,20.4,65,17.1,0.0
2013-06-06,32.9,22.4,65,25.6,0.0
2013-06-07,29.1,20.0,57,11.6,0.0
2013-06-08,31.9,17.7,62,15.4,4.6
2013-06-09,29.4,23.0,80,16.0,7.4
2013-06-10,33.1,21.4,68,15.1,0.0
2013-06-11,32.5,22.8,72,17.0,0.3
2013-06-12,33.2,23.4,69,16.2,0.2
2013-06-13,33.6,22.6,72,17.4,1.7
2013-06-14,32.8,23.0,70,10.5,0.3
2013-06-15,32.2,24.6,66,13.0,0.1
2013-06-16,34.1,24.3,63,18.1,0.0
2013-06-17,35.0,24.5,61,18.5,0.0
2013-06-18,32.4,24.5,68,18.7,2.7
2013-06-19,34.6,24.3,60,20.2,0.0
2013-06-20,35.1,24.0,59,19.6,0.0
2013-06-21,35.7,23.8,56,20.4,0.0
2013-06-22,35.3,23.9,62,22.2,0.2
2013-06-23,35.0,24.4,58,21.7,0.0
2013-06-24,35.8,24.2,59,23.7,0.0
2013-06-25,37.3,25.4,56,23.9,0.1
2013-06-26,37.5,24.9,56,23.8,0.0
2013-06-27,37.2,25.0,53,18.4,0.0
2013-06-28,38.8,24.7,51,15.9,0.7
2013-06-29,40.8,25.5,39,20.3,0.0
2013-06-30,36.3,25.9,36,15.9,0.0
2013-07-01,32.5,24.3,36,18.4,0.0
2013-07-02,32.2,21.8,39,11.9,0.0
2013-07-03,33.6,21.3,35,12.4,0.0
2013-07-04,33.5,21.7,48,15.7,0.0
2013-07-05,34.5,22.8,48,19.1,0.0
2013-07-06,35.8,23.0,50,21.4,0.0
2013-07-07,35.4,24.8,59,24.3,0.0
2013-07-08,31.6,23.3,72,15.7,8.3
2013-07-09,35.3,23.3,63,18.4,0.0
2013-07-10,36.1,24.8,59,16.9,0.0
2013-07-11,36.4,25.0,52,17.3,0.0
2013-07-12,37.2,25.4,52,17.1,0.0
2013-07-13,38.4,25.4,42,12.8,0.0
2013-07-14,34.2,26.6,48,20.5,0.4
2013-07-15,28.8,22.7,82,15.0,6.7
2013-07-16,32.0,22.6,80,16.2,8.8
2013-07-17,30.9,22.7,85,16.2,14.8
2013-07-18,31.3,23.0,74,11.6,0.3
2013-07-19,33.2,22.3,65,17.1,0.0
2013-07-20,33.5,23.4,69,20.6,1.7
2013-07-21,33.7,24.1,72,19.5,4.5
2013-07-22,35.2,25.2,67,21.4,0.4
2013-07-23,36.4,25.3,59,19.6,0.0
2013-07-24,36.1,24.4,58,17.0,0.0
2013-07-25,36.9,25.1,54,17.6,0.0
2013-07-26,36.5,25.4,60,17.7,0.4
2013-07-27,31.7,26.5,64,16.5,0.0
2013-07-28,34.9,25.4,58,17.7,0.2
2013-07-29,37.8,26.0,55,22.7,0.0
2013-07-30,38.1,25.3,55,21.2,0.0
2013-07-31,38.2,24.6,50,18.7,0.0
2013-08-01,38.3,25.7,46,16.1,0.0
2013-08-02,37.9,26.8,45,21.7,0.0
2013-08-03,37.8,25.5,54,21.5,0.0
2013-08-04,36.9,26.0,57,20.3,0.0
2013-08-05,38.2,25.5,49,22.0,0.0
2013-08-06,38.8,25.7,52,21.5,0.0
2013-08-07,38.7,25.2,52,22.2,0.0
2013-08-08,38.7,25.0,52,19.8,0.0
2013-08-09,37.6,24.2,51,17.4,0.0
2013-08-10,38.4,25.7,55,23.0,0.0
2013-08-11,36.9,25.2,57,18.6,0.0
2013-08-12,36.4,25.4,57,17.7,0.2
2013-08-13,38.2,25.9,49,17.3,0.0
2013-08-14,36.9,25.9,63,18.2,7.0
2013-08-15,32.5,24.7,78,13.3,3.0
2013-08-16,33.9,24.0,59,17.4,0.0
2013-08-17,33.4,23.1,55,15.4,0.0
2013-08-18,34.4,21.4,46,11.5,0.0
2013-08-19,34.3,22.7,46,11.8,0.0
2013-08-20,34.5,23.3,53,17.2,0.0
2013-08-21,34.8,23.7,61,14.7,0.1
2013-08-22,35.8,24.7,58,12.9,0.0
2013-08-23,36.3,25.5,57,14.1,0.1
2013-08-24,37.1,26.4,49,16.8,0.0
2013-08-25,34.9,26.2,55,19.8,0.2
2013-08-26,32.4,23.6,73,22.0,3.2
2013-08-27,31.4,23.3,76,13.3,3.7
2013-08-28,34.5,22.5,60,11.1,0.0
2013-08-29,36.4,24.4,52,10.9,0.0
2013-08-30,38.2,26.5,42,15.8,0.0
2013-08-31,37.9,25.5,51,15.9,0.0
2013-09-01,37.8,25.5,52,15.4,0.1
2013-09-02,36.6,25.8,53,14.8,0.0
2013-09-03,37.2,26.2,48,13.6,0.0
2013-09-04,36.9,27.0,46,14.5,0.0
2013-09-05,36.0,26.3,54,15.9,0.0
2013-09-06,35.4,25.8,56,19.1,0.0
2013-09-07,35.6,25.5,65,17.3,4.4
2013-09-08,33.5,24.0,69,15.1,0.2
2013-09-09,33.6,23.2,63,16.1,0.1
2013-09-10,33.4,23.4,73,17.6,2.1
2013-09-11,34.3,23.4,59,13.0,0.0
2013-09-12,34.5,22.8,54,10.2,0.0
2013-09-13,35.4,23.6,46,13.0,0.0
2013-09-14,35.0,23.8,50,16.1,0.0
2013-09-15,34.5,24.4,57,15.6,0.0
2013-09-16,32.5,24.7,70,13.3,5.0
2013-09-17,32.4,24.2,69,13.2,1.1
2013-09-18,33.8,23.5,59,13.2,0.0
2013-09-19,32.8,24.2,75,12.0,12.0
2013-09-20,27.2,21.2,94,23.1,38.7
2013-09-21,27.1,20.7,67,22.9,1.6
2013-09-22,27.1,16.6,60,13.9,0.0
2013-09-23,29.2,15.7,64,10.7,0.0
2013-09-24,32.6,18.4,61,11.5,0.0
2013-09-25,32.9,19.1,56,10.5,0.0
2013-09-26,31.8,20.1,60,17.1,0.0
2013-09-27,31.0,24.4,78,19.8,2.3
2013-09-28,32.2,23.7,82,20.1,32.2
2013-09-29,23.6,18.9,87,16.7,9.7
2013-09-30,29.1,16.6,67,10.0,0.0
2013-10-01,30.3,19.6,77,15.0,0.0
2013-10-02,29.4,23.0,83,15.6,1.5
2013-10-03,30.8,23.2,78,16.2,0.7
2013-10-04,31.1,22.5,74,20.0,0.0
2013-10-05,29.6,16.8,71,23.0,0.0
2013-10-06,26.1,15.0,42,19.1,0.8
2013-10-07,27.5,12.2,42,9.7,0.0
2013-10-08,28.1,16.1,40,8.9,0.0
2013-10-09,28.0,13.1,57,13.7,0.0
2013-10-10,29.6,16.3,66,19.6,0.0
2013-10-11,29.7,21.1,80,20.3,7.4
2013-10-12,30.4,22.2,88,16.0,14.4
2013-10-13,25.8,21.8,96,13.6,58.9
2013-10-14,27.2,21.7,91,17.2,5.2
2013-10-15,27.8,16.6,81,22.8,0.3
2013-10-16,16.6,13.0,85,17.7,8.6
2013-10-17,21.4,11.7,65,11.9,0.0
2013-10-18,22.0,13.2,79,10.6,0.4
2013-10-19,18.1,9.4,63,25.2,0.0
2013-10-20,21.6,8.8,58,14.6,0.0
2013-10-21,24.8,14.7,87,17.5,6.2
2013-10-22,22.0,12.4,61,18.8,0.0
2013-10-23,26.1,10.3,59,10.1,0.0
2013-10-24,25.8,11.4,56,10.8,0.0
2013-10-25,24.4,11.1,70,15.5,0.0
2013-10-26,25.2,15.1,78,18.9,0.8
2013-10-27,22.1,16.8,85,10.6,2.5
2013-10-28,26.0,17.2,82,21.1,0.1
2013-10-29,28.0,20.6,75,22.7,0.0
2013-10-30,26.9,21.2,93,19.4,71.2
2013-10-31,27.1,13.2,71,20.9,21.2
2013-11-01,27.1,11.4,57,22.3,0.0
2013-11-02,21.0,11.0,48,21.2,0.0
2013-11-03,18.9,7.5,61,19.2,0.3
2013-11-04,19.5,14.9,82,19.7,1.9
2013-11-05,24.9,18.2,90,16.1,1.6
2013-11-06,21.0,11.7,77,25.8,6.6
2013-11-07,17.0,7.6,54,19.2,0.0
2013-11-08,17.4,9.8,58,11.0,0.0
2013-11-09,20.0,12.1,67,15.2,0.0
2013-11-10,19.9,14.0,80,8.4,0.0
2013-11-11,22.0,10.3,77,8.9,0.0
2013-11-12,16.1,7.7,68,31.4,0.0
2013-11-13,11.2,2.4,49,18.6,0.0
2013-11-14,15.3,1.3,64,16.9,1.1
2013-11-15,23.0,8.9,82,17.7,0.0
2013-11-16,26.4,16.0,85,29.3,0.0
2013-11-17,29.4,17.7,80,19.4,0.0
2013-11-18,22.9,15.3,70,14.0,0.0
2013-11-19,20.3,11.8,55,11.8,0.0
2013-11-20,20.7,13.3,72,13.8,0.3
2013-11-21,25.6,18.9,94,17.3,4.1
2013-11-22,19.8,3.8,82,26.0,52.7
2013-11-23,6.4,3.0,82,23.9,0.3
2013-11-24,6.7,2.1,68,21.7,3.7
2013-11-25,3.5,1.7,91,19.9,19.3
2013-11-26,9.6,3.3,61,27.6,0.0
2013-11-27,8.8,1.1,55,20.2,0.0
2013-11-28,10.9,0.6,64,11.0,0.0
2013-11-29,15.0,2.1,75,11.2,0.0
2013-11-30,17.9,7.7,81,15.9,0.0
2013-12-01,21.0,12.4,82,18.3,0.0
2013-12-02,24.5,11.7,74,15.6,0.0
2013-12-03,25.9,11.7,64,15.8,0.0
2013-12-04,24.0,14.0,81,16.9,0.0
2013-12-05,18.2,3.1,73,25.6,1.2
2013-12-06,3.2,-0.5,70,25.6,0.1
2013-12-07,-0.2,-2.8,65,22.1,0.0
2013-12-08,8.9,-2.0,78,8.3,0.0
2013-12-09,3.0,0.1,93,21.2,0.7
2013-12-10,6.0,-3.1,60,20.4,0.0
2013-12-11,12.0,-1.4,64,12.1,0.0
2013-12-12,10.6,0.5,71,12.3,0.0
2013-12-13,9.7,4.2,80,13.6,3.9
2013-12-14,10.5,4.4,72,29.0,0.0
2013-12-15,13.6,0.1,63,16.5,0.0
2013-12-16,17.1,1.8,63,13.2,0.0
2013-12-17,19.4,3.2,68,12.1,0.0
2013-12-18,19.3,4.7,78,20.1,0.0
2013-12-19,22.5,12.2,81,31.4,0.0
2013-12-20,22.0,17.3,91,23.0,0.2
2013-12-21,20.5,11.6,71,25.1,20.1
2013-12-22,11.0,4.0,58,22.7,0.0
2013-12-23,10.9,-0.2,62,13.3,0.0
2013-12-24,12.7,1.5,63,14.8,0.0
2013-12-25,12.6,2.8,86,12.6,0.0
2013-12-26,11.8,4.7,75,14.1,0.0
2013-12-27,14.0,6.6,77,8.5,0.0
2013-12-28,14.7,5.6,77,11.3,0.0
2013-12-29,16.0,3.6,78,22.5,0.1
2013-12-30,7.5,0.4,51,21.3,0.0
2013-12-31,11.5,1.8,61,9.1,0.0
2014-01-01,17.6,4.4,73,22.1,0.0
2014-01-02,9.7,0.9,56,27.2,0.0
2014-01-03,11.6,-2.0,61,20.2,0.0
2014-01-04,19.6,5.8,77,27.4,0.0
2014-01-05,13.7,1.4,58,30.8,0.0
2014-01-06,1.0,-4.6,43,24.3,0.0
2014-01-07,6.7,-4.2,47,17.3,0.0
2014-01-08,12.3,4.6,85,14.4,0.3
2014-01-09,15.4,11.2,97,18.0,0.4
2014-01-10,20.6,14.2,91,22.5,1.1
2014-01-11,20.6,8.7,53,19.4,0.0
2014-01-12,19.3,7.1,68,26.8,0.9
2014-01-13,18.4,6.0,56,25.3,0.0
2014-01-14,21.7,4.2,44,25.0,0.0
2014-01-15,15.6,4.0,40,23.1,0.0
2014-01-16,19.1,5.3,46,17.4,0.0
2014-01-17,15.1,5.4,38,18.5,0.0
2014-01-18,19.4,2.7,55,18.8,0.0
2014-01-19,19.0,4.2,51,13.5,0.0
2014-01-20,25.9,8.5,53,25.3,0.0
2014-01-21,15.3,4.8,37,27.0,0.0
2014-01-22,19.4,3.1,44,17.5,0.0
2014-01-23,9.0,-2.7,79,30.2,3.7
2014-01-24,3.5,-3.0,52,22.0,1.8
2014-01-25,18.7,-1.9,50,12.0,0.0
2014-01-26,23.2,4.7,49,23.9,0.0
2014-01-27,11.4,3.7,39,31.4,0.0
2014-01-28,3.9,-2.4,46,22.1,2.1
2014-01-29,7.1,-3.8,45,18.2,0.0
2014-01-30,17.2,-0.4,64,28.2,0.0
2014-01-31,23.7,10.0,82,23.6,0.0
2014-02-01,22.7,17.4,87,24.5,1.2
2014-02-02,17.4,3.0,80,29.1,4.1
2014-02-03,8.6,1.9,68,18.1,0.1
2014-02-04,16.5,5.5,82,9.4,4.5
2014-02-05,5.6,-0.6,60,25.0,0.0
2014-02-06,-0.4,-3.4,53,21.3,0.4
2014-02-07,0.4,-2.5,70,11.4,0.5
2014-02-08,17.0,-1.9,74,18.1,0.0
2014-02-09,21.2,4.3,77,18.0,0.0
2014-02-10,13.2,2.2,89,22.7,1.6
2014-02-11,2.2,0.5,83,22.4,1.6
2014-02-12,11.3,-0.9,65,18.6,0.0
2014-02-13,18.0,-0.1,64,17.9,0.0
2014-02-14,26.3,7.4,60,25.2,0.0
2014-02-15,21.6,5.1,53,18.7,0.0
2014-02-16,22.9,11.4,88,18.8,0.0
2014-02-17,24.0,14.9,73,19.1,0.0
2014-02-18,25.0,14.2,69,20.1,0.2
2014-02-19,25.2,15.5,81,23.8,0.0
2014-02-20,27.4,13.3,58,24.9,0.0
2014-02-21,19.6,6.2,34,17.6,0.0
2014-02-22,23.3,6.6,62,22.7,0.0
2014-02-23,26.5,14.7,72,16.3,0.0
2014-02-24,21.6,11.9,76,16.0,0.1
2014-02-25,21.0,11.1,94,18.5,2.7
2014-02-26,10.7,2.6,67,29.6,4.0
2014-02-27,13.2,-0.7,51,15.1,0.0
2014-02-28,26.2,6.0,64,20.6,0.0
2014-03-01,26.9,12.1,80,21.4,0.0
2014-03-02,22.2,-0.3,86,31.6,5.3
2014-03-03,5.4,-4.8,50,27.9,0.9
2014-03-04,7.9,-1.2,70,13.5,20.0
2014-03-05,12.6,2.8,74,11.9,0.3
2014-03-06,15.4,6.4,72,16.0,0.0
2014-03-07,19.0,4.0,71,21.3,0.0
2014-03-08,16.1,7.2,90,21.6,15.0
2014-03-09,12.1,4.9,73,21.0,2.0
2014-03-10,20.7,7.2,81,16.3,2.4
2014-03-11,25.1,12.6,76,19.2,0.1
2014-03-12,17.2,8.3,41,33.3,0.0
2014-03-13,17.5,3.8,48,18.8,0.0
2014-03-14,22.1,7.9,75,20.1,0.0
2014-03-15,23.0,15.9,87,15.9,3.2
2014-03-16,16.8,8.1,62,33.2,0.0
2014-03-17,18.2,5.2,45,23.9,0.2
2014-03-18,25.4,9.1,57,24.8,0.0
2014-03-19,19.8,10.6,50,24.2,0.0
2014-03-20,22.0,6.1,53,11.6,0.0
2014-03-21,24.9,11.6,74,28.5,0.0
2014-03-22,25.5,16.0,83,16.7,0.0
2014-03-23,16.9,11.8,71,29.0,0.8
2014-03-24,18.7,10.0,66,11.5,0.0
2014-03-25,19.8,6.9,56,21.1,0.0
2014-03-26,17.5,11.3,68,33.5,2.5
2014-03-27,26.8,15.8,84,25.0,1.7
2014-03-28,27.7,18.2,77,16.8,1.2
2014-03-29,24.2,11.8,46,19.5,0.0
2014-03-30,25.3,8.9,50,23.1,0.0
2014-03-31,27.7,14.0,69,26.0,0.0
2014-04-01,28.6,17.1,79,22.4,0.7
2014-04-02,27.0,20.7,80,35.3,0.8
2014-04-03,28.0,21.2,77,25.2,0.0
2014-04-04,21.3,12.6,35,28.1,0.0
2014-04-05,19.1,12.5,45,15.6,2.4
2014-04-06,15.1,10.7,84,20.9,23.4
2014-04-07,22.1,6.8,76,17.4,3.1
2014-04-08,22.8,10.7,51,27.7,0.0
2014-04-09,26.6,8.5,49,20.4,0.0
2014-04-10,28.5,14.2,61,28.4,0.0
2014-04-11,28.7,15.0,67,22.7,0.0
2014-04-12,29.1,17.2,69,27.2,0.0
2014-04-13,26.4,19.0,83,24.4,1.0
2014-04-14,21.4,11.5,58,35.8,6.2
2014-04-15,16.9,6.1,32,23.0,0.0
2014-04-16,21.6,5.8,50,22.6,0.0
2014-04-17,19.8,12.6,78,15.5,2.2
2014-04-18,22.9,14.6,73,12.3,0.5
2014-04-19,26.1,11.6,62,15.9,0.0
2014-04-20,23.7,15.0,76,16.9,0.5
2014-04-21,27.0,16.4,77,18.7,0.0
2014-04-22,28.6,15.2,68,13.8,0.0
2014-04-23,29.8,15.4,67,23.0,0.0
2014-04-24,31.7,18.6,60,23.2,0.0
2014-04-25,30.4,15.1,50,16.8,0.0
2014-04-26,27.4,18.8,77,23.1,0.5
2014-04-27,35.1,21.8,58,23.6,0.0
2014-04-28,32.7,18.9,29,15.1,0.0
2014-04-29,27.9,17.0,25,27.7,0.0
2014-04-30,23.2,14.5,30,23.6,0.0
2014-05-01,23.6,10.2,37,9.9,0.0
2014-05-02,26.5,12.7,33,10.9,0.0
2014-05-03,32.4,15.1,26,19.5,0.0
2014-05-04,31.7,17.5,27,22.0,0.0
2014-05-05,32.2,16.3,55,23.8,0.0
2014-05-06,31.4,17.4,67,25.5,0.0
2014-05-07,31.3,20.3,66,26.6,0.0
2014-05-08,26.3,22.6,88,23.8,13.0
2014-05-09,26.4,22.0,87,19.5,5.3
2014-05-10,30.1,18.0,75,17.8,0.0
2014-05-11,31.5,20.7,72,27.1,0.0
2014-05-12,28.6,21.3,86,28.0,46.4
2014-05-13,20.9,13.8,78,23.2,48.3
2014-05-14,21.8,12.4,58,23.8,2.0
2014-05-15,25.7,9.4,54,19.3,0.0
2014-05-16,27.5,15.8,49,23.1,0.0
2014-05-17,27.5,15.3,63,25.0,0.0
2014-05-18,27.3,16.9,70,23.1,0.0
2014-05-19,28.3,17.4,70,23.8,0.0
2014-05-20,29.5,19.5,70,22.4,0.0
2014-05-21,29.3,20.1,70,21.6,0.0
2014-05-22,28.7,19.6,73,18.7,1.3
2014-05-23,27.8,20.1,72,20.1,0.2
2014-05-24,28.4,19.4,77,19.0,1.5
2014-05-25,30.1,21.1,69,20.0,0.2
2014-05-26,27.7,20.9,89,16.9,45.1
2014-05-27,23.3,20.9,97,14.9,49.3
2014-05-28,26.7,19.5,79,18.1,6.8
2014-05-29,29.0,17.6,72,10.6,0.0
2014-05-30,30.9,18.9,69,9.5,0.0
2014-05-31,29.7,20.7,74,10.8,0.0
2014-06-01,29.2,20.2,77,16.5,1.2
2014-06-02,30.1,21.4,75,15.7,0.3
2014-06-03,30.4,21.4,76,13.5,0.5
2014-06-04,29.4,21.8,76,18.4,0.0
2014-06-05,30.7,22.0,75,19.9,0.0
2014-06-06,30.6,22.6,73,20.5,0.0
2014-06-07,31.3,22.3,71,20.9,0.0
2014-06-08,31.3,23.5,72,23.9,1.5
2014-06-09,30.1,21.1,85,20.0,44.0
2014-06-10,30.6,18.4,68,15.9,0.0
2014-06-11,32.6,18.1,71,15.9,0.0
2014-06-12,32.8,23.1,77,22.8,5.0
2014-06-13,30.2,20.8,83,11.5,14.9
2014-06-14,30.8,22.6,74,21.3,0.0
2014-06-15,31.8,23.1,72,21.4,0.0
2014-06-16,31.7,23.4,72,20.9,1.0
2014-06-17,32.1,24.3,69,23.0,0.0
2014-06-18,31.7,24.0,72,20.7,0.8
2014-06-19,31.7,24.6,65,17.8,0.1
2014-06-20,30.7,22.4,66,12.5,0.0
2014-06-21,31.1,22.6,72,16.5,0.1
2014-06-22,29.7,23.5,82,16.5,10.2
2014-06-23,30.5,22.8,83,16.0,7.9
2014-06-24,31.5,22.8,76,15.8,0.5
2014-06-25,28.8,22.6,88,15.9,3.9
2014-06-26,29.2,21.6,84,18.1,2.0
2014-06-27,30.5,23.2,77,23.4,0.7
2014-06-28,32.0,24.5,73,24.1,0.1
2014-06-29,32.5,24.6,72,25.6,0.0
2014-06-30,33.3,24.2,70,24.4,0.0
2014-07-01,33.3,23.3,68,20.6,0.0
2014-07-02,33.6,21.0,68,12.0,0.0
2014-07-03,32.7,22.4,74,20.6,2.8
2014-07-04,31.6,22.7,76,14.7,0.7
2014-07-05,31.7,21.7,75,18.4,0.2
2014-07-06,33.3,21.9,70,14.5,0.1
2014-07-07,33.6,23.7,59,17.7,0.0
2014-07-08,34.5,23.1,61,18.7,0.2
2014-07-09,34.9,23.3,52,18.6,0.0
2014-07-10,33.5,22.0,56,22.5,0.0
2014-07-11,33.3,23.0,61,17.4,0.0
2014-07-12,34.5,20.4,58,11.8,0.0
2014-07-13,35.1,23.6,56,11.9,0.0
2014-07-14,35.7,24.8,53,13.8,0.0
2014-07-15,32.2,25.0,61,18.1,0.3
2014-07-16,32.4,23.5,74,18.2,8.4
2014-07-17,31.3,25.0,75,17.6,4.5
2014-07-18,25.0,22.1,88,16.3,28.8
2014-07-19,27.8,21.4,78,10.0,0.2
2014-07-20,31.8,22.0,76,11.9,0.0
2014-07-21,33.5,24.6,73,9.5,0.0
2014-07-22,33.8,23.4,68,10.0,0.0
2014-07-23,32.7,22.9,70,12.6,0.0
2014-07-24,32.8,24.8,65,11.0,0.0
2014-07-25,33.7,24.2,61,16.0,0.0
2014-07-26,36.5,24.9,59,21.0,0.0
2014-07-27,35.9,24.5,59,18.8,0.0
2014-07-28,35.2,24.8,55,15.1,0.0
2014-07-29,34.3,25.0,63,18.3,0.7
2014-07-30,35.2,24.2,54,19.8,0.0
2014-07-31,33.7,24.7,63,18.9,0.0
2014-08-01,30.9,23.2,61,16.1,0.0
2014-08-02,30.2,21.4,62,15.3,0.0
2014-08-03,32.6,21.9,60,18.4,0.0
2014-08-04,32.9,23.1,62,14.8,0.0
2014-08-05,34.1,23.1,59,13.7,0.0
2014-08-06,34.4,24.6,56,18.8,0.0
2014-08-07,36.7,25.5,56,18.0,0.0
2014-08-08,37.3,25.8,55,18.3,0.0
2014-08-09,36.4,25.6,54,17.2,0.0
2014-08-10,36.9,25.8,55,16.6,0.0
2014-08-11,35.3,26.8,63,12.7,6.6
2014-08-12,35.3,24.8,59,10.8,0.5
2014-08-13,34.3,21.6,42,15.1,0.0
2014-08-14,35.0,22.6,47,13.8,0.0
2014-08-15,35.9,24.4,54,15.6,0.0
2014-08-16,37.5,25.5,54,20.7,0.0
2014-08-17,35.6,26.4,54,18.1,0.0
2014-08-18,35.9,26.1,60,19.1,0.0
2014-08-19,35.1,25.5,58,23.7,0.0
2014-08-20,36.6,25.5,61,23.3,0.1
2014-08-21,37.5,26.6,56,22.7,0.0
2014-08-22,37.7,25.3,54,21.2,0.3
2014-08-23,36.7,24.0,55,18.9,0.0
2014-08-24,36.5,25.0,56,16.6,0.0
2014-08-25,36.7,25.7,52,15.3,0.0
2014-08-26,36.8,26.4,51,16.9,0.0
2014-08-27,35.6,26.1,51,14.0,0.0
2014-08-28,34.3,24.8,66,19.1,0.6
2014-08-29,35.3,25.1,64,17.5,0.1
2014-08-30,34.3,24.2,64,16.1,0.4
2014-08-31,34.3,24.9,66,20.3,0.2
2014-09-01,36.3,25.2,63,20.4,0.0
2014-09-02,35.6,25.7,64,22.0,0.4
2014-09-03,36.4,25.0,58,22.3,0.0
2014-09-04,34.0,24.9,68,20.7,2.2
2014-09-05,35.2,24.1,65,20.1,0.2
2014-09-06,34.6,24.6,59,10.5,0.0
2014-09-07,31.7,24.7,68,8.7,0.7
2014-09-08,34.0,23.8,63,10.7,0.0
2014-09-09,35.9,25.0,58,20.5,0.0
2014-09-10,35.0,25.2,60,20.8,0.0
2014-09-11,36.0,25.7,58,17.0,0.0
2014-09-12,34.1,19.0,68,23.2,3.8
2014-09-13,20.3,17.4,76,21.4,2.6
2014-09-14,24.6,19.4,71,12.0,0.0
2014-09-15,29.1,21.2,72,11.3,0.0
2014-09-16,33.4,22.8,78,13.9,11.5
2014-09-17,31.6,23.8,86,11.7,9.0
2014-09-18,29.0,23.0,87,12.9,17.3
2014-09-19,28.3,23.4,91,12.4,15.0
2014-09-20,29.9,22.7,85,13.5,1.7
2014-09-21,30.8,21.5,72,12.1,0.0
2014-09-22,30.9,20.4,69,12.7,0.1
2014-09-23,28.1,19.3,56,10.3,0.0
2014-09-24,27.9,15.5,60,10.1,0.0
2014-09-25,27.8,16.7,74,16.1,2.4
2014-09-26,28.3,19.6,85,11.1,4.6
2014-09-27,26.4,20.3,83,9.8,4.6
2014-09-28,29.4,19.2,71,11.9,0.0
2014-09-29,29.8,19.3,65,9.2,0.0
2014-09-30,30.4,20.5,66,13.7,0.0
2014-10-01,31.7,21.3,74,16.9,0.0
2014-10-02,32.5,23.9,73,24.6,0.2
2014-10-03,28.9,19.0,42,18.7,0.0
2014-10-04,25.7,15.6,47,14.5,0.0
2014-10-05,29.2,16.2,65,20.2,0.0
2014-10-06,30.0,21.7,75,16.2,0.0
2014-10-07,32.9,21.1,71,18.1,0.0
2014-10-08,31.9,23.0,71,17.7,0.0
2014-10-09,31.3,23.1,73,20.9,0.2
2014-10-10,32.5,22.8,72,20.5,0.0
2014-10-11,24.8,17.7,77,19.6,5.9
2014-10-12,23.0,17.4,80,25.2,2.2
2014-10-13,23.8,16.7,63,33.4,12.4
2014-10-14,24.6,13.0,45,18.1,0.0
2014-10-15,28.9,13.5,49,13.0,0.0
2014-10-16,29.4,15.3,44,19.7,0.0
2014-10-17,29.6,15.6,64,15.4,0.0
2014-10-18,28.9,17.9,72,12.0,0.0
2014-10-19,26.8,18.4,70,12.6,0.0
2014-10-20,26.8,16.9,69,11.1,0.0
2014-10-21,27.5,15.3,61,11.9,0.0
2014-10-22,27.4,15.9,62,11.2,0.5
2014-10-23,27.4,17.0,64,9.3,0.0
2014-10-24,28.8,16.6,61,10.8,0.0
2014-10-25,30.3,17.7,60,10.7,0.0
2014-10-26,29.5,17.5,61,18.3,0.0
2014-10-27,29.5,17.9,63,22.6,0.0
2014-10-28,26.9,18.5,73,18.4,0.1
2014-10-29,25.1,20.0,75,14.8,2.0
2014-10-30,26.5,16.2,74,9.4,0.0
2014-10-31,23.7,14.6,51,21.3,3.6
2014-11-01,19.1,9.5,48,12.7,0.0
2014-11-02,23.1,9.6,56,21.1,0.0
2014-11-03,25.3,16.6,63,25.9,0.0
2014-11-04,25.5,14.3,72,26.1,6.1
2014-11-05,14.3,13.1,95,20.2,26.5
2014-11-06,17.5,13.7,74,17.9,4.4
2014-11-07,19.2,11.2,54,11.2,0.0
2014-11-08,22.0,9.8,68,18.4,0.0
2014-11-09,21.7,7.6,60,16.1,0.0
2014-11-10,24.1,11.0,66,25.5,0.0
2014-11-11,18.1,7.1,59,28.0,0.0
2014-11-12,9.3,3.4,44,25.3,0.0
2014-11-13,5.2,1.3,36,25.6,0.0
2014-11-14,7.1,-0.3,44,9.8,0.0
2014-11-15,9.5,2.7,63,8.7,0.0
2014-11-16,16.2,3.3,80,27.2,0.8
2014-11-17,9.6,-0.4,43,27.1,0.0
2014-11-18,12.0,0.9,47,14.7,0.0
2014-11-19,18.8,4.2,65,20.1,0.0
2014-11-20,19.5,9.1,90,20.1,0.8
2014-11-21,21.7,16.1,94,20.3,3.2
2014-11-22,19.5,14.9,95,29.0,37.0
2014-11-23,25.1,14.4,63,25.2,0.0
2014-11-24,16.4,7.7,49,24.5,0.0
2014-11-25,17.6,4.4,57,13.0,0.0
2014-11-26,21.5,7.2,51,19.2,0.0
2014-11-27,15.8,6.8,60,15.0,0.0
2014-11-28,20.6,6.1,74,22.3,0.0
2014-11-29,23.7,12.8,75,30.2,0.0
2014-11-30,24.9,17.7,78,26.3,0.2
2014-12-01,17.4,6.2,70,23.1,1.2
2014-12-02,10.3,4.8,57,16.3,0.0
2014-12-03,15.4,9.4,80,10.2,0.2
2014-12-04,18.3,14.7,94,15.3,0.1
2014-12-05,24.2,16.6,85,20.9,0.0
2014-12-06,17.4,13.1,80,17.4,0.0
2014-12-07,13.9,11.2,80,13.4,0.5
2014-12-08,17.4,6.3,78,10.5,0.0
2014-12-09,19.0,5.7,82,9.0,0.0
2014-12-10,17.4,10.1,73,12.0,0.3
2014-12-11,20.0,13.3,81,14.3,1.9
2014-12-12,21.1,14.5,81,19.8,0.8
2014-12-13,21.4,12.4,81,16.4,0.0
2014-12-14,23.5,15.6,83,27.0,1.4
2014-12-15,21.6,11.0,64,16.5,0.0
2014-12-16,15.4,8.3,49,19.5,0.0
2014-12-17,14.5,9.0,72,11.4,3.2
2014-12-18,16.8,10.7,89,15.2,1.4
2014-12-19,13.9,8.7,88,18.7,19.5
2014-12-20,12.5,9.0,78,14.6,0.0
2014-12-21,14.3,9.3,80,19.5,0.0
2014-12-22,22.9,11.7,75,23.2,0.0
2014-12-23,12.5,7.5,63,33.2,1.8
2014-12-24,12.8,3.5,52,22.5,0.0
2014-12-25,16.4,2.7,58,26.7,0.0
2014-12-26,20.5,11.0,86,22.0,0.1
2014-12-27,17.4,6.5,80,26.6,2.6
2014-12-28,6.3,2.2,79,20.4,4.8
2014-12-29,16.1,-0.1,78,11.8,0.0
2014-12-30,8.5,2.7,85,19.2,0.0
2014-12-31,6.1,3.1,69,19.9,0.4
2015-01-01,3.6,2.6,88,15.1,3.4
2015-01-02,5.3,3.6,97,16.1,4.0
2015-01-03,15.3,3.7,77,13.2,5.1
2015-01-04,8.2,0.9,58,25.1,0.0
2015-01-05,9.6,-2.2,59,12.4,0.0
2015-01-06,18.2,3.5,63,14.0,0.0
2015-01-07,9.4,-0.4,62,32.9,0.0
2015-01-08,2.1,-3.7,49,21.2,3.4
2015-01-09,4.0,1.2,75,20.0,2.0
2015-01-10,1.9,0.8,77,11.4,7.9
2015-01-11,9.4,1.1,91,8.8,10.4
2015-01-12,8.4,1.8,85,19.6,0.0
2015-01-13,5.5,2.2,74,18.1,0.2
2015-01-14,4.6,3.5,73,14.0,0.0
2015-01-15,12.8,3.6,68,15.9,0.0
2015-01-16,16.1,0.1,74,12.5,0.0
2015-01-17,20.7,5.6,66,20.3,0.0
2015-01-18,19.3,4.9,55,15.1,0.0
2015-01-19,21.4,6.0,67,16.0,0.0
2015-01-20,23.6,5.8,74,15.3,0.0
2015-01-21,13.7,11.7,93,17.1,4.2
2015-01-22,12.2,4.8,94,27.1,35.1
2015-01-23,8.9,4.2,80,25.1,4.0
2015-01-24,16.0,1.3,61,12.9,0.0
2015-01-25,20.0,5.1,50,17.7,0.0
2015-01-26,21.7,4.8,54,13.7,0.0
2015-01-27,24.1,9.5,58,14.8,0.0
2015-01-28,24.7,8.0,66,19.7,0.0
2015-01-29,22.6,10.8,71,20.6,0.0
2015-01-30,13.2,8.7,56,22.0,0.1
2015-01-31,15.8,8.8,83,20.8,1.7
2015-02-01,20.8,8.2,75,25.3,0.0
2015-02-02,8.9,1.5,40,24.9,0.0
2015-02-03,7.0,3.9,72,8.9,4.5
2015-02-04,13.8,5.3,87,12.6,1.5
2015-02-05,9.0,2.2,68,23.4,0.0
2015-02-06,14.4,1.0,71,13.9,0.0
2015-02-07,19.8,6.4,81,24.0,0.0
2015-02-08,23.9,12.5,81,22.2,0.0
2015-02-09,25.8,9.9,67,14.1,0.0
2015-02-10,24.8,8.6,64,15.9,0.0
2015-02-11,22.9,9.4,72,15.6,0.0
2015-02-12,15.4,8.4,53,23.8,0.0
2015-02-13,19.6,5.5,56,11.5,0.0
2015-02-14,24.2,8.8,67,11.6,0.0
2015-02-15,18.4,14.2,92,22.4,9.8
2015-02-16,17.7,4.3,71,26.8,5.6
2015-02-17,11.5,1.4,51,19.5,0.0
2015-02-18,16.5,1.1,55,13.0,0.0
2015-02-19,20.0,3.8,65,23.2,0.0
2015-02-20,22.7,12.4,78,32.1,0.1
2015-02-21,23.8,14.1,73,28.2,0.0
2015-02-22,13.7,5.4,84,26.5,4.7
2015-02-23,4.8,-0.3,78,25.9,0.7
2015-02-24,3.7,-0.7,68,14.8,0.0
2015-02-25,15.5,1.8,60,17.1,0.2
2015-02-26,10.9,1.8,69,22.3,0.0
2015-02-27,3.9,1.1,57,17.6,0.0
2015-02-28,4.1,0.4,79,14.5,3.0
2015-03-01,6.9,2.5,94,15.5,2.7
2015-03-02,7.3,3.4,91,15.9,0.5
2015-03-03,15.9,5.5,98,13.6,0.8
2015-03-04,20.2,1.5,95,32.4,5.9
2015-03-05,7.6,-0.6,57,31.0,2.5
2015-03-06,11.1,-2.9,55,11.3,0.0
2015-03-07,13.9,4.1,55,8.9,1.2
2015-03-08,11.0,8.6,92,13.0,11.8
2015-03-09,11.3,9.2,98,10.7,32.0
2015-03-10,17.0,10.0,83,15.9,0.0
2015-03-11,17.0,8.4,84,18.7,0.0
2015-03-12,20.8,10.8,79,15.9,0.0
2015-03-13,22.6,9.9,76,16.0,0.0
2015-03-14,22.6,10.8,71,16.6,0.0
2015-03-15,20.6,9.2,77,14.6,0.0
2015-03-16,22.0,9.7,82,12.6,0.0
2015-03-17,23.8,14.9,84,12.7,1.7
2015-03-18,24.3,16.3,81,17.1,4.5
2015-03-19,25.7,17.3,84,12.4,0.6
2015-03-20,20.7,14.4,97,20.1,15.6
2015-03-21,16.9,12.9,94,15.5,16.3
2015-03-22,22.5,14.0,78,11.2,0.4
2015-03-23,24.7,13.0,78,11.4,0.0
2015-03-24,26.2,14.6,79,19.1,0.0
2015-03-25,26.2,15.1,79,21.6,0.0
2015-03-26,19.3,12.3,63,29.3,1.3
2015-03-27,25.4,7.2,48,13.4,0.0
2015-03-28,26.2,9.8,55,23.3,0.0
2015-03-29,26.8,13.5,67,27.0,0.0
2015-03-30,26.0,15.5,79,19.1,0.0
2015-03-31,26.0,17.5,76,18.7,0.0
2015-04-01,26.2,19.0,82,20.9,0.4
2015-04-02,28.0,19.0,79,22.3,0.0
2015-04-03,26.9,18.9,71,25.7,0.0
2015-04-04,19.0,13.5,54,25.5,0.4
2015-04-05,20.0,15.9,84,14.0,2.0
2015-04-06,28.1,18.4,76,28.9,0.1
2015-04-07,28.4,19.3,76,22.9,0.0
2015-04-08,27.7,19.8,83,27.9,0.5
2015-04-09,27.7,19.9,85,25.3,5.2
2015-04-10,22.6,16.4,65,19.0,1.0
2015-04-11,23.0,15.8,85,11.1,5.0
2015-04-12,26.0,18.7,87,15.6,4.8
2015-04-13,28.5,20.0,78,15.7,9.9
2015-04-14,23.9,15.9,70,18.5,0.0
2015-04-15,25.3,13.9,67,14.2,0.0
2015-04-16,24.2,18.4,88,18.4,5.0
2015-04-17,26.0,18.5,91,18.2,14.5
2015-04-18,25.4,17.1,88,13.0,5.4
2015-04-19,29.8,16.2,67,21.7,0.3
2015-04-20,21.2,12.3,51,22.0,0.0
2015-04-21,25.1,11.1,68,17.5,0.0
2015-04-22,25.3,18.3,85,17.9,8.3
2015-04-23,29.0,20.0,84,10.5,0.2
2015-04-24,27.5,21.2,87,25.6,12.3
2015-04-25,31.4,20.4,70,15.8,0.7
2015-04-26,28.7,20.0,84,21.6,1.6
2015-04-27,26.9,19.4,76,19.6,1.8
2015-04-28,18.4,13.2,72,27.7,0.0
2015-04-29,23.0,10.5,57,14.9,0.0
2015-04-30,25.9,10.7,57,10.5,0.0
2015-05-01,27.1,13.2,62,10.9,0.0
2015-05-02,26.9,14.3,60,14.9,0.0
2015-05-03,27.5,13.1,68,18.7,0.0
2015-05-04,27.3,17.6,71,20.7,0.2
2015-05-05,27.5,17.8,73,25.3,3.9
2015-05-06,28.8,20.7,78,20.0,2.0
2015-05-07,27.9,21.3,81,23.1,3.2
2015-05-08,29.1,22.7,85,22.8,8.1
2015-05-09,29.3,23.0,81,30.6,3.1
2015-05-10,28.7,22.8,80,26.7,3.9
2015-05-11,24.4,20.2,88,17.8,9.4
2015-05-12,21.2,18.3,91,17.0,10.5
2015-05-13,21.2,17.9,95,18.4,33.0
2015-05-14,29.1,19.7,88,17.1,2.4
2015-05-15,25.4,22.1,91,17.1,4.7
2015-05-16,28.7,19.8,82,28.3,0.6
2015-05-17,28.1,22.2,89,24.1,9.4
2015-05-18,28.8,20.8,89,16.9,14.0
2015-05-19,29.4,21.5,86,24.3,3.4
2015-05-20,29.4,21.7,82,17.7,1.6
2015-05-21,23.0,18.2,90,21.1,11.2
2015-05-22,26.4,17.7,87,17.8,1.8
2015-05-23,27.5,21.7,92,20.3,15.5
2015-05-24,26.5,20.7,91,23.8,42.2
2015-05-25,25.1,20.7,95,19.1,38.4
2015-05-26,29.6,19.6,85,19.1,0.5
2015-05-27,28.8,20.4,84,18.4,6.1
2015-05-28,29.3,21.9,87,17.6,7.2
2015-05-29,28.5,20.9,79,25.3,4.9
2015-05-30,28.8,21.7,80,13.4,3.7
2015-05-31,27.0,19.1,78,15.7,0.1
2015-06-01,28.5,18.0,73,8.0,0.0
2015-06-02,29.8,18.4,74,10.9,0.0
2015-06-03,29.9,19.8,74,13.5,0.0
2015-06-04,30.2,19.3,72,12.3,0.0
2015-06-05,30.0,20.0,75,10.2,0.0
2015-06-06,30.5,20.3,73,9.4,0.0
2015-06-07,31.0,20.0,70,12.6,0.0
2015-06-08,32.5,21.5,69,11.8,0.0
2015-06-09,33.0,21.7,63,10.9,0.0
2015-06-10,32.3,22.1,63,13.7,0.0
2015-06-11,32.2,22.9,69,19.2,0.0
2015-06-12,31.6,23.8,73,18.6,2.1
2015-06-13,31.9,23.1,75,19.1,1.0
2015-06-14,29.6,23.2,85,17.7,4.4
2015-06-15,30.3,22.4,81,15.8,1.8
2015-06-16,27.4,22.9,90,22.0,15.9
2015-06-17,30.1,22.4,85,18.6,16.6
2015-06-18,30.0,23.5,88,17.9,17.4
2015-06-19,28.6,23.1,83,10.7,0.2
2015-06-20,28.4,23.2,89,14.8,4.6
2015-06-21,28.7,23.4,90,18.3,13.6
2015-06-22,30.3,22.9,88,16.4,7.6
2015-06-23,30.7,22.6,82,14.0,2.1
2015-06-24,30.4,22.1,80,10.9,0.1
2015-06-25,31.0,22.5,78,12.6,0.0
2015-06-26,31.8,23.8,76,13.8,0.0
2015-06-27,30.4,24.0,82,14.2,9.1
2015-06-28,31.0,23.5,83,10.9,5.3
2015-06-29,31.5,23.3,79,15.9,0.2
2015-06-30,31.3,23.1,82,17.4,4.5
2015-07-01,29.9,21.8,83,19.9,3.7
2015-07-02,30.4,20.2,78,22.4,1.0
2015-07-03,30.8,23.2,77,14.2,0.3
2015-07-04,31.1,23.4,81,21.4,1.9
2015-07-05,31.0,23.8,77,22.7,0.4
2015-07-06,31.8,24.7,74,25.8,0.1
2015-07-07,31.0,24.6,78,25.7,3.0
2015-07-08,31.7,24.6,73,25.2,0.0
2015-07-09,32.5,24.5,70,20.2,0.1
2015-07-10,32.1,22.1,72,17.0,0.0
2015-07-11,32.8,21.7,69,15.5,0.0
2015-07-12,34.0,22.9,68,16.9,0.0
2015-07-13,34.7,23.5,65,16.7,0.0
2015-07-14,35.0,22.8,62,17.1,0.0
2015-07-15,34.2,23.1,64,18.5,0.0
2015-07-16,34.5,22.9,64,18.0,0.0
2015-07-17,35.2,23.6,64,19.3,0.0
2015-07-18,35.1,25.0,65,19.5,0.0
2015-07-19,34.8,24.4,65,17.1,0.0
2015-07-20,35.8,23.9,57,16.3,0.0
2015-07-21,35.7,23.7,61,17.0,0.0
2015-07-22,35.5,25.0,62,18.9,0.0
2015-07-23,36.3,24.4,58,21.7,0.0
2015-07-24,35.7,23.7,61,17.4,0.0
2015-07-25,35.8,23.9,60,14.8,0.0
2015-07-26,35.6,24.7,64,15.0,0.0
2015-07-27,36.1,25.4,59,19.7,0.0
2015-07-28,36.5,24.3,59,20.9,0.0
2015-07-29,36.8,24.5,54,14.9,0.0
2015-07-30,36.8,26.6,48,14.5,0.0
2015-07-31,37.7,26.8,52,19.9,0.2
2015-08-01,35.9,23.6,46,14.2,0.0
2015-08-02,36.5,23.6,40,11.9,0.0
2015-08-03,36.4,24.0,46,14.3,0.0
2015-08-04,36.3,25.9,58,20.2,0.0
2015-08-05,36.2,26.1,57,21.1,0.0
2015-08-06,37.8,25.2,53,20.8,0.0
2015-08-07,37.6,25.1,55,20.3,0.0
2015-08-08,37.8,25.0,58,21.1,0.0
2015-08-09,38.2,24.5,55,17.3,0.0
2015-08-10,39.3,24.3,49,14.6,0.0
2015-08-11,39.1,26.2,47,14.4,0.0
2015-08-12,39.5,27.5,45,15.4,0.0
2015-08-13,38.6,28.3,44,15.8,0.0
2015-08-14,37.6,27.6,46,14.8,0.0
2015-08-15,36.1,27.4,46,12.2,0.0
2015-08-16,35.1,24.7,52,16.7,0.0
2015-08-17,35.0,24.7,54,18.0,0.0
2015-08-18,36.0,25.2,58,22.2,0.0
2015-08-19,36.2,26.0,65,17.8,2.4
2015-08-20,26.5,23.3,90,15.1,26.4
2015-08-21,31.1,23.0,85,16.2,1.7
2015-08-22,34.2,24.7,72,18.9,0.1
2015-08-23,35.2,24.4,67,15.9,0.0
2015-08-24,35.6,24.9,61,10.9,0.0
2015-08-25,35.2,25.1,63,15.6,0.8
2015-08-26,34.6,23.5,62,10.0,0.0
2015-08-27,35.4,23.5,54,11.6,0.0
2015-08-28,35.6,22.7,45,15.5,0.0
2015-08-29,32.5,23.0,57,14.1,0.3
2015-08-30,33.2,25.1,52,12.6,0.2
2015-08-31,34.1,23.7,61,19.9,0.0
2015-09-01,32.7,24.0,66,18.5,0.7
2015-09-02,32.8,21.6,59,14.1,0.0
2015-09-03,32.6,23.1,59,11.2,0.0
2015-09-04,34.6,25.0,62,19.4,0.0
2015-09-05,34.8,25.5,64,18.4,0.0
2015-09-06,36.1,25.6,61,15.4,0.0
2015-09-07,35.8,25.8,58,15.8,0.0
2015-09-08,36.2,25.4,60,20.6,0.0
2015-09-09,34.1,25.8,72,14.6,1.7
2015-09-10,32.1,24.6,81,13.2,14.5
2015-09-11,32.3,23.7,76,14.8,1.1
2015-09-12,31.3,22.8,48,18.0,0.0
2015-09-13,31.1,18.9,37,16.3,0.0
2015-09-14,30.9,18.5,53,13.4,0.0
2015-09-15,32.2,22.5,72,20.7,1.1
2015-09-16,31.5,23.6,74,16.1,1.3
2015-09-17,33.4,22.9,66,16.8,0.0
2015-09-18,34.2,23.7,65,17.9,0.0
2015-09-19,34.3,22.7,59,13.1,0.0
2015-09-20,33.8,21.4,56,12.0,0.0
2015-09-21,34.4,23.9,51,10.5,0.0
2015-09-22,33.9,22.8,49,12.5,0.0
2015-09-23,33.6,21.7,51,12.0,0.0
2015-09-24,32.5,21.1,46,13.3,0.0
2015-09-25,33.3,23.3,48,9.9,0.0
2015-09-26,33.2,21.2,50,13.8,0.0
2015-09-27,33.2,20.2,44,13.4,0.0
2015-09-28,29.5,20.5,60,18.5,0.0
2015-09-29,32.4,21.3,56,14.5,0.0
2015-09-30,33.7,22.9,48,14.1,0.0
2015-10-01,33.5,22.2,47,16.4,0.0
2015-10-02,29.8,20.5,36,14.8,0.0
2015-10-03,28.8,16.6,34,10.6,0.0
2015-10-04,29.1,17.2,40,10.9,0.0
2015-10-05,27.9,20.7,44,12.7,0.1
2015-10-06,30.7,18.6,48,10.7,0.0
2015-10-07,31.8,19.6,48,12.2,0.0
2015-10-08,31.4,21.9,55,14.8,0.0
2015-10-09,30.5,22.6,59,9.4,0.0
2015-10-10,30.9,20.8,53,14.3,0.0
2015-10-11,34.2,20.9,51,19.2,0.0
2015-10-12,35.9,22.5,57,21.9,0.0
2015-10-13,33.5,22.5,31,18.5,0.0
2015-10-14,34.7,21.6,18,12.7,0.0
2015-10-15,33.7,17.7,44,14.1,0.0
2015-10-16,32.0,17.3,45,14.3,0.0
2015-10-17,30.0,18.3,37,14.5,0.0
2015-10-18,28.1,15.8,27,11.8,0.0
2015-10-19,28.8,14.2,39,17.0,0.0
2015-10-20,29.2,14.9,60,17.6,0.0
2015-10-21,28.8,21.8,77,21.5,0.6
2015-10-22,27.5,21.0,85,26.6,13.4
2015-10-23,26.1,21.7,95,20.3,47.0
2015-10-24,23.0,16.6,95,28.1,91.4
2015-10-25,18.7,14.8,85,30.2,7.0
2015-10-26,23.6,15.3,69,20.9,0.0
2015-10-27,25.5,13.5,71,14.2,0.0
2015-10-28,24.2,14.4,63,24.8,0.0
2015-10-29,24.7,12.5,70,18.1,0.0
2015-10-30,22.7,20.7,96,25.4,49.8
2015-10-31,24.3,17.4,84,17.6,16.0
2015-11-01,22.2,14.5,74,9.5,0.0
2015-11-02,24.1,12.3,82,10.1,0.0
2015-11-03,24.6,13.0,84,12.1,0.0
2015-11-04,25.1,15.6,83,18.4,0.0
2015-11-05,28.1,21.8,87,22.3,4.2
2015-11-06,22.9,16.0,60,21.2,9.5
2015-11-07,16.4,13.4,83,22.1,17.7
2015-11-08,18.5,12.3,61,16.9,0.0
2015-11-09,21.0,12.4,76,7.1,0.0
2015-11-10,22.1,15.1,87,18.4,0.3
2015-11-11,27.9,18.1,80,26.4,0.4
2015-11-12,19.3,13.4,46,19.0,0.0
2015-11-13,16.6,14.0,54,13.2,0.0
2015-11-14,16.6,12.8,69,11.2,4.6
2015-11-15,21.3,12.2,79,17.6,0.3
2015-11-16,24.1,16.8,89,31.6,2.5
2015-11-17,22.6,11.0,68,31.5,24.8
2015-11-18,20.7,7.5,58,14.3,0.0
2015-11-19,22.5,9.4,71,10.8,0.0
2015-11-20,22.6,11.0,82,13.3,0.0
2015-11-21,16.9,6.9,66,34.6,0.8
2015-11-22,11.7,2.7,61,15.2,0.0
2015-11-23,15.2,2.7,68,12.3,0.0
2015-11-24,19.0,7.8,77,17.6,0.1
2015-11-25,23.0,15.9,86,23.9,2.1
2015-11-26,22.7,18.7,95,20.9,6.0
2015-11-27,22.7,7.3,96,20.4,24.1
2015-11-28,7.3,5.5,87,19.7,16.2
2015-11-29,8.1,5.7,92,14.3,1.1
2015-11-30,12.5,6.9,85,9.8,0.0
2015-12-01,14.2,7.7,78,11.8,0.0
2015-12-02,17.5,5.1,74,14.1,0.0
2015-12-03,15.0,4.0,71,10.1,0.0
2015-12-04,15.2,6.1,72,10.4,0.0
2015-12-05,16.1,3.7,77,9.7,0.0
2015-12-06,18.1,5.9,80,10.8,0.0
2015-12-07,18.2,6.6,83,8.9,0.0
2015-12-08,21.8,8.0,83,21.2,0.0
2015-12-09,21.6,9.7,78,12.3,0.0
2015-12-10,23.2,13.6,88,21.6,0.0
2015-12-11,23.3,12.0,90,23.7,0.0
2015-12-12,22.2,20.2,94,31.4,4.7
2015-12-13,22.0,10.2,71,33.5,31.2
2015-12-14,21.8,8.2,51,17.8,0.0
2015-12-15,21.5,11.7,86,18.8,1.2
2015-12-16,15.8,7.3,42,19.8,0.0
2015-12-17,17.0,3.0,56,20.6,0.0
2015-12-18,12.2,2.3,64,21.6,0.0
2015-12-19,16.5,2.2,75,16.8,0.0
2015-12-20,20.0,10.4,87,24.8,1.0
2015-12-21,22.6,11.8,86,20.9,0.0
2015-12-22,23.1,8.7,85,19.1,0.0
2015-12-23,24.6,13.3,75,17.3,0.4
2015-12-24,22.5,12.1,81,12.0,0.0
2015-12-25,19.9,12.0,82,17.4,0.5
2015-12-26,23.9,19.5,94,32.1,10.1
2015-12-27,21.7,3.5,91,28.5,28.5
2015-12-28,7.6,2.4,61,32.7,0.0
2015-12-29,10.3,2.0,70,11.2,0.0
2015-12-30,13.0,4.9,80,13.5,0.0
2015-12-31,11.6,4.4,75,18.5,0.0
2016-01-01,9.1,6.4,59,22.9,0.0
2016-01-02,8.4,5.9,63,13.1,5.0
2016-01-03,14.9,5.4,74,10.5,0.7
2016-01-04,12.7,2.6,69,12.0,0.0
2016-01-05,12.4,2.6,75,11.3,0.0
2016-01-06,12.5,7.3,89,10.6,15.4
2016-01-07,19.8,10.0,86,13.0,0.0
2016-01-08,19.3,8.1,88,16.6,0.6
2016-01-09,12.8,4.6,61,28.2,0.0
2016-01-10,8.2,0.8,60,16.3,0.0
2016-01-11,11.5,0.1,67,10.1,0.0
2016-01-12,16.3,2.3,73,10.5,0.0
2016-01-13,16.9,3.6,75,12.7,0.0
2016-01-14,18.8,8.9,83,18.8,0.2
2016-01-15,18.7,8.3,63,18.4,0.0
2016-01-16,14.9,4.8,73,27.1,0.7
2016-01-17,12.6,1.3,72,14.6,0.0
2016-01-18,13.9,1.9,77,13.1,0.0
2016-01-19,19.6,6.6,80,28.5,0.0
2016-01-20,13.7,6.2,74,14.4,0.2
2016-01-21,16.7,7.5,71,29.7,0.8
2016-01-22,11.2,3.9,55,25.8,0.0
2016-01-23,12.5,-0.3,71,11.5,0.0
2016-01-24,18.9,3.0,74,23.8,0.0
2016-01-25,21.3,11.8,78,22.4,0.0
2016-01-26,11.5,7.4,57,28.9,1.7
2016-01-27,12.5,4.6,54,18.4,0.0
2016-01-28,19.7,0.9,61,11.0,0.0
2016-01-29,21.8,4.0,57,22.8,0.0
2016-01-30,22.4,8.7,63,22.4,0.0
2016-01-31,26.2,13.7,77,21.9,0.0
2016-02-01,23.0,10.6,83,26.0,0.0
2016-02-02,20.4,10.5,32,19.9,0.0
2016-02-03,13.3,5.0,41,20.8,0.0
2016-02-04,12.8,0.5,50,9.4,0.0
2016-02-05,14.5,0.7,53,17.0,0.0
2016-02-06,14.5,4.3,56,28.6,2.1
2016-02-07,18.4,1.1,61,21.1,0.0
2016-02-08,16.5,6.6,34,23.8,0.0
2016-02-09,21.0,4.1,40,18.0,0.0
2016-02-10,21.8,4.5,49,16.8,0.0
2016-02-11,26.1,10.9,41,19.6,0.0
2016-02-12,24.6,8.8,59,16.6,0.0
2016-02-13,22.6,9.1,65,20.7,0.0
2016-02-14,23.4,12.6,72,30.6,0.0
2016-02-15,22.8,12.6,64,21.7,0.0
2016-02-16,26.3,9.4,50,15.6,0.0
2016-02-17,22.5,7.6,45,17.9,0.0
2016-02-18,25.1,10.9,71,25.0,0.0
2016-02-19,26.2,14.9,74,23.8,0.0
2016-02-20,24.3,17.2,77,20.2,0.0
2016-02-21,21.5,17.6,88,15.5,4.9
2016-02-22,20.5,15.7,81,16.1,6.3
2016-02-23,17.0,8.6,76,34.8,43.6
2016-02-24,16.9,7.1,43,28.1,0.0
2016-02-25,18.1,4.4,53,16.9,0.0
2016-02-26,15.8,3.4,54,12.4,0.0
2016-02-27,20.7,5.2,68,19.9,0.0
2016-02-28,23.7,11.8,76,26.8,0.0
2016-02-29,23.1,14.1,82,20.2,0.1
2016-03-01,25.6,13.8,71,23.8,0.0
2016-03-02,24.3,9.7,57,24.0,0.0
2016-03-03,26.2,14.8,60,26.6,0.0
2016-03-04,22.1,8.3,50,14.7,0.0
2016-03-05,24.0,9.1,71,13.4,0.0
2016-03-06,24.5,12.3,76,25.3,0.0
2016-03-07,24.3,17.4,80,35.5,1.6
2016-03-08,27.5,17.8,85,25.9,16.1
2016-03-09,19.8,16.3,93,25.2,11.6
2016-03-10,17.5,14.3,91,24.6,20.5
2016-03-11,22.4,14.2,88,19.4,19.6
2016-03-12,21.7,12.6,79,11.6,1.3
2016-03-13,27.3,14.0,62,20.6,0.0
2016-03-14,30.4,12.1,56,20.1,0.0
2016-03-15,30.9,17.7,67,20.1,0.0
2016-03-16,25.8,14.4,65,13.8,0.0
2016-03-17,24.6,18.6,87,14.3,0.0
2016-03-18,24.4,14.1,87,26.3,5.1
2016-03-19,15.9,9.5,53,28.8,0.3
2016-03-20,15.8,6.5,46,19.2,0.0
2016-03-21,18.0,2.8,56,19.1,0.0
2016-03-22,24.1,9.0,66,30.6,0.0
2016-03-23,27.2,16.5,74,30.6,0.0
2016-03-24,19.0,10.1,52,26.7,12.5
2016-03-25,21.2,8.0,59,15.1,0.0
2016-03-26,22.9,9.2,76,14.1,0.0
2016-03-27,21.5,12.8,73,24.4,0.2
2016-03-28,21.6,7.9,62,12.3,0.0
2016-03-29,21.3,13.1,89,18.7,2.1
2016-03-30,25.0,19.6,90,28.1,1.1
2016-03-31,27.4,17.4,64,20.0,1.0
2016-04-01,16.5,11.5,60,27.3,6.8
2016-04-02,21.4,7.6,50,14.4,0.0
2016-04-03,24.2,7.7,50,12.6,0.0
2016-04-04,27.2,11.0,49,15.5,0.0
2016-04-05,26.9,11.6,48,19.9,0.0
2016-04-06,26.0,14.1,55,22.4,0.1
2016-04-07,28.9,9.6,43,15.8,0.0
2016-04-08,25.8,12.6,44,17.7,0.0
2016-04-09,24.9,14.5,58,22.2,1.8
2016-04-10,25.9,17.4,75,26.0,0.0
2016-04-11,30.5,20.6,73,30.2,1.4
2016-04-12,21.8,18.0,84,23.1,20.8
2016-04-13,22.1,15.2,83,18.4,5.4
2016-04-14,24.3,13.6,75,15.2,0.0
2016-04-15,25.1,12.3,77,18.8,0.0
2016-04-16,24.4,16.0,88,25.5,5.6
2016-04-17,23.0,19.4,96,23.8,28.6
2016-04-18,23.2,18.7,89,16.1,8.5
2016-04-19,24.6,17.1,86,10.9,0.3
2016-04-20,25.8,18.1,81,16.3,1.5
2016-04-21,27.0,18.2,81,18.6,8.6
2016-04-22,26.0,14.0,66,14.5,0.0
2016-04-23,26.3,13.8,63,15.0,0.0
2016-04-24,25.0,16.1,83,18.8,10.2
2016-04-25,30.1,19.3,81,20.4,0.3
2016-04-26,29.3,21.1,78,26.3,0.2
2016-04-27,29.8,18.5,67,19.0,21.3
2016-04-28,29.2,16.6,84,17.8,2.2
2016-04-29,27.5,20.0,92,27.2,8.2
2016-04-30,27.6,19.7,80,15.0,4.4
2016-05-01,23.7,18.3,76,22.1,0.2
2016-05-02,20.1,14.6,71,23.8,4.3
2016-05-03,22.9,10.7,68,17.3,0.0
2016-05-04,28.1,11.2,61,14.1,0.0
2016-05-05,28.8,12.9,62,10.2,0.0
2016-05-06,27.7,16.4,56,10.9,0.0
2016-05-07,28.0,14.8,65,27.9,0.0
2016-05-08,24.8,18.7,75,30.0,3.4
2016-05-09,29.7,20.9,67,30.2,0.0
2016-05-10,32.0,20.8,77,21.2,0.7
2016-05-11,31.0,20.3,76,25.3,2.0
2016-05-12,27.6,21.1,80,13.7,2.6
2016-05-13,29.5,19.7,76,12.2,1.7
2016-05-14,29.4,20.3,87,15.8,16.5
2016-05-15,22.2,17.2,91,14.0,12.7
2016-05-16,25.3,19.2,89,14.2,26.4
2016-05-17,25.5,18.5,85,18.1,0.6
2016-05-18,21.6,17.5,83,20.8,2.4
2016-05-19,23.1,16.1,87,22.1,18.4
2016-05-20,26.7,13.6,77,10.1,0.0
2016-05-21,28.1,19.6,85,13.8,0.9
2016-05-22,28.3,22.3,87,16.8,5.9
2016-05-23,27.2,22.4,88,17.4,2.6
2016-05-24,29.6,22.3,81,19.3,0.6
2016-05-25,30.0,23.3,84,21.4,0.9
2016-05-26,28.4,22.4,91,26.4,20.3
2016-05-27,30.1,22.6,84,30.0,1.9
2016-05-28,31.1,21.1,81,19.3,0.0
2016-05-29,30.1,22.4,79,17.6,0.0
2016-05-30,28.7,21.5,77,22.3,0.4
2016-05-31,28.9,21.2,89,14.8,34.5
2016-06-01,27.9,20.4,89,11.3,6.4
2016-06-02,26.0,20.1,88,15.3,18.1
2016-06-03,27.1,18.5,81,9.8,5.2
2016-06-04,26.7,20.3,85,17.5,6.3
2016-06-05,28.9,20.3,68,22.9,0.0
2016-06-06,29.5,19.4,62,15.6,0.0
2016-06-07,29.9,19.4,75,10.6,0.1
2016-06-08,30.0,20.5,82,10.4,2.4
2016-06-09,30.6,21.6,84,15.9,1.1
2016-06-10,30.9,20.7,81,12.4,0.3
2016-06-11,31.6,23.0,81,14.6,0.2
2016-06-12,31.4,24.7,83,19.5,5.8
2016-06-13,32.0,25.0,77,18.8,0.8
2016-06-14,32.6,25.2,76,18.3,0.0
2016-06-15,34.2,24.9,72,19.9,0.0
2016-06-16,33.9,23.6,71,18.9,0.0
2016-06-17,34.5,24.4,70,16.6,0.0
2016-06-18,34.3,24.4,72,16.2,0.7
2016-06-19,32.6,24.2,79,14.0,1.2
2016-06-20,32.4,23.5,72,10.9,0.9
2016-06-21,33.2,24.5,66,14.0,0.0
2016-06-22,33.1,24.5,68,18.8,0.0
2016-06-23,32.5,24.5,67,19.5,0.0
2016-06-24,32.9,23.5,67,18.5,0.0
2016-06-25,30.9,24.8,81,20.4,2.7
2016-06-26,32.7,24.2,75,15.0,2.0
2016-06-27,33.6,23.4,69,8.9,0.0
2016-06-28,34.9,24.2,75,17.6,13.3
2016-06-29,32.6,23.6,72,15.5,0.4
2016-06-30,33.1,23.2,68,15.0,0.0
2016-07-01,33.7,23.8,68,15.1,0.0
2016-07-02,35.0,24.4,66,20.3,0.0
2016-07-03,35.5,25.9,65,26.8,0.0
2016-07-04,36.9,26.2,60,23.4,0.0
2016-07-05,36.7,26.3,62,25.2,0.0
2016-07-06,36.5,26.0,62,25.2,0.0
2016-07-07,36.8,25.4,63,23.8,0.0
2016-07-08,36.4,25.3,61,24.0,0.2
2016-07-09,36.7,25.1,61,20.1,0.0
2016-07-10,34.4,25.7,62,19.7,0.4
2016-07-11,37.2,26.0,58,26.4,0.0
2016-07-12,36.1,25.1,61,26.6,0.0
2016-07-13,37.1,25.6,60,24.2,0.0
2016-07-14,37.4,25.8,59,21.3,0.0
2016-07-15,37.5,25.3,55,24.4,0.0
2016-07-16,36.0,24.6,59,17.7,0.6
2016-07-17,35.2,23.9,59,18.4,0.0
2016-07-18,35.5,25.2,62,19.9,0.0
2016-07-19,35.1,25.9,64,17.1,0.0
2016-07-20,35.9,25.1,60,17.9,0.0
2016-07-21,36.9,25.5,52,13.8,0.0
2016-07-22,37.6,25.8,51,16.3,0.0
2016-07-23,37.5,26.1,52,18.1,0.2
2016-07-24,37.4,26.5,58,17.2,0.2
2016-07-25,36.7,27.0,62,18.0,3.8
2016-07-26,32.2,24.3,80,17.0,15.4
2016-07-27,32.6,24.6,78,17.5,3.5
2016-07-28,32.7,24.6,73,19.3,0.0
2016-07-29,34.0,24.8,70,15.0,0.0
2016-07-30,35.1,24.4,65,14.8,0.0
2016-07-31,35.1,25.0,61,17.7,0.0
2016-08-01,36.8,24.4,54,19.0,0.0
2016-08-02,37.2,24.0,59,15.6,0.0
2016-08-03,37.2,25.5,55,16.1,0.0
2016-08-04,37.1,25.5,54,16.7,0.0
2016-08-05,36.4,26.0,57,16.9,0.0
2016-08-06,37.0,26.1,51,17.3,0.0
2016-08-07,37.4,26.5,53,16.9,0.0
2016-08-08,38.0,26.6,52,15.9,0.0
2016-08-09,37.3,26.8,56,18.3,0.0
2016-08-10,38.5,27.1,54,19.1,0.0
2016-08-11,39.0,27.1,55,19.9,0.0
2016-08-12,38.6,27.2,55,18.4,0.2
2016-08-13,33.4,26.2,70,12.1,2.3
2016-08-14,27.5,23.6,91,13.9,32.6
2016-08-15,25.6,23.2,93,9.3,31.6
2016-08-16,25.9,22.9,96,15.8,42.9
2016-08-17,27.5,23.4,94,14.6,7.8
2016-08-18,29.7,22.9,88,11.8,3.8
2016-08-19,31.0,24.1,82,16.8,0.4
2016-08-20,29.3,23.5,87,17.6,36.7
2016-08-21,26.1,23.3,94,8.1,23.0
2016-08-22,29.3,22.9,88,17.1,5.9
2016-08-23,31.8,24.3,77,21.8,0.0
2016-08-24,31.5,22.7,77,17.6,0.0
2016-08-25,30.8,23.7,81,12.7,0.7
2016-08-26,31.0,23.2,84,10.0,3.3
2016-08-27,30.1,23.5,85,8.3,3.1
2016-08-28,29.7,22.4,82,15.3,1.0
2016-08-29,29.7,22.8,85,17.8,8.9
2016-08-30,30.2,22.8,84,13.7,2.5
2016-08-31,31.6,24.1,80,12.0,0.6
2016-09-01,32.0,24.1,75,12.6,0.0
2016-09-02,30.4,22.7,78,12.1,0.6
2016-09-03,30.7,23.0,79,11.4,0.5
2016-09-04,30.9,22.8,80,13.9,1.1
2016-09-05,31.7,23.6,84,16.5,5.0
2016-09-06,31.9,24.1,81,17.0,0.7
2016-09-07,32.2,24.6,78,15.9,0.2
2016-09-08,32.8,23.9,73,16.1,0.0
2016-09-09,32.3,23.9,74,16.4,0.0
2016-09-10,31.4,23.7,73,19.2,0.0
2016-09-11,30.2,21.7,66,13.1,0.0
2016-09-12,31.1,22.3,71,11.2,0.5
2016-09-13,31.7,22.7,76,11.9,0.3
2016-09-14,32.0,24.2,74,12.8,0.2
2016-09-15,32.4,22.8,68,9.3,0.1
2016-09-16,33.2,23.7,72,7.6,0.0
2016-09-17,33.7,24.1,69,8.9,0.0
2016-09-18,34.9,24.8,67,12.0,0.2
2016-09-19,35.6,25.2,61,10.6,0.0
2016-09-20,34.9,24.1,59,12.3,0.0
2016-09-21,33.8,25.0,58,9.8,0.0
2016-09-22,32.5,23.7,61,14.2,0.0
2016-09-23,32.9,24.4,72,17.9,0.6
2016-09-24,32.8,24.4,81,18.3,9.8
2016-09-25,28.4,23.1,88,12.5,10.3
2016-09-26,23.1,19.2,90,19.1,14.0
2016-09-27,25.7,18.7,75,14.6,0.9
2016-09-28,29.1,17.3,71,6.1,0.0
2016-09-29,27.4,17.5,62,17.2,0.0
2016-09-30,25.4,14.2,59,10.2,0.0
2016-10-01,25.1,17.7,58,8.3,0.1
2016-10-02,27.9,15.6,63,9.1,0.0
2016-10-03,29.3,17.6,66,13.8,0.0
2016-10-04,31.7,21.0,73,17.3,0.2
2016-10-05,32.5,22.5,71,16.1,0.0
2016-10-06,31.5,24.1,77,13.4,0.6
2016-10-07,29.1,20.9,77,23.1,1.5
2016-10-08,27.9,17.1,65,16.8,0.0
2016-10-09,26.6,15.6,47,12.6,0.0
2016-10-10,27.4,12.8,44,10.2,0.0
2016-10-11,29.6,14.2,56,10.1,0.0
2016-10-12,31.6,19.2,69,16.3,0.0
2016-10-13,29.7,22.6,79,15.5,1.0
2016-10-14,28.8,20.6,77,12.7,0.5
2016-10-15,31.2,21.0,69,19.0,0.0
2016-10-16,32.7,22.3,67,21.3,0.0
2016-10-17,32.6,22.7,67,20.4,0.0
2016-10-18,32.7,22.7,69,20.0,0.0
2016-10-19,31.3,23.0,71,15.9,0.9
2016-10-20,25.9,19.4,65,28.7,0.3
2016-10-21,23.5,13.9,45,17.3,0.0
2016-10-22,25.4,12.2,43,14.4,0.0
2016-10-23,26.9,13.9,63,15.1,0.0
2016-10-24,28.1,17.8,70,14.7,0.0
2016-10-25,28.2,17.4,64,14.8,0.0
2016-10-26,28.4,18.3,65,13.0,0.0
2016-10-27,29.2,18.4,67,12.2,0.0
2016-10-28,28.0,17.3,62,15.1,0.0
2016-10-29,29.1,17.0,66,13.4,0.0
2016-10-30,29.8,18.5,67,12.2,0.0
2016-10-31,28.4,16.5,69,15.5,0.0
2016-11-01,29.7,22.0,79,15.9,0.8
2016-11-02,29.2,22.0,87,18.1,12.7
2016-11-03,27.3,20.8,89,17.7,16.0
2016-11-04,24.4,19.7,90,14.3,23.0
2016-11-05,23.7,18.1,89,12.6,9.8
2016-11-06,23.1,16.5,86,10.9,10.6
2016-11-07,23.2,18.2,93,12.6,13.9
2016-11-08,20.2,17.2,95,14.2,17.3
2016-11-09,18.4,16.1,89,16.8,5.3
2016-11-10,20.2,14.4,75,11.9,0.0
2016-11-11,21.7,12.8,80,9.9,0.0
2016-11-12,22.3,14.5,78,13.1,0.0
2016-11-13,21.9,13.6,80,9.0,0.0
2016-11-14,24.8,14.0,81,13.5,0.0
2016-11-15,26.9,13.0,75,10.3,0.0
2016-11-16,27.4,13.3,66,18.7,0.0
2016-11-17,26.2,16.3,74,26.2,0.0
2016-11-18,23.1,11.6,63,26.8,2.2
2016-11-19,14.6,6.4,45,24.5,0.0
2016-11-20,16.3,6.0,50,11.6,0.0
2016-11-21,22.1,7.5,71,20.6,0.0
2016-11-22,24.1,16.3,87,28.7,8.1
2016-11-23,19.8,11.7,72,20.6,19.5
2016-11-24,21.5,10.1,73,9.7,0.0
2016-11-25,18.4,14.5,90,13.4,4.2
2016-11-26,19.5,12.4,73,9.5,0.0
2016-11-27,23.0,13.7,82,27.0,0.0
2016-11-28,23.6,13.0,66,26.6,0.4
2016-11-29,23.4,9.8,58,12.4,0.0
2016-11-30,16.7,7.5,51,19.1,0.0
2016-12-01,18.1,4.7,58,13.9,0.0
2016-12-02,16.4,10.0,76,16.0,4.0
2016-12-03,11.3,9.2,97,20.4,53.7
2016-12-04,11.1,9.7,91,22.0,12.5
2016-12-05,10.9,8.4,94,17.2,18.4
2016-12-06,15.9,8.3,77,23.1,0.0
2016-12-07,14.1,5.5,84,17.9,0.0
2016-12-08,10.3,2.1,62,32.8,0.0
2016-12-09,7.1,1.1,48,18.8,0.0
2016-12-10,10.4,3.1,68,11.6,0.0
2016-12-11,17.3,10.8,92,22.5,0.0
2016-12-12,16.7,7.8,82,15.1,0.0
2016-12-13,21.3,10.7,82,19.7,0.0
2016-12-14,15.0,10.3,78,14.5,0.0
2016-12-15,11.3,8.9,76,15.2,0.0
2016-12-16,18.0,11.3,84,19.5,0.0
2016-12-17,24.0,6.0,86,34.8,0.2
2016-12-18,4.3,-3.0,41,34.7,0.0
2016-12-19,5.6,-4.1,43,20.5,0.0
2016-12-20,12.7,1.4,45,12.4,0.0
2016-12-21,18.0,5.4,54,19.7,0.0
2016-12-22,16.3,8.7,64,19.1,0.0
2016-12-23,18.9,12.4,84,14.6,0.0
2016-12-24,23.9,19.3,90,22.8,1.6
2016-12-25,25.1,19.8,87,35.5,1.3
2016-12-26,25.3,19.7,91,18.3,4.0
2016-12-27,19.9,17.6,90,11.3,2.9
2016-12-28,25.5,17.3,86,22.5,0.0
2016-12-29,19.1,9.9,43,28.6,0.0
2016-12-30,11.8,8.6,40,14.3,0.6
2016-12-31,21.2,9.6,81,17.9,0.1
2017-01-01,21.2,12.2,82,13.0,1.5
2017-01-02,22.0,12.8,74,20.9,3.8
2017-01-03,21.3,8.1,52,21.2,0.0
2017-01-04,8.3,3.7,59,21.6,0.0
2017-01-05,17.6,2.5,67,29.6,0.0
2017-01-06,1.7,-4.3,51,29.9,0.1
2017-01-07,4.2,-6.6,49,23.3,0.0
2017-01-08,8.3,-4.5,47,18.3,0.0
2017-01-09,20.1,3.6,78,33.0,0.0
2017-01-10,24.1,14.6,78,29.3,0.0
2017-01-11,25.6,16.1,78,38.4,0.0
2017-01-12,25.2,18.9,80,26.3,0.9
2017-01-13,24.7,16.1,84,20.3,4.6
2017-01-14,22.7,11.8,90,15.9,2.5
2017-01-15,22.5,14.0,91,31.7,5.6
2017-01-16,21.4,12.5,73,27.0,13.1
2017-01-17,15.8,9.5,84,23.3,15.5
2017-01-18,13.1,8.8,91,16.9,12.4
2017-01-19,20.6,9.8,83,23.0,1.5
2017-01-20,22.4,10.0,75,15.7,0.0
2017-01-21,24.7,9.8,71,27.2,2.6
2017-01-22,19.2,13.0,38,46.6,0.0
2017-01-23,20.5,7.2,55,17.6,0.0
2017-01-24,25.2,11.7,66,27.6,0.0
2017-01-25,18.2,10.6,50,24.6,0.2
2017-01-26,12.9,5.2,49,14.9,0.0
2017-01-27,12.2,3.7,48,19.8,0.0
2017-01-28,14.1,5.5,56,19.6,0.4
2017-01-29,18.1,5.5,47,20.9,0.0
2017-01-30,23.3,8.5,39,18.2,0.0
2017-01-31,22.4,6.7,47,22.9,0.0
2017-02-01,25.3,11.0,76,20.3,0.0
2017-02-02,16.8,9.3,50,22.4,0.0
2017-02-03,10.2,7.3,61,21.1,0.3
2017-02-04,11.7,8.4,80,9.8,1.7
2017-02-05,21.5,12.0,90,17.6,0.2
2017-02-06,26.2,18.6,84,25.9,0.5
2017-02-07,29.0,19.6,60,20.9,0.0
2017-02-08,27.8,14.4,36,25.9,0.0
2017-02-09,18.2,6.7,45,19.1,0.0
2017-02-10,23.9,10.2,71,23.6,0.5
2017-02-11,29.4,18.4,79,23.0,0.3
2017-02-12,25.2,16.2,77,20.3,0.1
2017-02-13,24.3,16.6,77,21.9,4.5
2017-02-14,18.3,8.7,74,28.3,14.8
2017-02-15,16.2,6.4,52,24.3,0.0
2017-02-16,18.1,3.6,59,15.2,0.0
2017-02-17,22.5,10.1,68,26.4,0.2
2017-02-18,27.0,14.9,74,16.4,0.7
2017-02-19,25.6,19.4,87,31.3,10.9
2017-02-20,20.1,14.1,85,22.2,31.9
2017-02-21,23.8,12.3,57,22.1,0.0
2017-02-22,26.4,8.5,64,14.7,0.0
2017-02-23,28.4,11.9,63,25.6,0.0
2017-02-24,22.9,12.5,57,22.1,0.0
2017-02-25,15.6,6.3,44,20.5,0.0
2017-02-26,19.1,6.5,80,11.9,4.6
2017-02-27,26.3,16.8,84,25.3,0.8
2017-02-28,29.8,19.4,83,29.9,1.7
2017-03-01,20.4,12.2,55,31.0,0.0
2017-03-02,17.4,7.8,34,20.7,0.0
2017-03-03,20.0,5.5,42,18.9,0.0
2017-03-04,15.6,11.1,84,16.7,14.1
2017-03-05,21.6,13.4,90,17.3,8.6
2017-03-06,26.9,18.9,83,30.0,1.4
2017-03-07,21.3,15.2,68,25.0,1.4
2017-03-08,21.2,13.4,62,12.5,0.1
2017-03-09,23.7,17.7,91,19.6,3.9
2017-03-10,25.4,17.9,84,20.9,1.0
2017-03-11,21.9,15.5,88,17.6,19.5
2017-03-12,16.4,8.4,78,29.3,0.0
2017-03-13,19.9,8.7,75,23.7,0.0
2017-03-14,19.8,5.5,61,17.0,0.0
2017-03-15,21.5,8.4,71,18.7,0.0
2017-03-16,23.5,14.7,81,26.1,0.6
2017-03-17,26.7,17.7,74,30.1,0.2
2017-03-18,26.2,15.6,83,15.5,0.4
2017-03-19,27.0,17.9,77,20.3,0.0
2017-03-20,27.6,17.9,72,23.5,0.0
2017-03-21,27.9,16.3,72,24.4,0.0
2017-03-22,27.5,16.8,74,21.5,0.0
2017-03-23,27.7,18.5,67,38.5,0.1
2017-03-24,25.3,15.9,71,31.8,13.3
2017-03-25,26.1,13.2,47,17.4,0.0
2017-03-26,29.9,15.0,69,30.0,0.2
2017-03-27,29.2,19.6,76,19.8,0.1
2017-03-28,30.4,19.0,73,40.5,1.3
2017-03-29,27.0,16.9,61,31.1,7.0
2017-03-30,25.4,12.7,53,27.5,0.0
2017-03-31,29.2,13.4,54,26.2,0.0
2017-04-01,26.0,17.3,76,27.9,0.6
2017-04-02,23.3,14.8,84,26.3,17.7
2017-04-03,28.9,11.5,59,18.2,0.0
2017-04-04,30.6,15.9,55,23.1,0.0
2017-04-05,21.9,11.3,46,29.2,0.0
2017-04-06,23.4,9.1,56,11.4,0.0
2017-04-07,25.8,10.5,54,20.9,0.0
2017-04-08,28.6,15.8,63,31.9,0.0
2017-04-09,29.8,17.9,71,33.1,0.1
2017-04-10,27.1,21.2,84,23.2,38.6
2017-04-11,24.3,18.1,88,19.1,79.1
2017-04-12,23.9,16.0,81,17.4,0.3
2017-04-13,24.9,18.5,84,23.7,0.9
2017-04-14,26.4,17.2,74,18.5,0.2
2017-04-15,26.1,18.0,78,21.1,0.3
2017-04-16,27.0,18.4,80,21.1,1.4
2017-04-17,23.5,18.9,90,19.9,5.3
2017-04-18,23.9,16.0,87,17.4,0.7
2017-04-19,27.0,18.7,79,17.4,0.3
2017-04-20,27.7,19.8,80,18.7,0.6
2017-04-21,28.1,20.0,77,26.1,0.3
2017-04-22,21.5,14.6,72,27.0,0.4
2017-04-23,22.0,11.3,55,22.7,0.0
2017-04-24,24.8,9.9,61,21.2,0.0
2017-04-25,31.4,17.2,74,30.8,0.0
2017-04-26,29.5,17.0,59,33.9,3.1
2017-04-27,27.8,11.9,55,24.8,0.0
2017-04-28,33.9,19.1,71,27.8,0.4
2017-04-29,33.0,17.6,69,36.5,4.7
2017-04-30,23.5,12.0,44,29.8,2.7
2017-05-01,29.3,12.5,47,27.9,0.0
2017-05-02,31.2,16.3,56,25.3,0.0
2017-05-03,31.7,18.4,65,30.7,1.5
2017-05-04,25.4,15.7,39,31.7,0.0
2017-05-05,27.9,13.6,39,14.8,0.0
2017-05-06,30.1,13.7,44,13.7,0.0
2017-05-07,30.5,16.0,53,22.7,0.0
2017-05-08,28.2,17.8,63,28.5,0.2
2017-05-09,27.3,18.5,78,24.9,2.4
2017-05-10,29.7,21.3,72,29.9,0.9
2017-05-11,28.3,21.3,81,17.2,5.1
2017-05-12,28.6,17.2,60,25.0,0.2
2017-05-13,28.6,15.8,59,13.0,0.0
2017-05-14,32.1,16.5,63,16.9,0.0
2017-05-15,33.0,18.2,65,22.6,0.0
2017-05-16,34.1,21.3,66,35.8,0.0
2017-05-17,27.6,20.8,82,30.1,24.2
2017-05-18,31.4,23.0,78,36.4,4.5
2017-05-19,32.2,23.4,71,32.4,0.3
2017-05-20,27.0,21.2,85,20.2,14.6
2017-05-21,26.9,18.2,80,24.2,13.6
2017-05-22,25.5,16.5,82,21.3,10.0
2017-05-23,26.1,15.6,80,22.2,11.5
2017-05-24,28.0,13.4,56,21.1,0.0
2017-05-25,32.2,17.5,61,32.7,0.0
2017-05-26,34.4,22.7,77,22.4,0.7
2017-05-27,35.1,25.4,71,27.8,0.4
2017-05-28,32.0,22.1,80,20.4,21.4
2017-05-29,27.3,21.2,85,12.7,4.2
2017-05-30,29.2,19.1,75,12.5,0.1
2017-05-31,28.4,20.1,78,17.5,0.7
2017-06-01,28.2,20.2,82,13.1,6.0
2017-06-02,29.4,21.3,82,14.4,2.9
2017-06-03,28.7,21.4,85,13.7,17.1
2017-06-04,28.3,21.0,85,15.0,14.3
2017-06-05,28.1,20.9,84,23.3,7.0
2017-06-06,30.3,21.3,74,26.8,0.2
2017-06-07,31.2,20.7,64,13.0,0.0
2017-06-08,30.9,21.3,70,12.3,0.1
2017-06-09,29.6,21.7,77,23.4,2.1
2017-06-10,31.7,21.2,63,19.3,0.5
2017-06-11,32.6,23.4,65,18.5,0.0
2017-06-12,33.7,22.2,65,18.6,0.1
2017-06-13,33.1,23.4,70,23.4,0.8
2017-06-14,35.2,24.8,66,25.0,0.6
2017-06-15,36.5,24.4,62,23.6,0.0
2017-06-16,36.1,24.1,63,21.7,0.0
2017-06-17,38.1,25.1,62,24.8,0.0
2017-06-18,37.8,25.0,62,24.6,0.1
2017-06-19,32.3,25.2,69,16.9,0.2
2017-06-20,35.1,24.4,61,20.0,0.1
2017-06-21,35.3,24.1,49,22.0,0.0
2017-06-22,35.0,24.6,57,18.1,0.0
2017-06-23,38.1,25.9,59,19.5,0.3
2017-06-24,28.4,24.3,81,18.4,13.2
2017-06-25,29.3,23.3,76,19.0,8.4
2017-06-26,29.1,22.7,88,14.4,36.5
2017-06-27,27.8,22.9,86,16.8,15.2
2017-06-28,30.9,21.2,78,13.4,0.4
2017-06-29,32.8,23.3,76,20.6,0.2
2017-06-30,34.9,25.5,71,27.8,0.2
2017-07-01,33.9,25.2,71,20.9,1.8
2017-07-02,33.9,25.3,71,21.4,1.1
2017-07-03,35.5,25.2,64,21.9,0.0
2017-07-04,35.3,25.6,65,23.7,0.9
2017-07-05,36.2,25.5,62,19.3,0.0
2017-07-06,34.3,25.1,69,16.4,4.0
2017-07-07,35.2,24.9,68,18.4,6.1
2017-07-08,36.7,25.2,57,16.6,0.0
2017-07-09,35.8,25.9,58,18.7,2.0
2017-07-10,36.5,25.4,48,15.8,0.0
2017-07-11,36.6,24.9,58,23.1,1.1
2017-07-12,35.1,25.5,58,18.8,0.0
2017-07-13,35.4,25.3,62,18.5,0.5
2017-07-14,36.3,25.6,56,14.8,0.3
2017-07-15,35.1,25.1,68,25.7,7.3
2017-07-16,36.0,23.4,67,18.7,1.0
2017-07-17,31.6,24.7,78,17.4,7.4
2017-07-18,33.9,24.6,68,14.7,0.0
2017-07-19,35.2,25.3,64,16.3,0.3
2017-07-20,36.9,25.9,58,18.5,0.0
2017-07-21,38.0,26.1,52,20.4,0.1
2017-07-22,38.1,26.4,53,19.9,0.0
2017-07-23,37.5,26.2,59,17.6,1.3
2017-07-24,37.7,26.2,62,20.3,1.8
2017-07-25,36.4,26.4,62,22.1,0.1
2017-07-26,37.7,26.1,58,31.2,0.0
2017-07-27,37.7,25.3,54,27.5,0.0
2017-07-28,39.4,25.5,47,22.4,0.0
2017-07-29,39.8,26.5,47,20.4,0.0
2017-07-30,37.0,27.9,51,19.5,2.4
2017-07-31,35.9,26.1,45,16.9,0.0
2017-08-01,36.5,25.1,44,21.3,0.0
2017-08-02,29.3,23.2,80,15.5,39.4
2017-08-03,30.7,22.6,76,11.8,4.7
2017-08-04,33.9,23.9,66,16.8,1.0
2017-08-05,34.6,24.7,74,20.6,14.2
2017-08-06,35.8,25.8,70,24.1,6.2
2017-08-07,28.3,24.3,85,17.2,31.4
2017-08-08,31.6,23.8,74,23.7,0.3
2017-08-09,32.8,23.9,69,13.8,0.2
2017-08-10,35.0,24.7,72,17.5,1.2
2017-08-11,35.5,25.2,64,16.7,0.2
2017-08-12,37.8,26.2,58,21.2,0.0
2017-08-13,38.5,26.2,56,23.4,0.0
2017-08-14,38.5,25.9,56,25.4,0.0
2017-08-15,38.2,25.7,57,25.0,0.0
2017-08-16,38.5,26.9,60,24.7,0.9
2017-08-17,38.1,27.3,57,21.7,0.0
2017-08-18,38.2,26.2,54,22.3,0.0
2017-08-19,38.6,26.1,50,20.4,0.0
2017-08-20,37.9,26.2,51,22.9,0.0
2017-08-21,37.1,26.6,55,21.1,0.0
2017-08-22,36.4,26.0,50,19.1,0.0
2017-08-23,36.2,26.6,54,20.1,0.2
2017-08-24,31.6,24.6,72,16.1,2.8
2017-08-25,28.8,24.1,85,29.6,16.2
2017-08-26,24.6,22.9,93,50.1,111.6
2017-08-27,24.1,20.0,91,42.9,128.0
2017-08-28,27.4,20.0,77,35.9,20.6
2017-08-29,29.2,21.8,70,31.5,0.1
2017-08-30,30.2,22.4,66,22.7,0.0
2017-08-31,30.4,20.3,68,12.8,0.0
2017-09-01,30.5,21.7,70,9.6,0.0
2017-09-02,31.3,21.0,73,12.3,0.0
2017-09-03,30.6,22.1,74,9.4,0.0
2017-09-04,30.8,21.4,72,13.7,0.0
2017-09-05,32.1,22.4,75,13.1,0.1
2017-09-06,27.7,19.6,53,24.4,0.4
2017-09-07,26.4,16.3,54,12.3,0.0
2017-09-08,26.9,15.5,63,10.4,0.0
2017-09-09,27.9,17.5,62,15.6,0.0
2017-09-10,28.5,18.0,60,16.9,0.0
2017-09-11,28.7,17.8,59,18.5,0.0
2017-09-12,31.5,16.7,57,11.4,0.0
2017-09-13,32.0,19.1,61,13.4,0.0
2017-09-14,33.2,21.6,71,20.7,0.0
2017-09-15,31.8,22.7,71,20.1,0.1
2017-09-16,32.2,23.9,72,16.0,0.6
2017-09-17,32.1,22.9,67,15.0,0.0
2017-09-18,31.3,23.1,78,16.7,3.7
2017-09-19,32.8,24.3,77,21.7,0.5
2017-09-20,34.7,24.8,72,22.5,0.0
2017-09-21,31.8,25.0,77,21.4,2.4
2017-09-22,30.8,23.3,79,22.8,5.0
2017-09-23,31.4,21.8,73,17.1,0.3
2017-09-24,30.7,22.9,78,16.7,1.1
2017-09-25,30.1,22.6,79,17.2,1.3
2017-09-26,27.1,23.1,92,15.2,29.8
2017-09-27,26.7,22.4,89,14.8,10.9
2017-09-28,27.6,22.5,88,16.4,15.4
2017-09-29,23.4,21.1,88,20.3,11.4
2017-09-30,27.7,19.3,66,17.7,0.0
2017-10-01,28.5,17.6,70,7.4,0.0
2017-10-02,29.7,20.7,77,15.9,0.1
2017-10-03,28.3,23.4,90,18.1,15.7
2017-10-04,29.1,23.4,80,18.4,1.9
2017-10-05,28.1,21.6,77,10.5,0.9
2017-10-06,27.8,20.2,74,12.8,0.0
2017-10-07,29.2,19.9,78,15.3,0.0
2017-10-08,30.6,20.9,72,16.6,0.0
2017-10-09,31.8,22.4,76,18.4,0.0
2017-10-10,26.2,15.3,59,28.5,7.2
2017-10-11,24.1,14.7,54,18.2,0.0
2017-10-12,28.3,16.8,64,8.9,0.0
2017-10-13,30.1,20.4,79,14.6,0.0
2017-10-14,30.5,21.7,77,16.5,0.0
2017-10-15,26.0,19.2,68,28.1,1.6
2017-10-16,23.8,13.9,43,22.2,0.0
2017-10-17,22.9,10.5,55,10.0,0.0
2017-10-18,25.5,11.0,61,11.2,0.0
2017-10-19,27.6,14.7,70,14.8,0.0
2017-10-20,26.2,19.3,83,13.5,1.3
2017-10-21,31.4,21.6,81,26.3,0.9
2017-10-22,25.9,15.3,66,29.5,27.2
2017-10-23,25.1,10.4,58,12.6,0.0
2017-10-24,23.8,13.1,39,22.3,0.0
2017-10-25,25.0,9.3,42,13.8,0.0
2017-10-26,27.3,12.8,47,29.8,0.0
2017-10-27,18.5,9.5,47,33.6,0.1
2017-10-28,16.3,5.7,31,19.4,0.0
2017-10-29,22.2,4.9,35,15.9,0.0
2017-10-30,25.0,9.1,49,20.9,0.0
2017-10-31,17.1,11.9,72,20.4,15.7
2017-11-01,27.0,13.1,82,21.7,1.6
2017-11-02,28.5,19.8,85,22.4,0.2
2017-11-03,29.3,21.7,85,15.1,1.3
2017-11-04,27.6,22.6,84,19.8,0.7
2017-11-05,30.0,21.6,81,23.3,0.1
2017-11-06,28.9,20.8,78,22.3,0.0
2017-11-07,27.2,16.0,79,22.2,0.3
2017-11-08,15.4,8.3,76,25.0,11.3
2017-11-09,15.1,8.6,78,21.8,0.1
2017-11-10,15.8,9.7,75,9.4,0.0
2017-11-11,21.0,14.8,78,14.4,1.3
2017-11-12,23.8,17.8,84,12.4,0.7
2017-11-13,23.3,16.6,80,10.6,0.0
2017-11-14,25.4,16.5,76,21.2,0.0
2017-11-15,24.5,18.5,86,17.6,1.8
2017-11-16,24.2,19.4,92,18.3,5.4
2017-11-17,27.6,19.7,80,29.0,0.1
2017-11-18,26.7,13.3,63,39.6,0.4
2017-11-19,16.6,8.3,47,17.7,0.0
2017-11-20,18.5,8.1,52,18.3,0.0
2017-11-21,22.9,11.7,72,27.1,0.0
2017-11-22,17.1,8.1,45,28.6,0.0
2017-11-23,18.6,3.4,47,8.6,0.0
2017-11-24,22.7,6.2,46,22.6,0.0
2017-11-25,23.9,9.2,69,12.6,0.0
2017-11-26,23.5,12.9,68,12.5,0.0
2017-11-27,23.2,10.4,75,18.5,0.0
2017-11-28,25.8,11.9,71,22.4,0.0
2017-11-29,22.3,13.1,49,17.8,0.0
2017-11-30,22.7,10.3,51,11.1,0.0
2017-12-01,23.1,10.8,60,10.5,0.0
2017-12-02,24.6,12.4,73,16.0,0.0
2017-12-03,20.7,14.7,94,16.2,9.2
2017-12-04,26.7,18.1,83,26.4,2.9
2017-12-05,20.5,9.0,57,28.8,4.1
2017-12-06,7.6,5.3,84,21.8,21.1
2017-12-07,8.8,1.8,76,26.4,8.8
2017-12-08,10.5,-0.5,52,19.9,0.0
2017-12-09,16.9,2.9,49,20.9,0.0
2017-12-10,18.4,2.6,58,10.5,0.0
2017-12-11,21.5,6.4,53,17.4,0.0
2017-12-12,16.0,5.7,45,22.7,0.0
2017-12-13,17.5,1.5,61,20.8,0.0
2017-12-14,17.6,8.1,50,20.7,0.0
2017-12-15,14.8,7.3,48,21.3,0.0
2017-12-16,10.7,5.4,74,14.5,27.3
2017-12-17,16.2,5.1,89,11.5,0.0
2017-12-18,14.3,9.7,95,7.6,1.3
2017-12-19,20.1,14.4,96,21.3,28.1
2017-12-20,22.1,11.1,68,18.1,0.0
2017-12-21,25.4,10.0,74,24.3,0.0
2017-12-22,22.7,5.8,88,28.6,8.0
2017-12-23,12.7,3.8,65,21.1,0.0
2017-12-24,16.1,4.4,67,27.9,0.0
2017-12-25,11.0,0.6,67,14.9,0.0
2017-12-26,10.8,5.4,91,22.4,2.3
2017-12-27,5.3,3.6,73,24.4,0.7
2017-12-28,7.6,3.5,69,12.9,0.0
2017-12-29,9.7,5.1,78,14.8,0.0
2017-12-30,15.7,8.4,85,17.9,0.4
2017-12-31,8.1,-1.3,75,26.3,0.0
2018-01-01,1.0,-4.1,48,24.6,0.0
2018-01-02,0.3,-3.8,53,17.3,0.0
2018-01-03,11.5,-5.3,49,12.6,0.0
2018-01-04,10.5,-2.7,62,8.2,0.0
2018-01-05,14.0,5.7,56,13.0,0.0
2018-01-06,17.3,3.4,80,16.5,0.2
2018-01-07,19.7,11.3,87,32.5,2.3
2018-01-08,18.2,8.7,58,25.7,0.0
2018-01-09,17.6,4.1,73,9.8,0.0
2018-01-10,18.8,7.9,86,27.4,0.5
2018-01-11,21.2,5.8,65,39.5,0.4
2018-01-12,12.2,1.1,35,37.0,0.0
2018-01-13,9.7,-0.1,44,17.5,0.0
2018-01-14,13.7,-1.2,66,14.6,0.0
2018-01-15,18.1,4.1,86,39.1,4.4
2018-01-16,4.1,-3.0,47,34.7,1.6
2018-01-17,2.6,-7.1,42,17.2,0.0
2018-01-18,4.5,-3.5,54,11.2,4.2
2018-01-19,10.4,3.5,68,10.3,0.8
2018-01-20,19.0,10.1,90,24.4,0.9
2018-01-21,22.0,16.1,91,36.9,3.0
2018-01-22,16.5,6.7,40,21.1,1.6
2018-01-23,16.4,1.0,45,12.6,0.0
2018-01-24,15.6,1.3,50,10.2,0.0
2018-01-25,16.6,1.9,46,16.8,0.0
2018-01-26,19.9,10.6,80,16.9,1.3
2018-01-27,19.4,14.6,88,23.2,5.0
2018-01-28,18.8,10.2,55,18.0,0.0
2018-01-29,17.2,6.2,45,23.8,0.0
2018-01-30,17.4,1.5,50,19.1,0.0
2018-01-31,21.2,6.4,68,26.6,0.0
2018-02-01,23.7,11.7,62,23.4,0.0
2018-02-02,13.7,7.7,43,24.6,0.0
2018-02-03,15.0,6.4,74,18.1,4.6
2018-02-04,23.3,7.4,78,24.3,0.0
2018-02-05,15.6,3.9,63,28.5,0.1
2018-02-06,13.1,6.3,92,17.6,10.1
2018-02-07,10.2,3.2,64,26.7,2.6
2018-02-08,14.0,0.8,68,12.9,0.0
2018-02-09,17.3,10.1,82,16.2,2.2
2018-02-10,16.8,6.0,85,20.9,1.7
2018-02-11,6.0,0.2,58,29.3,0.1
2018-02-12,11.7,-0.5,62,19.4,0.0
2018-02-13,9.8,4.7,84,9.5,3.2
2018-02-14,19.0,9.4,93,15.9,1.3
2018-02-15,25.2,17.4,86,35.9,0.5
2018-02-16,21.4,14.1,72,23.9,0.5
2018-02-17,17.9,11.3,72,13.4,1.0
2018-02-18,23.1,11.2,85,27.4,2.5
2018-02-19,25.5,18.5,84,35.8,5.2
2018-02-20,24.1,18.2,91,29.5,62.1
2018-02-21,17.3,5.4,92,26.9,67.9
2018-02-22,10.2,3.2,87,17.4,8.6
2018-02-23,22.4,6.8,94,17.1,6.0
2018-02-24,25.4,16.3,90,32.3,5.8
2018-02-25,18.4,9.1,80,16.6,6.8
2018-02-26,20.2,9.0,79,15.0,0.0
2018-02-27,26.5,12.2,87,29.2,6.9
2018-02-28,27.0,19.3,83,27.5,0.3
2018-03-01,20.1,12.0,67,30.3,3.5
2018-03-02,21.2,9.5,75,14.0,0.0
2018-03-03,19.0,10.9,87,14.8,2.6
2018-03-04,26.9,17.0,86,26.2,4.1
2018-03-05,25.8,15.2,69,24.5,3.7
2018-03-06,19.6,9.6,39,14.5,0.0
2018-03-07,16.6,7.4,41,20.1,0.0
2018-03-08,18.6,7.8,55,19.8,0.0
2018-03-09,20.6,12.2,77,25.6,1.6
2018-03-10,28.4,17.6,77,21.3,0.3
2018-03-11,20.8,12.9,59,38.6,0.0
2018-03-12,17.2,7.7,48,22.7,0.0
2018-03-13,19.0,6.4,53,14.1,0.0
2018-03-14,20.1,5.8,47,13.8,0.0
2018-03-15,22.2,10.3,71,29.7,0.1
2018-03-16,30.1,17.8,67,18.9,0.8
2018-03-17,28.3,18.4,84,22.6,7.1
2018-03-18,28.8,19.4,82,17.0,0.5
2018-03-19,27.1,15.6,40,26.4,0.3
2018-03-20,22.8,9.9,39,22.9,0.0
2018-03-21,24.1,9.3,41,18.4,0.0
2018-03-22,26.4,11.8,60,31.0,0.0
2018-03-23,27.3,16.3,71,32.9,0.0
2018-03-24,30.0,18.5,71,24.7,0.1
2018-03-25,27.0,20.2,81,22.7,0.5
2018-03-26,30.1,19.8,71,34.6,0.1
2018-03-27,26.8,16.3,81,28.1,9.9
2018-03-28,21.5,16.2,94,24.9,46.9
2018-03-29,27.4,12.8,72,19.2,0.0
2018-03-30,21.8,13.0,65,20.3,0.0
2018-03-31,26.9,14.6,72,26.6,0.1
2018-04-01,28.2,16.5,75,22.3,0.2
2018-04-02,27.0,18.6,80,26.7,3.4
2018-04-03,27.2,17.6,76,27.9,23.8
2018-04-04,19.4,9.9,41,27.7,0.0
2018-04-05,24.7,11.6,68,21.6,0.1
2018-04-06,30.6,20.1,79,30.1,5.0
2018-04-07,18.2,5.7,68,33.2,10.0
2018-04-08,19.3,5.7,69,16.1,0.0
2018-04-09,19.6,11.7,81,18.9,0.1
2018-04-10,22.5,11.3,58,19.9,0.0
2018-04-11,26.5,9.3,55,25.6,0.0
2018-04-12,31.0,16.0,71,30.8,0.0
2018-04-13,30.3,20.6,79,30.9,11.3
2018-04-14,21.2,11.4,29,31.9,0.0
2018-04-15,22.7,7.9,40,19.2,0.0
2018-04-16,27.5,9.0,56,26.4,0.0
2018-04-17,30.0,15.8,62,30.3,0.0
2018-04-18,28.3,17.6,55,29.7,0.7
2018-04-19,24.4,14.5,32,21.5,0.0
2018-04-20,23.9,13.3,50,21.8,0.0
2018-04-21,23.2,15.0,89,25.6,8.3
2018-04-22,24.1,11.6,60,25.7,0.0
2018-04-23,27.9,11.7,55,14.8,0.0
2018-04-24,29.3,13.5,63,12.9,0.0
2018-04-25,28.9,15.2,63,27.8,0.1
2018-04-26,25.2,11.2,54,15.1,0.0
2018-04-27,28.2,14.4,51,11.6,0.0
2018-04-28,28.5,14.9,52,12.2,0.0
2018-04-29,28.1,14.9,58,21.7,0.0
2018-04-30,26.2,17.9,79,25.6,2.1
2018-05-01,26.6,19.8,85,30.3,4.8
2018-05-02,31.3,22.4,77,33.4,1.4
2018-05-03,30.6,22.7,83,31.0,12.4
2018-05-04,23.2,18.8,90,36.4,69.4
2018-05-05,27.0,17.2,70,18.9,3.0
2018-05-06,28.7,14.5,66,10.2,0.0
2018-05-07,31.0,15.4,61,15.5,0.0
2018-05-08,31.6,18.5,49,21.2,0.0
2018-05-09,31.3,18.4,56,23.3,0.0
2018-05-10,32.0,18.7,62,23.7,0.1
2018-05-11,33.2,20.4,63,28.8,0.0
2018-05-12,32.8,22.6,65,26.7,1.2
2018-05-13,33.5,21.7,67,20.4,0.8
2018-05-14,32.7,23.0,65,20.2,0.6
2018-05-15,33.2,22.6,63,16.6,0.1
2018-05-16,34.6,20.3,57,15.0,0.0
2018-05-17,36.2,22.5,49,15.1,0.0
2018-05-18,37.2,21.7,56,25.2,0.0
2018-05-19,34.8,22.5,60,29.5,0.5
2018-05-20,29.7,22.3,77,18.9,7.1
2018-05-21,30.3,21.0,79,20.1,0.2
2018-05-22,30.0,21.9,78,14.5,2.8
2018-05-23,30.5,21.9,75,17.4,0.6
2018-05-24,31.2,21.3,75,13.8,1.1
2018-05-25,34.3,22.7,66,13.2,0.1
2018-05-26,37.0,23.5,60,20.6,0.0
2018-05-27,35.7,24.3,57,16.6,0.0
2018-05-28,36.6,23.3,57,14.8,0.0
2018-05-29,36.7,24.4,56,23.0,0.0
2018-05-30,37.5,24.3,57,24.6,0.0
2018-05-31,37.6,24.8,59,25.9,0.1
2018-06-01,37.7,24.8,60,23.7,0.1
2018-06-02,37.9,24.8,59,22.6,0.0
2018-06-03,31.9,25.1,69,17.1,2.9
2018-06-04,32.8,25.3,63,18.9,0.1
2018-06-05,36.6,24.8,58,22.9,0.0
2018-06-06,36.4,24.9,59,19.5,0.0
2018-06-07,37.0,24.6,56,21.2,0.0
2018-06-08,34.3,24.9,62,25.0,0.8
2018-06-09,33.5,24.8,67,24.0,0.7
2018-06-10,35.8,25.0,63,27.1,0.8
2018-06-11,35.6,25.8,58,29.8,0.1
2018-06-12,36.8,25.6,59,26.2,0.2
2018-06-13,34.7,25.2,61,22.7,1.9
2018-06-14,32.8,25.2,63,22.4,0.8
2018-06-15,35.0,25.1,66,22.7,1.0
2018-06-16,34.8,25.3,63,26.5,0.9
2018-06-17,34.5,24.8,69,22.3,5.4
2018-06-18,33.5,23.5,77,26.9,4.4
2018-06-19,26.5,23.3,91,22.1,16.9
2018-06-20,27.3,23.2,92,19.2,10.5
2018-06-21,31.3,22.2,83,14.7,1.0
2018-06-22,34.4,23.1,70,24.1,0.0
2018-06-23,34.9,24.9,67,25.9,0.0
2018-06-24,35.5,25.8,66,32.6,0.5
2018-06-25,32.9,25.2,70,27.6,3.2
2018-06-26,34.4,24.6,68,21.3,3.2
2018-06-27,36.8,24.9,61,21.2,0.0
2018-06-28,37.7,24.2,60,28.4,0.1
2018-06-29,37.2,25.3,62,27.6,0.3
2018-06-30,37.3,26.2,60,30.0,0.4
2018-07-01,39.0,24.6,57,22.4,0.0
2018-07-02,38.4,24.9,56,18.7,0.0
2018-07-03,38.3,25.0,54,20.7,0.0
2018-07-04,32.8,22.3,76,19.5,49.1
2018-07-05,32.1,21.9,74,12.1,0.6
2018-07-06,31.6,23.3,73,18.1,9.0
2018-07-07,30.1,23.3,82,14.3,9.3
2018-07-08,28.4,23.0,90,14.8,35.1
2018-07-09,28.9,23.4,89,12.8,17.1
2018-07-10,31.7,23.1,77,14.5,0.0
2018-07-11,31.9,23.5,72,11.2,0.0
2018-07-12,33.0,23.9,67,15.6,0.0
2018-07-13,33.1,24.2,69,27.9,0.0
2018-07-14,34.1,24.2,69,25.1,0.0
2018-07-15,34.5,24.8,65,20.1,0.2
2018-07-16,37.1,24.3,58,19.1,0.0
2018-07-17,37.1,22.9,58,17.8,0.0
2018-07-18,38.4,25.0,53,23.0,0.0
2018-07-19,39.1,25.2,51,19.5,0.0
2018-07-20,39.7,25.2,50,18.8,0.0
2018-07-21,39.7,24.9,51,18.1,0.0
2018-07-22,39.5,25.4,49,18.5,0.0
2018-07-23,41.3,26.0,43,14.8,0.0
2018-07-24,36.9,28.7,50,24.3,0.3
2018-07-25,36.7,26.0,54,13.8,0.1
2018-07-26,38.3,25.2,39,15.3,0.0
2018-07-27,38.5,25.5,37,18.6,0.0
2018-07-28,37.5,24.8,49,16.5,0.0
2018-07-29,38.2,26.2,49,19.7,0.0
2018-07-30,36.3,26.0,52,18.8,0.3
2018-07-31,34.4,24.8,58,23.5,6.9
2018-08-01,34.7,23.7,45,17.5,0.0
2018-08-02,35.9,23.0,39,18.2,0.0
2018-08-03,37.3,25.0,45,22.5,0.0
2018-08-04,34.4,24.0,59,27.4,1.3
2018-08-05,36.5,24.0,61,20.4,0.8
2018-08-06,35.8,25.3,62,21.9,0.2
2018-08-07,35.3,25.9,63,19.3,0.4
2018-08-08,36.3,25.7,59,22.6,0.1
2018-08-09,37.0,25.8,58,21.6,0.5
2018-08-10,34.0,26.1,65,17.2,0.8
2018-08-11,29.0,24.5,78,15.5,3.6
2018-08-12,30.0,22.7,87,18.4,18.0
2018-08-13,32.3,25.0,72,25.6,2.9
2018-08-14,32.2,23.4,71,22.3,0.9
2018-08-15,34.4,25.0,66,19.1,0.0
2018-08-16,35.4,24.9,64,22.1,0.0
2018-08-17,37.2,25.2,56,21.7,0.0
2018-08-18,37.3,25.8,53,21.3,0.0
2018-08-19,37.3,26.0,55,23.3,0.0
2018-08-20,36.7,25.4,61,18.2,1.3
2018-08-21,37.4,26.8,50,18.9,0.0
2018-08-22,37.6,27.1,46,17.6,0.2
2018-08-23,38.3,27.1,45,18.6,0.0
2018-08-24,39.1,26.2,50,22.7,0.0
2018-08-25,36.1,26.4,56,23.5,0.5
2018-08-26,37.1,26.6,54,26.5,0.1
2018-08-27,36.8,26.4,56,24.7,0.2
2018-08-28,36.6,26.4,61,29.6,0.4
2018-08-29,35.3,26.6,64,23.8,2.1
2018-08-30,35.6,25.3,64,21.8,0.0
2018-08-31,36.2,24.6,58,19.1,0.1
2018-09-01,35.7,25.4,59,22.2,0.6
2018-09-02,34.9,26.4,67,19.1,4.0
2018-09-03,31.0,23.8,85,12.4,46.4
2018-09-04,30.0,24.0,85,17.7,17.8
2018-09-05,30.7,23.7,88,17.7,14.8
2018-09-06,31.1,23.9,86,11.2,20.4
2018-09-07,30.4,23.1,86,10.7,16.2
2018-09-08,29.8,23.3,86,14.6,9.5
2018-09-09,24.4,22.5,93,13.6,75.9
2018-09-10,24.1,21.3,90,13.6,6.4
2018-09-11,27.7,20.6,87,12.8,10.6
2018-09-12,29.3,21.7,89,15.1,14.9
2018-09-13,28.2,22.8,90,16.3,12.2
2018-09-14,26.7,22.7,92,20.2,23.4
2018-09-15,27.6,23.2,92,26.5,16.7
2018-09-16,28.0,22.6,90,13.5,11.3
2018-09-17,31.0,21.7,81,9.3,0.4
2018-09-18,30.9,24.1,78,11.9,0.0
2018-09-19,31.1,22.7,79,13.8,0.0
2018-09-20,28.2,22.6,90,17.2,20.2
2018-09-21,29.0,23.7,92,18.7,23.2
2018-09-22,26.6,20.6,81,20.1,26.0
2018-09-23,24.7,20.0,80,12.9,1.1
2018-09-24,27.3,21.5,85,10.8,3.5
2018-09-25,29.7,21.9,85,16.7,1.5
2018-09-26,29.5,19.6,85,21.0,9.3
2018-09-27,25.3,17.3,69,19.4,0.0
2018-09-28,27.2,18.0,86,11.6,1.7
2018-09-29,25.8,21.3,92,13.3,9.2
2018-09-30,26.6,21.7,91,15.8,3.8
2018-10-01,27.7,21.6,92,13.2,14.0
2018-10-02,28.0,22.5,92,14.1,5.5
2018-10-03,29.7,23.7,82,15.6,0.2
2018-10-04,29.8,22.2,80,13.8,0.5
2018-10-05,30.0,23.0,83,17.5,1.6
2018-10-06,28.1,23.8,88,17.2,4.4
2018-10-07,28.3,23.2,88,25.5,11.0
2018-10-08,26.4,22.2,91,19.8,8.7
2018-10-09,26.6,21.3,91,22.5,7.1
2018-10-10,24.6,18.8,79,19.5,0.1
2018-10-11,23.8,16.2,69,18.4,0.0
2018-10-12,27.8,15.8,79,16.9,0.8
2018-10-13,27.5,21.1,90,29.4,7.9
2018-10-14,30.0,19.4,89,19.7,11.1
2018-10-15,21.7,7.2,90,34.6,50.6
2018-10-16,12.0,8.7,88,25.1,16.2
2018-10-17,16.0,11.2,88,21.3,5.2
2018-10-18,16.5,11.6,82,18.6,3.4
2018-10-19,19.8,15.8,95,14.0,24.8
2018-10-20,20.0,15.9,83,23.4,1.1
2018-10-21,21.2,13.4,59,18.5,0.0
2018-10-22,16.8,11.4,76,9.9,2.7
2018-10-23,18.2,12.1,76,15.9,9.5
2018-10-24,17.6,13.6,91,14.2,10.5
2018-10-25,21.1,12.9,82,18.7,0.2
2018-10-26,24.8,10.9,81,14.8,0.0
2018-10-27,27.3,14.0,75,16.1,0.0
2018-10-28,26.5,15.3,75,17.6,0.0
2018-10-29,26.4,16.7,79,24.5,0.1
2018-10-30,27.2,20.0,81,29.4,0.2
2018-10-31,24.7,13.9,90,24.9,20.5
2018-11-01,18.5,10.9,64,23.5,0.0
2018-11-02,22.1,8.6,65,13.0,0.0
2018-11-03,23.9,12.0,70,33.7,0.2
2018-11-04,20.4,13.9,71,18.5,3.4
2018-11-05,25.7,15.6,80,23.2,0.4
2018-11-06,27.3,16.2,90,16.4,0.3
2018-11-07,27.9,16.8,90,26.3,3.2
2018-11-08,18.7,13.5,88,20.4,31.9
2018-11-09,14.5,10.0,71,32.8,9.7
2018-11-10,10.5,6.9,48,19.9,0.1
2018-11-11,13.3,6.6,79,16.6,8.8
2018-11-12,10.4,3.2,78,36.0,6.4
2018-11-13,6.5,0.8,54,30.2,0.0
2018-11-14,10.6,-2.2,57,13.2,0.0
2018-11-15,15.4,0.5,66,11.3,0.0
2018-11-16,18.2,4.0,65,16.8,0.0
2018-11-17,21.2,7.6,85,19.5,0.8
2018-11-18,15.5,6.8,78,22.8,5.2
2018-11-19,11.5,5.1,75,16.2,5.0
2018-11-20,14.6,5.0,69,17.4,0.0
2018-11-21,12.6,4.2,77,9.2,1.3
2018-11-22,16.3,8.8,80,10.6,0.0
2018-11-23,23.8,11.2,75,26.4,0.0
2018-11-24,22.8,7.4,69,19.7,0.0
2018-11-25,19.3,9.1,63,30.0,0.0
2018-11-26,12.6,5.6,52,25.4,0.0
2018-11-27,15.2,1.4,59,19.0,0.0
2018-11-28,19.6,7.9,72,29.4,0.0
2018-11-29,23.9,14.0,87,27.9,0.0
2018-11-30,24.9,18.8,89,31.1,0.5
2018-12-01,23.4,13.1,51,30.4,4.9
2018-12-02,18.6,10.1,53,18.0,0.0
2018-12-03,15.5,8.1,58,20.6,0.0
2018-12-04,12.6,3.7,63,16.1,0.0
2018-12-05,12.5,3.1,60,11.5,0.0
2018-12-06,18.0,9.8,85,11.6,10.0
2018-12-07,14.3,8.3,93,26.5,37.4
2018-12-08,8.6,4.8,81,28.8,8.7
2018-12-09,11.4,3.6,71,22.0,0.0
2018-12-10,13.4,1.7,65,12.4,0.0
2018-12-11,15.6,1.5,76,23.6,0.0
2018-12-12,18.6,11.2,87,25.4,0.1
2018-12-13,19.3,7.5,72,38.1,0.2
2018-12-14,11.8,5.9,63,38.5,0.3
2018-12-15,16.6,6.1,46,20.2,0.0
2018-12-16,17.6,2.9,67,10.8,0.0
2018-12-17,17.4,7.7,65,11.0,0.0
2018-12-18,17.5,5.7,84,15.8,11.5
2018-12-19,17.3,11.4,91,9.2,4.9
2018-12-20,16.1,10.2,53,33.2,0.1
2018-12-21,16.3,4.3,46,20.9,0.0
2018-12-22,21.8,8.3,59,18.7,0.0
2018-12-23,14.9,7.4,63,23.5,0.0
2018-12-24,14.8,3.9,78,9.5,0.1
2018-12-25,20.7,12.2,92,20.7,2.0
2018-12-26,21.2,16.7,93,35.3,68.0
2018-12-27,19.5,9.3,70,20.3,50.4
2018-12-28,11.7,4.4,61,23.2,0.0
2018-12-29,8.5,4.8,64,23.2,0.7
2018-12-30,6.7,4.1,84,18.0,12.2
2018-12-31,18.8,5.7,77,17.7,6.5
2019-01-01,11.4,3.8,75,21.2,0.3
2019-01-02,5.3,3.3,89,23.3,42.7
2019-01-03,11.4,2.6,80,20.2,6.8
2019-01-04,16.6,2.1,66,18.8,0.0
2019-01-05,20.4,2.9,71,13.8,0.0
2019-01-06,20.2,7.3,84,25.5,0.0
2019-01-07,23.0,16.0,87,20.9,0.6
2019-01-08,22.0,11.6,76,18.2,0.0
2019-01-09,14.6,6.7,47,21.5,0.0
2019-01-10,13.6,5.9,59,11.6,0.3
2019-01-11,16.8,9.3,83,19.9,7.5
2019-01-12,15.1,6.4,72,29.5,0.0
2019-01-13,11.5,3.6,69,17.8,0.0
2019-01-14,9.9,3.3,70,16.3,0.0
2019-01-15,10.1,6.9,80,13.0,0.7
2019-01-16,14.2,7.1,93,10.2,1.9
2019-01-17,20.8,10.5,83,10.7,0.0
2019-01-18,19.1,9.7,93,26.7,0.7
2019-01-19,16.3,4.1,52,45.7,4.1
2019-01-20,10.9,-0.0,57,13.9,0.0
2019-01-21,17.5,1.7,74,28.9,0.0
2019-01-22,21.1,5.7,79,34.1,5.0
2019-01-23,11.4,2.4,55,32.4,6.1
2019-01-24,14.7,0.8,61,19.8,0.0
2019-01-25,11.9,3.9,71,11.3,1.1
2019-01-26,15.3,5.3,81,11.9,7.3
2019-01-27,17.0,6.1,72,14.8,2.1
2019-01-28,19.9,6.8,68,39.8,0.3
2019-01-29,8.4,1.9,45,29.8,0.0
2019-01-30,11.9,2.5,56,14.3,0.0
2019-01-31,15.4,7.9,87,12.4,1.0
2019-02-01,18.2,12.9,93,13.7,2.0
2019-02-02,18.7,12.8,94,12.8,4.8
2019-02-03,23.3,15.4,87,24.2,1.4
2019-02-04,22.7,18.0,89,15.7,0.5
2019-02-05,26.0,17.7,89,24.2,0.9
2019-02-06,25.4,19.4,90,26.3,1.1
2019-02-07,21.2,4.4,65,30.3,7.9
2019-02-08,3.9,0.5,55,28.5,1.5
2019-02-09,5.8,1.2,76,18.5,4.4
2019-02-10,11.6,3.2,89,10.1,2.9
2019-02-11,16.7,9.2,94,15.5,5.0
2019-02-12,15.7,5.4,57,23.4,0.0
2019-02-13,16.4,3.3,62,22.7,0.0
2019-02-14,22.2,10.3,78,30.6,0.0
2019-02-15,27.4,12.5,76,21.5,0.0
2019-02-16,16.6,5.2,74,22.7,0.0
2019-02-17,15.5,8.3,70,26.7,0.5
2019-02-18,14.2,5.5,53,21.7,0.0
2019-02-19,8.1,5.0,79,19.4,9.2
2019-02-20,16.0,2.3,71,18.1,0.1
2019-02-21,13.4,5.7,81,16.6,0.3
2019-02-22,19.7,8.9,87,13.5,2.5
2019-02-23,21.1,11.0,57,32.4,1.5
2019-02-24,15.2,6.4,48,23.6,0.0
2019-02-25,18.4,6.2,65,21.4,0.7
2019-02-26,18.5,12.6,92,14.4,2.0
2019-02-27,24.8,15.0,88,23.6,0.4
2019-02-28,12.9,4.6,79,19.0,3.3
2019-03-01,17.0,5.5,86,13.8,1.6
2019-03-02,14.1,8.7,92,16.3,5.4
2019-03-03,11.0,1.9,77,30.7,2.6
2019-03-04,4.3,-2.2,56,28.2,0.3
2019-03-05,7.0,-3.2,47,25.2,0.0
2019-03-06,12.6,-1.2,61,22.0,0.0
2019-03-07,23.2,10.2,78,27.6,0.0
2019-03-08,26.8,17.1,86,26.9,0.3
2019-03-09,27.3,14.3,69,29.4,3.2
2019-03-10,23.5,14.0,87,17.7,4.4
2019-03-11,19.4,12.9,89,17.0,3.2
2019-03-12,24.5,15.4,87,32.1,6.7
2019-03-13,26.1,12.3,72,35.8,17.9
2019-03-14,21.1,12.7,46,25.0,0.0
2019-03-15,13.8,8.6,45,26.3,0.0
2019-03-16,15.0,7.7,47,16.0,0.0
2019-03-17,17.4,7.5,53,11.6,0.0
2019-03-18,19.0,6.5,55,16.3,0.0
2019-03-19,20.5,8.7,54,20.3,0.0
2019-03-20,21.5,11.1,66,16.8,0.4
2019-03-21,22.8,9.6,57,14.1,0.0
2019-03-22,24.5,11.1,64,21.7,0.0
2019-03-23,23.0,14.2,75,27.9,1.6
2019-03-24,26.1,17.6,79,21.8,0.1
2019-03-25,25.9,17.1,73,20.2,1.1
2019-03-26,23.2,12.6,64,16.0,0.0
2019-03-27,23.8,10.7,70,20.7,0.0
2019-03-28,24.7,13.4,71,27.2,0.0
2019-03-29,26.7,15.8,72,28.1,0.9
2019-03-30,22.0,9.4,67,31.1,2.3
2019-03-31,13.7,7.1,46,28.8,0.0
2019-04-01,14.9,5.4,57,12.3,0.0
2019-04-02,21.3,5.2,55,17.8,0.0
2019-04-03,22.0,11.6,78,30.2,3.1
2019-04-04,31.7,18.1,70,22.8,1.5
2019-04-05,27.8,17.3,77,15.8,0.0
2019-04-06,24.5,16.5,92,20.5,24.0
2019-04-07,20.4,14.8,90,26.3,42.9
2019-04-08,28.8,14.9,66,19.0,0.1
2019-04-09,29.7,12.7,65,15.5,0.0
2019-04-10,31.3,17.7,54,32.4,0.0
2019-04-11,27.5,13.3,45,29.9,0.0
2019-04-12,24.8,9.7,64,22.3,0.6
2019-04-13,22.8,8.6,75,44.2,6.1
2019-04-14,21.9,8.4,53,34.0,0.0
2019-04-15,25.3,11.7,61,23.9,0.0
2019-04-16,26.7,16.2,75,31.4,0.1
2019-04-17,28.6,20.4,85,30.6,4.5
2019-04-18,24.6,15.1,64,35.9,41.7
2019-04-19,22.7,12.2,46,28.5,0.0
2019-04-20,25.3,9.7,58,19.9,0.0
2019-04-21,27.6,14.6,72,29.0,0.0
2019-04-22,26.1,17.6,74,24.8,0.1
2019-04-23,26.6,18.5,82,25.3,2.8
2019-04-24,22.5,14.8,88,17.7,40.5
2019-04-25,28.8,14.1,70,18.3,0.0
2019-04-26,25.4,15.8,67,20.2,0.0
2019-04-27,28.0,16.5,68,26.3,0.0
2019-04-28,28.1,17.9,75,23.1,0.2
2019-04-29,29.0,19.4,77,25.8,0.3
2019-04-30,28.3,22.1,81,36.8,3.4
2019-05-01,29.1,22.2,84,34.6,4.8
2019-05-02,26.7,18.2,86,27.9,12.1
2019-05-03,23.3,18.5,91,21.6,90.2
2019-05-04,26.2,17.0,80,24.1,2.0
2019-05-05,27.8,15.3,78,14.0,0.3
2019-05-06,24.4,18.5,87,20.0,0.7
2019-05-07,26.4,19.3,88,29.0,16.4
2019-05-08,24.8,21.2,92,24.3,39.3
2019-05-09,27.8,17.2,85,28.4,0.8
2019-05-10,19.8,12.6,81,28.6,5.7
2019-05-11,24.1,14.3,85,17.7,15.7
2019-05-12,24.1,13.0,74,20.2,0.0
2019-05-13,26.1,12.7,75,14.4,0.0
2019-05-14,26.0,17.2,80,12.5,6.8
2019-05-15,27.6,17.5,82,12.7,0.2
2019-05-16,28.6,16.6,77,16.8,0.1
2019-05-17,29.9,21.3,83,26.5,2.0
2019-05-18,28.0,21.2,90,34.9,18.7
2019-05-19,31.8,23.4,84,14.9,0.1
2019-05-20,31.3,23.4,81,37.0,2.1
2019-05-21,29.8,21.6,68,35.7,9.0
2019-05-22,31.7,21.9,77,33.1,0.6
2019-05-23,31.7,24.9,78,29.8,2.0
2019-05-24,30.8,23.5,76,29.6,0.9
2019-05-25,31.1,22.9,76,24.8,2.9
2019-05-26,31.6,22.6,70,25.2,0.4
2019-05-27,31.8,21.8,73,25.8,1.0
2019-05-28,32.6,23.1,74,32.8,1.4
2019-05-29,31.7,24.3,82,32.1,5.0
2019-05-30,30.0,22.5,82,19.0,8.9
2019-05-31,30.8,22.4,80,15.0,9.3
2019-06-01,31.3,22.1,79,9.8,0.9
2019-06-02,32.8,22.8,73,16.2,0.1
2019-06-03,31.8,23.5,74,15.7,0.7
2019-06-04,31.7,22.2,81,15.1,12.5
2019-06-05,28.6,23.0,85,17.1,5.9
2019-06-06,31.1,20.2,81,15.2,3.5
2019-06-07,32.5,21.7,71,19.2,0.5
2019-06-08,33.4,20.3,68,9.0,0.0
2019-06-09,36.2,22.8,66,23.8,1.4
2019-06-10,28.6,23.5,69,26.8,0.1
2019-06-11,26.3,20.5,71,12.9,2.7
2019-06-12,30.2,18.2,76,9.8,0.0
2019-06-13,30.5,21.8,56,13.0,0.0
2019-06-14,33.7,21.4,60,25.1,0.0
2019-06-15,35.4,24.1,66,29.9,0.0
2019-06-16,32.4,23.0,81,32.4,33.7
2019-06-17,30.9,22.5,80,17.1,0.7
2019-06-18,33.6,21.7,74,20.1,0.2
2019-06-19,36.4,24.9,70,22.9,0.0
2019-06-20,36.7,25.6,73,25.2,0.1
2019-06-21,36.4,25.8,70,31.2,0.1
2019-06-22,33.3,26.1,79,30.0,7.9
2019-06-23,32.4,23.9,79,31.1,5.0
2019-06-24,28.3,20.8,86,21.3,49.3
2019-06-25,31.4,20.2,76,18.4,0.0
2019-06-26,30.1,20.9,80,18.4,8.0
2019-06-27,32.0,22.8,80,18.6,0.8
2019-06-28,32.1,22.7,79,24.4,1.6
2019-06-29,34.1,22.3,70,20.8,2.8
2019-06-30,29.8,22.7,79,16.8,16.1
2019-07-01,31.2,22.9,78,18.2,1.0
2019-07-02,30.6,23.2,82,20.0,3.4
2019-07-03,28.4,23.1,87,20.8,14.5
2019-07-04,32.5,24.1,79,24.5,6.5
2019-07-05,33.3,25.0,74,25.2,0.2
2019-07-06,33.1,24.7,74,16.0,0.3
2019-07-07,34.3,24.6,70,16.1,0.0
2019-07-08,34.4,25.0,75,15.6,0.6
2019-07-09,34.7,25.1,73,22.5,1.0
2019-07-10,34.8,24.9,69,18.4,0.1
2019-07-11,35.4,24.0,65,26.0,0.2
2019-07-12,36.2,25.6,56,20.9,0.0
2019-07-13,34.8,24.7,58,21.0,1.2
2019-07-14,34.8,26.0,65,17.8,0.9
2019-07-15,34.0,24.9,68,21.3,2.5
2019-07-16,36.0,25.8,63,23.2,0.0
2019-07-17,35.5,25.5,66,22.9,0.6
2019-07-18,36.8,24.8,63,25.3,0.1
2019-07-19,36.6,24.9,62,24.2,0.0
2019-07-20,36.8,25.1,59,22.9,0.0
2019-07-21,36.3,24.0,58,20.8,0.0
2019-07-22,35.1,25.9,60,15.1,0.0
2019-07-23,34.3,24.6,57,28.8,7.5
2019-07-24,32.1,23.6,45,21.1,0.0
2019-07-25,32.3,19.1,44,13.6,0.0
2019-07-26,33.1,20.9,50,10.3,0.0
2019-07-27,34.5,23.5,53,17.2,0.5
2019-07-28,34.1,25.0,66,25.7,1.7
2019-07-29,35.7,25.5,61,22.9,0.0
2019-07-30,36.8,25.8,56,16.1,0.0
2019-07-31,36.6,25.7,55,19.2,0.0
2019-08-01,36.2,26.2,55,13.6,0.0
2019-08-02,36.3,26.4,54,12.4,0.0
2019-08-03,34.3,27.5,54,15.1,0.0
2019-08-04,33.5,26.4,70,15.7,2.8
2019-08-05,35.0,25.8,66,17.6,0.3
2019-08-06,37.2,26.3,58,20.7,0.0
2019-08-07,37.9,26.0,57,21.6,0.0
2019-08-08,38.3,26.6,58,22.3,0.0
2019-08-09,39.4,26.9,57,23.5,0.0
2019-08-10,38.6,26.5,57,24.7,0.0
2019-08-11,38.6,26.7,56,22.1,0.1
2019-08-12,38.8,26.9,56,24.6,0.0
2019-08-13,38.5,26.6,55,18.8,0.0
2019-08-14,37.2,27.4,58,14.0,0.2
2019-08-15,36.2,26.8,62,17.3,0.6
2019-08-16,37.2,27.7,51,22.3,0.0
2019-08-17,38.8,27.2,53,24.9,0.0
2019-08-18,39.1,27.0,56,24.3,0.1
2019-08-19,37.9,26.9,59,20.8,0.1
2019-08-20,36.5,27.2,56,18.4,0.1
2019-08-21,36.4,26.9,55,22.1,0.0
2019-08-22,36.3,26.3,61,23.7,0.3
2019-08-23,36.2,26.6,68,25.5,0.0
2019-08-24,35.3,26.0,71,21.0,4.5
2019-08-25,36.6,25.7,69,22.2,0.6
2019-08-26,39.1,26.6,62,25.7,0.0
2019-08-27,36.4,25.6,67,22.9,0.4
2019-08-28,35.8,24.7,68,17.4,0.0
2019-08-29,34.3,26.3,72,15.8,0.8
2019-08-30,35.3,25.3,67,18.4,0.0
2019-08-31,34.4,24.9,67,13.4,0.0
2019-09-01,33.9,23.9,70,16.0,0.1
2019-09-02,36.0,24.6,51,16.6,0.0
2019-09-03,35.7,23.5,51,15.5,0.0
2019-09-04,37.0,25.5,53,20.3,0.6
2019-09-05,37.0,24.3,54,14.9,0.0
2019-09-06,36.9,25.9,52,16.3,0.0
2019-09-07,37.1,25.6,53,20.3,0.0
2019-09-08,36.7,25.7,59,25.5,0.0
2019-09-09,35.2,25.2,65,28.7,0.7
2019-09-10,33.8,23.8,65,23.6,3.5
2019-09-11,33.8,23.9,73,20.2,3.4
2019-09-12,35.9,24.3,68,21.0,0.1
2019-09-13,35.3,24.0,58,20.4,0.0
2019-09-14,35.6,24.4,46,17.7,0.1
2019-09-15,35.5,23.7,50,17.7,0.0
2019-09-16,35.5,25.2,55,18.2,0.0
2019-09-17,34.0,24.3,72,26.9,0.7
2019-09-18,36.2,25.0,64,19.6,0.1
2019-09-19,34.2,25.4,75,26.2,4.8
2019-09-20,34.0,25.7,71,29.0,2.0
2019-09-21,33.1,24.8,73,21.3,1.1
2019-09-22,33.9,24.8,66,18.1,0.4
2019-09-23,36.2,24.7,64,21.2,0.1
2019-09-24,34.6,24.7,68,22.4,0.9
2019-09-25,35.3,24.6,62,21.0,0.0
2019-09-26,36.0,24.8,57,16.9,0.0
2019-09-27,34.9,24.9,62,24.1,0.2
2019-09-28,34.4,24.9,74,23.5,3.0
2019-09-29,35.4,25.6,68,26.4,1.9
2019-09-30,34.5,25.7,72,23.1,2.0
2019-10-01,35.2,24.3,67,24.8,1.0
2019-10-02,35.5,23.9,63,18.8,0.5
2019-10-03,35.1,23.3,61,18.7,0.3
2019-10-04,33.5,23.8,56,13.3,0.4
2019-10-05,33.8,22.8,57,10.9,0.1
2019-10-06,34.9,23.5,53,12.9,0.0
2019-10-07,29.8,20.3,58,23.8,0.0
2019-10-08,29.6,17.6,49,14.1,0.0
2019-10-09,32.4,21.0,64,25.3,1.2
2019-10-10,35.2,25.1,66,32.6,0.3
2019-10-11,26.2,10.0,63,36.1,12.8
2019-10-12,18.1,11.6,36,21.6,0.0
2019-10-13,24.4,14.7,55,11.9,0.8
2019-10-14,30.3,21.0,78,13.4,1.3
2019-10-15,30.9,24.0,80,16.6,1.4
2019-10-16,23.9,14.7,56,27.8,15.4
2019-10-17,21.3,13.0,55,10.8,0.0
2019-10-18,25.2,11.4,63,12.6,0.0
2019-10-19,32.5,18.1,60,17.7,0.0
2019-10-20,31.4,18.8,73,26.9,6.0
2019-10-21,25.1,16.4,53,29.2,19.1
2019-10-22,24.4,11.1,47,14.5,0.0
2019-10-23,28.9,13.8,56,27.4,0.0
2019-10-24,28.0,11.0,78,29.0,39.6
2019-10-25,16.4,6.5,67,34.9,5.9
2019-10-26,20.7,8.1,61,20.9,0.0
2019-10-27,24.4,8.4,52,19.1,0.0
2019-10-28,24.9,12.7,85,16.9,1.2
2019-10-29,20.2,10.5,88,21.6,9.1
2019-10-30,11.4,5.2,84,34.3,18.5
2019-10-31,11.7,1.3,53,32.3,0.0
2019-11-01,14.7,2.5,57,12.2,0.0
2019-11-02,18.3,4.9,59,14.5,0.0
2019-11-03,19.9,7.5,59,18.1,0.0
2019-11-04,26.5,11.8,77,21.5,0.0
2019-11-05,25.3,17.0,89,10.4,0.1
2019-11-06,27.3,20.2,78,20.3,0.1
2019-11-07,19.6,7.0,85,28.4,20.9
2019-11-08,13.4,6.5,78,24.6,2.8
2019-11-09,18.5,5.1,75,9.1,0.0
2019-11-10,25.4,9.0,69,22.4,0.0
2019-11-11,23.6,0.3,78,38.6,5.6
2019-11-12,6.4,-0.6,48,32.1,1.1
2019-11-13,5.4,-1.2,61,13.6,1.9
2019-11-14,7.4,3.0,85,18.1,7.2
2019-11-15,15.1,2.3,69,12.8,0.0
2019-11-16,16.1,0.8,67,10.9,0.0
2019-11-17,20.9,5.2,78,14.8,0.0
2019-11-18,20.7,6.6,68,11.8,0.0
2019-11-19,24.7,7.8,74,18.2,0.0
2019-11-20,26.7,16.3,80,34.9,0.6
2019-11-21,26.5,20.2,78,29.2,0.9
2019-11-22,20.8,8.7,76,24.4,3.1
2019-11-23,20.1,5.3,68,13.0,0.0
2019-11-24,21.2,5.0,66,15.7,0.0
2019-11-25,28.5,12.6,60,20.3,0.0
2019-11-26,24.4,18.2,84,23.8,0.2
2019-11-27,19.9,10.4,28,25.7,0.0
2019-11-28,14.3,8.6,65,16.7,1.7
2019-11-29,23.5,13.1,93,29.4,5.9
2019-11-30,28.1,17.3,78,26.7,1.7
2019-12-01,16.9,9.2,33,23.8,0.0
2019-12-02,16.8,6.1,48,16.2,0.0
2019-12-03,21.9,4.6,53,21.9,0.0
2019-12-04,21.1,8.6,49,16.0,0.0
2019-12-05,23.0,10.0,76,25.0,0.0
2019-12-06,20.8,12.6,60,26.5,0.0
2019-12-07,19.2,7.3,64,12.3,0.0
2019-12-08,23.6,10.4,75,25.6,0.0
2019-12-09,26.5,14.6,72,31.1,0.0
2019-12-10,13.3,5.3,75,28.2,7.9
2019-12-11,13.2,4.4,68,13.7,0.0
2019-12-12,16.6,3.1,74,17.6,0.0
2019-12-13,23.7,6.0,60,22.2,0.0
2019-12-14,22.9,6.5,64,14.4,0.0
2019-12-15,26.4,11.0,73,20.5,0.0
2019-12-16,18.2,4.9,71,28.7,2.4
2019-12-17,11.5,1.2,50,28.1,0.0
2019-12-18,14.0,-0.4,47,10.6,0.0
2019-12-19,13.4,-0.0,47,14.0,0.0
2019-12-20,12.0,6.1,85,12.5,6.1
2019-12-21,15.8,5.8,78,11.5,0.0
2019-12-22,15.4,3.0,77,9.5,0.0
2019-12-23,19.5,1.5,68,10.0,0.0
2019-12-24,20.2,3.0,61,13.9,0.0
2019-12-25,21.1,7.8,82,16.0,0.0
2019-12-26,21.4,13.1,89,12.4,0.5
2019-12-27,22.9,12.5,81,17.1,0.0
2019-12-28,21.8,13.0,87,26.5,6.0
2019-12-29,17.8,8.4,55,25.6,0.0
2019-12-30,15.0,3.4,48,17.3,0.0
2019-12-31,14.5,1.2,48,8.9,0.0
2020-01-01,13.0,8.8,57,16.2,0.2
2020-01-02,15.8,10.0,89,14.5,2.8
2020-01-03,18.2,8.1,60,28.6,0.0
2020-01-04,20.6,5.8,47,16.7,0.0
2020-01-05,22.5,8.5,44,21.4,0.0
2020-01-06,22.2,7.4,62,25.9,0.0
2020-01-07,18.5,6.2,32,21.7,0.0
2020-01-08,19.7,1.0,56,24.8,0.0
2020-01-09,25.2,16.6,80,30.1,0.9
2020-01-10,23.8,17.3,86,43.7,42.9
2020-01-11,16.1,5.7,63,27.4,0.6
2020-01-12,16.5,1.2,77,15.8,0.0
2020-01-13,17.0,8.0,95,8.4,1.3
2020-01-14,22.9,14.2,92,15.0,0.4
2020-01-15,25.2,19.8,87,24.4,1.8
2020-01-16,19.5,14.8,89,22.0,11.6
2020-01-17,22.9,15.2,88,23.2,8.1
2020-01-18,19.3,9.9,71,25.9,1.1
2020-01-19,13.0,5.0,38,22.2,0.0
2020-01-20,14.2,4.4,47,10.3,0.0
2020-01-21,15.9,6.6,53,24.3,0.9
2020-01-22,14.1,8.8,93,20.0,21.6
2020-01-23,18.0,8.5,80,24.9,0.0
2020-01-24,17.5,5.6,66,10.7,0.0
2020-01-25,19.2,5.6,72,27.8,1.2
2020-01-26,23.8,11.4,74,15.9,0.0
2020-01-27,21.1,7.1,82,16.8,0.0
2020-01-28,21.9,10.1,72,32.8,6.5
2020-01-29,15.3,6.5,63,24.5,0.0
2020-01-30,10.8,6.3,75,15.2,0.0
2020-01-31,15.1,6.0,70,14.0,0.0
2020-02-01,21.6,4.2,52,17.2,0.0
2020-02-02,23.6,5.1,45,22.4,0.0
2020-02-03,21.9,13.3,79,31.7,2.1
2020-02-04,25.3,9.3,77,25.6,0.3
2020-02-05,11.0,1.8,63,28.7,2.5
2020-02-06,12.0,0.3,52,22.0,0.7
2020-02-07,22.3,3.3,44,20.1,0.0
2020-02-08,18.0,6.4,68,21.2,0.0
2020-02-09,22.6,15.4,93,24.1,7.8
2020-02-10,20.3,8.8,90,24.9,38.8
2020-02-11,9.8,5.9,83,24.5,4.9
2020-02-12,15.7,6.4,83,21.1,29.9
2020-02-13,13.1,4.2,70,23.6,0.0
2020-02-14,13.4,0.6,72,14.2,0.0
2020-02-15,18.9,3.3,80,20.5,0.0
2020-02-16,23.8,9.3,83,16.9,0.0
2020-02-17,25.6,15.2,87,23.0,0.7
2020-02-18,23.1,10.6,92,26.7,22.4
2020-02-19,10.9,8.7,88,20.7,5.8
2020-02-20,11.4,7.1,76,33.6,9.1
2020-02-21,11.0,1.9,65,19.9,0.0
2020-02-22,16.3,3.3,65,21.5,0.0
2020-02-23,20.7,11.4,80,25.9,0.4
2020-02-24,21.3,11.5,68,18.9,0.3
2020-02-25,18.2,7.5,58,27.9,0.0
2020-02-26,11.9,4.1,42,32.5,0.0
2020-02-27,15.2,-0.8,50,13.5,0.0
2020-02-28,20.7,3.3,42,13.1,0.0
2020-02-29,22.1,8.5,48,28.4,0.0
2020-03-01,24.5,15.0,73,29.7,0.3
2020-03-02,24.9,16.5,83,23.2,0.0
2020-03-03,25.3,17.8,84,20.9,1.2
2020-03-04,20.1,12.6,84,37.2,22.0
2020-03-05,22.2,9.8,59,23.1,0.0
2020-03-06,19.7,10.1,45,21.2,0.0
2020-03-07,16.8,8.9,60,17.4,0.6
2020-03-08,22.4,10.9,73,28.7,0.2
2020-03-09,20.4,16.2,92,22.5,9.7
2020-03-10,25.3,16.4,84,17.6,0.1
2020-03-11,26.2,17.3,79,19.4,0.0
2020-03-12,29.8,18.9,74,23.8,0.3
2020-03-13,28.4,19.5,76,22.5,0.8
2020-03-14,28.1,20.9,78,29.4,2.9
2020-03-15,25.3,16.8,85,19.7,5.7
2020-03-16,24.4,16.0,86,21.2,0.6
2020-03-17,26.3,19.7,84,24.7,4.1
2020-03-18,27.7,20.1,79,27.6,2.8
2020-03-19,28.3,20.3,83,29.9,5.2
2020-03-20,21.3,11.4,82,27.3,26.0
2020-03-21,14.6,8.8,80,21.1,17.0
2020-03-22,22.0,13.4,91,13.1,3.1
2020-03-23,27.4,17.7,83,20.6,0.7
2020-03-24,30.0,17.1,71,16.9,0.0
2020-03-25,30.6,15.0,69,18.4,0.0
2020-03-26,29.8,17.9,81,20.5,0.0
2020-03-27,30.1,19.8,77,26.4,0.2
2020-03-28,26.6,14.7,59,25.8,2.9
2020-03-29,24.2,11.3,51,17.7,1.5
2020-03-30,23.5,17.3,80,21.3,14.3
2020-03-31,22.3,13.7,71,27.0,0.0
2020-04-01,23.9,10.1,68,21.7,0.0
2020-04-02,22.2,15.0,87,18.5,23.9
2020-04-03,24.2,8.4,91,24.1,38.4
2020-04-04,12.0,7.1,89,20.9,10.6
2020-04-05,23.1,10.4,80,15.1,0.0
2020-04-06,25.4,15.4,85,12.4,0.0
2020-04-07,29.7,18.9,82,16.7,0.0
2020-04-08,31.9,21.7,81,16.1,0.0
2020-04-09,29.9,18.0,81,19.4,3.9
2020-04-10,23.5,17.5,73,19.9,0.0
2020-04-11,25.3,15.3,84,25.3,1.1
2020-04-12,28.6,16.9,61,33.8,8.6
2020-04-13,17.1,7.0,54,28.3,0.0
2020-04-14,17.5,7.9,60,23.6,0.0
2020-04-15,18.4,6.5,60,18.7,0.0
2020-04-16,24.8,9.2,60,23.7,0.0
2020-04-17,24.5,13.3,79,23.1,4.2
2020-04-18,21.8,12.2,79,17.5,2.2
2020-04-19,31.5,16.6,70,23.0,12.2
2020-04-20,28.2,14.8,73,17.1,0.0
2020-04-21,28.9,18.1,71,20.9,0.0
2020-04-22,29.9,20.1,88,24.3,7.8
2020-04-23,29.0,16.7,55,16.6,0.0
2020-04-24,33.4,16.6,52,29.0,0.0
2020-04-25,25.4,17.0,45,25.9,1.0
2020-04-26,28.9,13.7,47,18.0,0.0
2020-04-27,31.6,16.8,60,30.3,0.0
2020-04-28,32.3,22.6,74,26.9,5.3
2020-04-29,28.5,16.7,56,23.8,19.7
2020-04-30,28.1,12.3,47,12.2,0.0
2020-05-01,31.3,15.9,50,24.8,0.0
2020-05-02,33.7,18.7,70,28.0,0.0
2020-05-03,34.3,21.2,65,24.2,0.0
2020-05-04,35.5,21.1,64,24.7,0.0
2020-05-05,29.0,22.1,63,31.6,2.4
2020-05-06,29.8,18.2,38,19.0,0.5
2020-05-07,28.7,15.5,62,31.7,0.0
2020-05-08,29.8,18.6,60,38.7,0.4
2020-05-09,26.2,15.7,48,20.1,0.0
2020-05-10,27.7,13.6,44,13.9,0.0
2020-05-11,27.9,14.8,53,21.4,0.0
2020-05-12,23.8,19.9,90,20.1,62.2
2020-05-13,28.5,20.0,79,21.6,1.5
2020-05-14,29.2,21.0,78,21.4,1.2
2020-05-15,30.7,21.6,82,23.9,5.2
2020-05-16,29.0,18.6,75,21.4,27.5
2020-05-17,30.4,18.4,65,17.0,0.0
2020-05-18,32.3,17.7,66,14.9,0.0
2020-05-19,34.2,21.2,66,18.5,0.0
2020-05-20,33.8,22.2,73,19.0,0.0
2020-05-21,30.3,24.0,80,23.4,4.0
2020-05-22,32.8,23.4,72,25.7,1.3
2020-05-23,30.2,20.6,81,24.2,16.8
2020-05-24,28.1,20.6,86,23.1,13.3
2020-05-25,27.7,19.1,79,17.2,16.5
2020-05-26,27.4,19.1,76,14.8,0.3
2020-05-27,31.3,17.7,81,23.6,14.2
2020-05-28,29.1,19.5,79,14.1,0.7
2020-05-29,29.2,20.0,69,23.3,0.0
2020-05-30,29.3,18.8,63,15.3,0.0
2020-05-31,28.4,21.4,78,15.3,7.5
2020-06-01,27.0,21.2,89,18.4,12.1
2020-06-02,28.4,20.5,86,15.8,10.9
2020-06-03,30.6,20.9,79,16.4,0.4
2020-06-04,32.4,22.7,73,14.0,0.0
2020-06-05,32.5,23.1,69,14.2,0.0
2020-06-06,33.9,22.2,66,11.3,0.0
2020-06-07,34.4,23.9,61,14.0,0.1
2020-06-08,36.8,23.0,57,20.2,0.0
2020-06-09,37.4,25.2,67,22.4,0.0
2020-06-10,33.9,20.6,31,19.0,0.0
2020-06-11,33.5,18.8,40,16.1,0.0
2020-06-12,32.8,18.7,44,15.6,0.0
2020-06-13,33.0,20.1,45,15.6,0.0
2020-06-14,32.1,19.2,48,10.6,0.0
2020-06-15,32.9,23.1,64,20.4,0.0
2020-06-16,33.3,22.5,62,17.8,0.3
2020-06-17,34.2,21.6,54,20.2,0.1
2020-06-18,33.5,22.8,69,21.3,1.2
2020-06-19,32.7,23.8,71,25.7,1.6
2020-06-20,31.8,21.8,78,23.4,2.7
2020-06-21,34.8,23.9,76,27.5,2.9
2020-06-22,32.0,24.3,78,24.6,3.9
2020-06-23,30.3,22.7,77,18.9,46.8
2020-06-24,30.3,22.7,70,18.5,1.0
2020-06-25,31.1,22.1,81,16.3,3.7
2020-06-26,29.4,24.3,78,29.8,6.0
2020-06-27,32.2,24.0,79,24.8,4.1
2020-06-28,29.9,23.4,84,30.7,7.6
2020-06-29,33.3,25.5,74,32.1,0.3
2020-06-30,34.4,25.8,71,29.0,0.1
2020-07-01,34.7,26.0,71,27.3,1.0
2020-07-02,35.9,26.2,64,23.6,0.0
2020-07-03,36.2,25.2,61,17.6,0.0
2020-07-04,37.3,24.2,53,15.8,0.0
2020-07-05,37.8,25.1,52,17.7,0.0
2020-07-06,36.3,25.9,61,17.4,0.0
2020-07-07,35.9,27.0,60,21.6,0.1
2020-07-08,37.5,26.9,60,24.6,0.0
2020-07-09,38.3,26.1,59,24.4,0.1
2020-07-10,38.3,26.2,60,27.3,0.1
2020-07-11,38.7,25.7,55,20.6,0.0
2020-07-12,39.1,25.7,55,20.1,0.0
2020-07-13,40.5,26.5,50,25.9,0.0
2020-07-14,40.2,25.0,53,25.2,0.0
2020-07-15,38.2,25.6,55,21.9,0.0
2020-07-16,37.8,25.5,56,19.5,0.0
2020-07-17,36.4,25.9,60,25.5,0.0
2020-07-18,34.9,24.6,60,21.5,0.1
2020-07-19,35.3,25.0,56,19.6,0.0
2020-07-20,35.2,25.7,61,19.7,0.1
2020-07-21,33.3,24.9,70,17.0,1.0
2020-07-22,32.4,24.7,75,16.1,5.9
2020-07-23,36.1,25.6,61,16.7,0.2
2020-07-24,37.5,27.0,58,27.0,1.0
2020-07-25,32.4,25.1,80,27.0,14.9
2020-07-26,31.0,24.3,82,20.2,7.2
2020-07-27,32.7,24.0,78,21.7,3.3
2020-07-28,32.0,24.3,78,16.8,8.2
2020-07-29,34.8,24.5,70,23.4,0.4
2020-07-30,35.3,25.5,65,24.1,0.0
2020-07-31,33.7,26.0,66,16.8,3.4
2020-08-01,36.2,25.4,58,15.7,0.0
2020-08-02,35.5,24.3,63,18.4,4.1
2020-08-03,36.8,24.3,58,17.6,0.0
2020-08-04,36.0,26.1,54,14.5,0.2
2020-08-05,37.8,25.0,47,19.2,0.0
2020-08-06,37.0,25.1,55,20.7,0.0
2020-08-07,36.6,25.1,56,20.9,0.0
2020-08-08,36.6,25.1,58,23.6,0.0
2020-08-09,35.9,26.2,59,26.3,0.4
2020-08-10,37.0,26.0,61,24.4,0.3
2020-08-11,37.9,26.4,58,24.3,0.0
2020-08-12,39.0,26.4,54,22.7,0.0
2020-08-13,38.9,26.2,51,22.1,0.0
2020-08-14,39.8,25.8,48,24.9,0.0
2020-08-15,39.4,26.6,48,22.0,0.0
2020-08-16,39.4,27.1,48,19.1,0.0
2020-08-17,36.2,23.4,52,28.8,0.1
2020-08-18,37.3,26.7,41,16.6,0.0
2020-08-19,37.5,24.7,35,20.7,0.0
2020-08-20,36.7,23.0,38,14.9,0.0
2020-08-21,36.8,25.4,53,22.9,0.0
2020-08-22,31.5,23.4,66,15.9,30.1
2020-08-23,34.5,23.2,53,16.4,0.0
2020-08-24,36.1,25.4,48,16.3,0.0
2020-08-25,35.9,25.6,45,16.1,0.0
2020-08-26,32.9,26.5,64,20.3,1.9
2020-08-27,35.7,25.6,61,14.8,0.3
2020-08-28,38.9,27.4,54,23.6,0.0
2020-08-29,38.5,26.9,55,22.9,0.0
2020-08-30,38.3,27.0,58,23.4,0.0
2020-08-31,38.6,27.3,66,25.3,0.4
2020-09-01,37.0,27.1,70,28.5,2.6
2020-09-02,31.3,24.9,83,22.1,27.3
2020-09-03,30.2,23.9,88,13.0,38.3
2020-09-04,28.1,23.3,88,13.9,49.0
2020-09-05,28.9,23.7,88,12.5,4.1
2020-09-06,30.9,22.9,78,9.8,0.0
2020-09-07,32.8,23.8,68,14.1,0.0
2020-09-08,29.3,24.4,77,20.5,1.0
2020-09-09,30.1,17.6,88,22.7,30.5
2020-09-10,20.7,15.5,80,20.8,5.4
2020-09-11,26.3,17.6,77,16.8,0.1
2020-09-12,30.4,20.3,77,11.5,0.3
2020-09-13,31.3,22.9,72,21.3,0.1
2020-09-14,30.6,23.1,69,24.0,0.3
2020-09-15,30.2,23.4,77,16.2,0.6
2020-09-16,31.0,23.3,71,16.5,0.1
2020-09-17,30.0,22.9,75,19.8,5.3
2020-09-18,30.4,22.5,65,26.1,0.0
2020-09-19,28.8,19.9,60,25.2,0.0
2020-09-20,28.4,16.9,63,26.2,8.9
2020-09-21,25.8,20.1,81,31.2,16.3
2020-09-22,24.8,19.5,87,30.0,10.3
2020-09-23,27.1,19.5,79,20.5,0.0
2020-09-24,27.3,17.5,78,14.0,0.0
2020-09-25,28.5,15.6,81,11.3,0.0
2020-09-26,31.0,18.6,77,18.7,0.1
2020-09-27,33.2,23.4,76,28.3,0.3
2020-09-28,25.2,18.6,51,33.3,2.1
2020-09-29,26.1,13.1,40,12.0,0.0
2020-09-30,29.1,12.8,44,12.2,0.0
2020-10-01,30.0,13.2,49,16.7,0.0
2020-10-02,26.7,15.3,47,12.7,0.0
2020-10-03,29.5,14.4,60,16.9,0.0
2020-10-04,29.8,15.7,68,18.5,0.0
2020-10-05,28.9,17.2,57,11.9,0.0
2020-10-06,30.3,18.1,71,12.7,0.0
2020-10-07,30.9,18.3,62,11.6,0.0
2020-10-08,31.3,17.0,64,17.9,0.0
2020-10-09,30.6,22.2,76,21.0,1.0
2020-10-10,34.0,20.0,69,9.9,0.0
2020-10-11,35.8,21.2,60,21.0,0.0
2020-10-12,30.4,20.5,57,20.1,0.3
2020-10-13,30.1,16.1,39,9.4,0.0
2020-10-14,32.5,17.6,57,19.8,0.0
2020-10-15,32.1,18.5,70,28.9,0.9
2020-10-16,23.6,15.1,47,29.4,2.6
2020-10-17,27.7,16.1,62,26.0,0.0
2020-10-18,32.1,21.8,69,30.7,0.1
2020-10-19,30.7,22.9,77,18.7,5.1
2020-10-20,30.9,22.7,73,20.0,2.5
2020-10-21,31.2,22.1,70,17.2,1.1
2020-10-22,30.3,21.2,78,17.4,1.2
2020-10-23,29.2,12.8,75,29.9,7.8
2020-10-24,20.9,10.8,54,22.0,0.1
2020-10-25,28.9,14.7,71,21.5,0.2
2020-10-26,24.3,7.5,86,28.8,10.6
2020-10-27,11.2,4.5,81,23.0,2.6
2020-10-28,16.5,5.3,75,25.6,7.6
2020-10-29,16.6,7.7,59,38.7,0.0
2020-10-30,19.1,6.7,59,16.2,0.0
2020-10-31,22.3,7.3,59,12.4,0.0
2020-11-01,23.3,10.0,59,23.2,0.0
2020-11-02,21.8,7.6,50,10.9,0.0
2020-11-03,24.8,7.4,43,12.3,0.0
2020-11-04,25.5,8.7,64,18.4,0.0
2020-11-05,26.1,12.6,70,16.3,0.0
2020-11-06,25.0,14.8,74,12.2,0.0
2020-11-07,26.1,12.2,65,13.4,0.0
2020-11-08,27.3,15.1,72,16.4,0.1
2020-11-09,28.0,15.8,74,21.9,0.3
2020-11-10,25.8,18.8,65,20.5,0.5
2020-11-11,26.2,16.2,43,12.1,0.0
2020-11-12,26.8,17.2,66,15.2,0.1
2020-11-13,27.1,18.4,83,14.8,2.7
2020-11-14,29.3,21.5,76,25.9,2.6
2020-11-15,22.1,12.1,36,31.4,0.0
2020-11-16,22.1,6.1,34,11.0,0.0
2020-11-17,23.3,5.5,39,12.2,0.0
2020-11-18,24.1,9.8,51,19.9,0.0
2020-11-19,26.0,11.9,72,21.6,0.0
2020-11-20,26.4,14.0,73,15.7,0.0
2020-11-21,25.3,17.9,78,15.8,1.5
2020-11-22,23.6,14.5,82,24.6,1.1
2020-11-23,23.3,10.5,70,18.1,0.0
2020-11-24,27.6,15.6,80,36.1,1.8
2020-11-25,20.8,11.1,56,19.1,8.3
2020-11-26,24.6,10.3,69,12.5,0.0
2020-11-27,21.7,14.7,90,21.3,8.8
2020-11-28,16.4,11.5,91,21.4,22.9
2020-11-29,16.4,7.3,71,29.5,0.6
2020-11-30,12.0,3.1,47,28.7,0.0
2020-12-01,14.8,0.3,59,24.1,0.0
2020-12-02,17.0,7.4,69,23.1,4.3
2020-12-03,13.2,4.4,56,26.0,0.0
2020-12-04,12.9,2.5,64,13.9,0.0
2020-12-05,12.2,3.8,75,7.9,0.9
2020-12-06,17.2,5.5,66,19.5,0.0
2020-12-07,18.8,6.1,53,13.3,0.0
2020-12-08,22.5,5.6,56,14.2,0.0
2020-12-09,25.0,6.4,50,12.8,0.0
2020-12-10,23.7,6.4,59,24.0,0.0
2020-12-11,22.5,14.4,87,18.4,3.3
2020-12-12,17.2,8.0,68,18.4,0.0
2020-12-13,19.7,5.5,74,38.2,3.8
2020-12-14,10.9,2.2,66,37.0,0.0
2020-12-15,16.6,4.1,79,27.7,0.3
2020-12-16,12.1,2.0,51,25.8,0.0
2020-12-17,15.5,-1.0,61,12.8,0.0
2020-12-18,18.0,3.1,82,23.2,2.4
2020-12-19,20.3,8.1,80,24.4,16.6
2020-12-20,18.4,3.7,66,13.0,0.0
2020-12-21,20.8,2.9,67,13.8,0.0
2020-12-22,20.7,7.5,79,23.6,0.0
2020-12-23,25.7,9.3,61,37.4,0.0
2020-12-24,12.7,2.2,29,35.7,0.0
2020-12-25,17.9,4.9,29,15.8,0.0
2020-12-26,19.2,4.3,47,23.7,0.0
2020-12-27,23.0,10.5,75,26.8,0.0
2020-12-28,23.0,13.1,85,22.1,2.1
2020-12-29,22.6,15.9,80,32.8,1.4
2020-12-30,19.1,7.5,91,29.6,39.7
2020-12-31,7.1,3.0,89,29.3,32.0
2021-01-01,11.3,2.8,67,24.5,0.0
2021-01-02,15.5,2.3,60,13.8,0.0
2021-01-03,18.5,5.2,54,23.2,0.0
2021-01-04,20.9,5.6,64,14.1,0.0
2021-01-05,20.4,6.3,73,17.2,0.2
2021-01-06,18.1,11.3,73,30.6,10.4
2021-01-07,15.2,6.6,52,26.2,0.0
2021-01-08,11.3,3.3,76,16.6,0.0
2021-01-09,11.0,0.9,72,15.0,1.5
2021-01-10,7.0,1.8,91,23.1,21.9
2021-01-11,8.6,0.5,76,18.6,0.0
2021-01-12,10.4,-0.8,77,12.0,0.7
2021-01-13,16.6,-0.1,70,18.1,0.0
2021-01-14,18.4,6.0,50,32.8,0.0
2021-01-15,14.0,5.0,31,27.6,0.0
2021-01-16,15.9,1.9,41,13.6,0.0
2021-01-17,18.2,3.0,51,11.9,0.0
2021-01-18,21.7,4.4,74,29.0,0.0
2021-01-19,19.3,9.7,91,27.2,19.1
2021-01-20,12.6,8.7,88,16.2,3.8
2021-01-21,20.5,11.0,90,10.8,3.2
2021-01-22,22.6,11.5,83,21.7,0.0
2021-01-23,18.6,10.2,86,13.8,1.2
2021-01-24,23.1,15.3,94,26.6,9.2
2021-01-25,22.2,12.2,59,33.2,6.3
2021-01-26,20.5,7.8,48,14.8,0.0
2021-01-27,17.6,6.6,47,29.5,0.0
2021-01-28,12.4,2.2,62,13.3,0.0
2021-01-29,18.3,4.2,72,22.8,0.0
2021-01-30,25.4,13.0,70,29.9,0.8
2021-01-31,18.5,10.1,40,22.9,0.0
2021-02-01,17.2,5.9,45,18.0,0.0
2021-02-02,18.5,5.1,46,16.4,0.0
2021-02-03,23.3,7.4,70,26.3,0.0
2021-02-04,28.3,13.2,63,29.2,0.0
2021-02-05,15.3,8.6,55,18.8,1.1
2021-02-06,23.4,8.5,59,31.8,0.8
2021-02-07,19.7,4.9,63,20.6,0.0
2021-02-08,24.1,10.4,81,26.3,0.0
2021-02-09,17.1,9.1,85,16.5,1.8
2021-02-10,11.4,3.1,85,21.3,5.4
2021-02-11,6.0,-0.8,84,30.3,20.5
2021-02-12,6.8,-2.8,61,26.8,0.0
2021-02-13,0.8,-3.1,58,24.6,0.9
2021-02-14,-1.4,-8.3,67,31.4,5.3
2021-02-15,-4.9,-12.9,62,29.5,7.8
2021-02-16,-2.8,-15.2,61,10.6,0.2
2021-02-17,0.7,-6.0,88,26.3,3.8
2021-02-18,0.2,-4.8,79,25.2,2.0
2021-02-19,2.3,-8.7,73,15.8,0.0
2021-02-20,13.1,-4.3,71,22.3,0.0
2021-02-21,21.5,7.7,77,27.5,0.5
2021-02-22,20.6,4.8,55,15.5,0.0
2021-02-23,23.8,7.3,61,27.2,0.0
2021-02-24,26.9,15.3,74,23.4,0.1
2021-02-25,17.3,12.7,71,19.6,3.4
2021-02-26,18.1,9.2,86,17.6,4.5
2021-02-27,25.0,14.4,87,33.7,1.8
2021-02-28,25.3,13.9,87,25.3,3.2
2021-03-01,13.3,8.8,77,34.4,16.0
2021-03-02,16.3,6.4,54,19.6,0.0
2021-03-03,19.6,5.3,61,12.8,0.0
2021-03-04,22.3,6.8,70,21.8,0.0
2021-03-05,24.7,11.9,60,28.2,0.0
2021-03-06,17.9,9.8,66,23.4,0.1
2021-03-07,19.2,6.4,51,15.0,0.0
2021-03-08,20.8,7.1,67,18.5,0.0
2021-03-09,23.8,13.4,73,32.1,0.3
2021-03-10,27.2,16.4,72,37.5,0.1
2021-03-11,25.4,19.4,77,32.4,2.0
2021-03-12,27.1,19.9,76,31.4,2.2
2021-03-13,26.1,19.3,82,30.6,5.4
2021-03-14,23.8,11.3,69,28.7,8.7
2021-03-15,27.9,8.8,56,15.6,0.0
2021-03-16,27.2,18.3,88,24.8,1.3
2021-03-17,23.7,11.7,50,35.9,8.4
2021-03-18,21.1,8.5,37,29.6,0.0
2021-03-19,19.6,7.4,50,18.5,0.0
2021-03-20,20.0,7.5,61,11.2,0.0
2021-03-21,22.7,8.4,63,21.7,0.0
2021-03-22,23.4,11.9,76,34.0,0.6
2021-03-23,25.4,11.6,63,16.6,22.8
2021-03-24,26.0,11.4,73,23.0,1.6
2021-03-25,22.5,12.7,65,37.7,4.8
2021-03-26,27.5,10.2,55,19.3,0.0
2021-03-27,29.3,17.8,80,20.3,2.4
2021-03-28,21.8,12.3,40,34.2,0.0
2021-03-29,24.7,9.4,46,21.7,0.0
2021-03-30,28.8,15.6,73,31.8,0.4
2021-03-31,21.2,13.3,59,33.5,1.2
2021-04-01,21.0,8.3,36,16.6,0.0
2021-04-02,21.7,8.9,42,21.0,0.0
2021-04-03,18.1,11.2,79,20.6,12.6
2021-04-04,23.2,12.1,74,15.8,3.7
2021-04-05,25.0,12.4,74,22.7,0.2
2021-04-06,29.6,18.8,71,34.0,0.7
2021-04-07,30.8,17.3,58,27.6,0.8
2021-04-08,31.3,14.1,54,25.0,0.4
2021-04-09,32.2,19.8,71,28.3,0.7
2021-04-10,27.7,15.1,38,31.0,0.0
2021-04-11,30.7,12.5,40,20.6,0.0
2021-04-12,31.8,17.3,69,21.8,0.1
2021-04-13,29.6,20.8,73,24.7,1.7
2021-04-14,27.5,20.3,78,20.4,4.2
2021-04-15,24.9,17.2,81,21.9,5.2
2021-04-16,23.7,16.7,87,25.6,10.3
2021-04-17,17.8,11.3,60,29.5,1.5
2021-04-18,18.6,10.0,55,22.8,0.1
2021-04-19,22.5,9.4,52,12.9,0.0
2021-04-20,27.5,12.2,50,35.6,0.0
2021-04-21,18.8,6.4,37,24.6,0.0
2021-04-22,20.9,9.9,62,21.0,2.6
2021-04-23,22.0,17.4,95,20.4,35.3
2021-04-24,27.0,15.6,63,23.7,0.0
2021-04-25,29.8,12.5,65,24.5,0.0
2021-04-26,30.9,19.0,66,28.5,0.1
2021-04-27,28.0,20.9,82,28.7,2.3
2021-04-28,30.4,21.5,75,38.0,0.2
2021-04-29,26.7,20.6,87,23.1,28.8
2021-04-30,25.7,19.1,86,24.5,21.5
2021-05-01,24.8,18.1,89,28.3,38.9
2021-05-02,29.3,15.5,77,26.0,0.0
2021-05-03,31.8,20.9,80,22.3,1.7
2021-05-04,26.5,19.2,72,29.4,2.8
2021-05-05,25.6,14.7,59,17.9,0.0
2021-05-06,29.0,15.2,65,13.5,0.0
2021-05-07,29.1,16.5,63,22.0,0.0
2021-05-08,31.4,18.9,72,34.0,0.7
2021-05-09,32.1,23.0,73,26.3,0.3
2021-05-10,30.5,19.0,83,25.0,8.0
2021-05-11,29.6,17.3,86,17.1,25.3
2021-05-12,22.2,15.9,77,25.8,0.8
2021-05-13,22.9,14.8,72,16.1,0.1
2021-05-14,25.5,17.1,70,17.7,0.0
2021-05-15,27.9,18.6,78,27.2,1.1
2021-05-16,25.7,20.3,90,25.0,22.9
2021-05-17,27.7,21.9,86,35.5,5.3
2021-05-18,28.2,19.2,83,25.5,21.8
2021-05-19,23.0,19.0,87,16.5,5.2
2021-05-20,28.2,17.3,77,10.8,0.3
2021-05-21,29.4,18.5,80,20.5,0.4
2021-05-22,26.3,21.9,87,32.1,11.1
2021-05-23,23.6,21.1,94,23.4,68.3
2021-05-24,26.3,20.8,92,19.3,57.8
2021-05-25,27.7,20.2,89,23.9,14.0
2021-05-26,30.2,21.0,83,22.2,0.7
2021-05-27,30.4,22.6,79,22.8,0.7
2021-05-28,28.8,21.5,87,22.4,37.8
2021-05-29,28.7,20.6,80,14.0,1.1
2021-05-30,26.3,19.7,87,19.6,2.6
2021-05-31,28.0,20.8,88,17.5,16.2
2021-06-01,28.7,20.9,79,15.2,1.8
2021-06-02,26.5,19.7,85,15.8,30.1
2021-06-03,25.9,20.4,91,16.2,24.5
2021-06-04,26.3,19.8,91,10.5,9.1
2021-06-05,26.7,19.5,88,15.8,8.1
2021-06-06,30.2,20.5,82,20.6,0.9
2021-06-07,31.8,24.4,86,27.0,1.4
2021-06-08,30.6,21.5,83,27.2,20.3
2021-06-09,33.1,24.2,79,21.6,0.8
2021-06-10,33.0,23.5,76,22.6,0.1
2021-06-11,33.0,24.1,75,23.4,0.3
2021-06-12,33.1,23.3,74,19.1,0.0
2021-06-13,33.8,23.1,72,10.7,0.0
2021-06-14,34.5,24.6,73,15.3,0.1
2021-06-15,34.8,25.2,68,13.2,1.9
2021-06-16,34.3,23.0,66,13.1,0.0
2021-06-17,34.3,23.3,64,13.2,0.2
2021-06-18,33.0,23.6,66,14.5,0.3
2021-06-19,34.6,21.5,58,18.3,0.0
2021-06-20,34.2,23.9,69,29.5,0.1
2021-06-21,34.4,23.5,77,22.0,12.8
2021-06-22,30.8,22.9,81,16.2,9.3
2021-06-23,33.7,23.8,76,21.2,1.5
2021-06-24,34.0,24.6,70,22.7,0.4
2021-06-25,35.3,25.5,67,25.3,0.2
2021-06-26,34.2,25.3,68,27.6,0.6
2021-06-27,30.5,23.6,84,15.5,6.6
2021-06-28,28.6,23.2,85,15.8,14.2
2021-06-29,29.9,22.8,86,14.5,13.6
2021-06-30,29.6,23.6,86,14.0,3.1
2021-07-01,31.6,22.8,80,10.7,5.7
2021-07-02,33.5,24.5,76,13.1,0.2
2021-07-03,30.2,24.4,84,13.5,8.9
2021-07-04,29.8,23.9,89,15.8,17.8
2021-07-05,28.9,23.2,91,15.0,33.9
2021-07-06,29.1,22.7,90,18.2,29.0
2021-07-07,28.6,22.6,87,17.0,6.2
2021-07-08,28.6,22.4,89,25.9,9.9
2021-07-09,26.2,22.5,95,20.6,28.8
2021-07-10,30.2,23.2,88,25.6,10.0
2021-07-11,31.2,24.0,82,22.3,6.0
2021-07-12,31.4,22.0,82,16.4,3.5
2021-07-13,29.2,22.2,87,16.6,4.0
2021-07-14,29.2,22.6,88,20.6,3.7
2021-07-15,30.6,23.8,81,20.0,1.4
2021-07-16,30.4,24.0,79,23.2,1.0
2021-07-17,31.8,23.6,77,17.5,1.3
2021-07-18,31.4,22.9,80,14.0,0.7
2021-07-19,31.5,24.1,83,14.6,1.7
2021-07-20,30.2,23.1,85,14.9,2.3
2021-07-21,30.7,22.2,79,9.7,3.2
2021-07-22,31.0,22.7,86,21.1,5.8
2021-07-23,32.6,24.4,77,23.0,1.4
2021-07-24,33.8,24.1,74,22.4,0.0
2021-07-25,33.7,23.1,74,15.1,0.0
2021-07-26,34.0,22.6,72,13.3,0.0
2021-07-27,34.6,23.3,64,13.0,0.0
2021-07-28,33.3,24.4,70,10.9,0.2
2021-07-29,33.0,24.5,78,12.9,3.1
2021-07-30,34.1,24.1,73,12.3,0.1
2021-07-31,32.6,25.3,77,14.0,2.8
2021-08-01,32.7,25.5,72,14.3,5.1
2021-08-02,28.0,23.6,91,16.3,60.1
2021-08-03,30.5,23.8,81,12.8,3.1
2021-08-04,31.2,23.4,74,14.6,1.4
2021-08-05,27.2,24.0,90,11.2,11.8
2021-08-06,30.7,22.8,88,19.2,33.9
2021-08-07,32.0,23.8,80,22.9,0.8
2021-08-08,33.9,25.2,74,26.3,0.0
2021-08-09,33.5,25.3,71,26.0,0.2
2021-08-10,34.2,24.9,71,23.1,0.9
2021-08-11,33.2,24.0,77,22.2,0.9
2021-08-12,33.3,25.0,74,18.5,0.0
2021-08-13,33.4,24.4,77,17.1,0.5
2021-08-14,33.3,24.5,75,16.0,2.4
2021-08-15,29.2,24.2,85,15.5,10.2
2021-08-16,30.7,23.0,84,13.6,2.5
2021-08-17,30.3,23.9,86,14.5,9.6
2021-08-18,29.6,24.4,90,19.4,49.2
2021-08-19,34.1,25.3,73,21.7,1.2
2021-08-20,32.8,24.9,72,19.0,0.8
2021-08-21,34.0,24.8,70,21.0,0.5
2021-08-22,34.2,23.8,69,14.8,0.1
2021-08-23,35.2,23.0,64,14.2,0.0
2021-08-24,35.7,24.7,63,16.0,0.0
2021-08-25,35.7,24.7,64,14.5,0.0
2021-08-26,33.4,24.6,70,13.5,6.2
2021-08-27,32.7,24.4,78,18.6,7.7
2021-08-28,33.4,24.0,77,16.5,5.0
2021-08-29,33.7,24.5,74,17.5,2.4
2021-08-30,34.0,25.3,73,12.4,2.2
2021-08-31,36.5,25.2,66,16.0,0.2
2021-09-01,36.2,26.4,66,19.7,1.0
2021-09-02,35.7,26.0,66,20.8,0.3
2021-09-03,34.4,25.4,69,18.4,1.4
2021-09-04,37.2,25.9,60,21.7,0.0
2021-09-05,37.0,25.4,52,17.8,0.0
2021-09-06,35.7,24.9,68,11.6,8.0
2021-09-07,34.7,24.0,65,13.5,0.3
2021-09-08,36.9,22.5,49,18.6,0.0
2021-09-09,35.2,22.7,39,17.8,0.0
2021-09-10,33.9,20.5,42,9.8,0.0
2021-09-11,33.0,20.2,50,11.2,0.0
2021-09-12,33.6,22.4,62,13.5,0.1
2021-09-13,30.4,23.6,74,21.6,10.9
2021-09-14,31.3,22.7,68,22.7,0.0
2021-09-15,31.7,21.6,66,20.5,0.1
2021-09-16,32.4,22.5,62,14.8,0.0
2021-09-17,34.1,22.4,64,13.0,0.0
2021-09-18,34.4,23.8,57,13.4,0.2
2021-09-19,34.8,23.3,55,14.9,0.0
2021-09-20,37.0,25.1,56,20.6,0.0
2021-09-21,34.5,25.9,65,25.4,1.5
2021-09-22,29.1,20.0,29,26.2,0.0
2021-09-23,28.8,15.3,35,11.7,0.0
2021-09-24,29.6,16.0,46,9.7,0.0
2021-09-25,30.2,17.5,53,8.9,0.0
2021-09-26,30.8,17.5,49,13.6,0.0
2021-09-27,31.7,19.3,59,13.1,0.0
2021-09-28,29.8,23.5,80,32.8,19.2
2021-09-29,30.8,21.6,79,16.2,1.7
2021-09-30,30.9,22.2,84,11.2,4.8
2021-10-01,29.0,21.0,84,15.5,12.7
2021-10-02,28.2,22.1,84,9.1,1.7
2021-10-03,29.7,21.4,72,11.6,0.6
2021-10-04,31.3,20.6,52,19.2,0.0
2021-10-05,31.4,17.2,43,18.3,0.0
2021-10-06,30.2,16.6,47,10.6,0.0
2021-10-07,32.5,19.3,55,15.1,0.0
2021-10-08,32.9,20.0,57,15.4,0.0
2021-10-09,31.8,19.2,67,21.3,0.0
2021-10-10,34.9,21.6,72,33.6,0.7
2021-10-11,27.7,18.3,58,23.2,18.3
2021-10-12,27.8,23.1,85,29.8,7.7
2021-10-13,30.3,22.6,85,27.0,20.7
2021-10-14,29.7,22.2,85,14.3,52.3
2021-10-15,29.0,18.7,74,26.1,1.4
2021-10-16,21.3,13.5,48,22.8,0.0
2021-10-17,20.8,10.3,59,9.8,0.0
2021-10-18,22.8,10.9,65,13.6,0.0
2021-10-19,26.6,13.7,70,20.2,0.0
2021-10-20,27.7,18.7,81,15.8,0.2
2021-10-21,28.7,18.8,78,8.0,0.0
2021-10-22,28.4,18.4,77,28.4,4.7
2021-10-23,28.0,21.3,83,19.8,1.8
2021-10-24,30.0,21.3,81,17.0,1.0
2021-10-25,30.3,22.2,84,12.3,0.2
2021-10-26,29.8,22.2,82,27.9,0.7
2021-10-27,24.6,15.8,59,32.9,25.2
2021-10-28,23.6,15.0,31,40.3,0.0
2021-10-29,21.9,12.9,29,28.2,0.0
2021-10-30,24.0,9.1,51,10.8,0.0
2021-10-31,26.3,9.9,64,13.2,0.0
2021-11-01,25.3,13.9,75,12.2,0.0
2021-11-02,26.3,15.0,82,15.5,2.3
2021-11-03,19.3,10.8,91,23.9,20.5
2021-11-04,15.9,9.2,72,21.3,0.0
2021-11-05,15.6,5.6,73,8.0,0.0
2021-11-06,18.3,8.0,76,8.9,0.0
2021-11-07,21.0,8.4,76,12.5,0.0
2021-11-08,23.9,9.8,80,16.3,0.0
2021-11-09,23.2,13.7,84,14.4,0.1
2021-11-10,25.7,16.0,79,30.6,0.4
2021-11-11,21.4,12.2,65,20.3,1.0
2021-11-12,23.6,9.5,59,20.2,0.0
2021-11-13,18.5,6.4,51,12.0,0.0
2021-11-14,24.4,10.8,67,15.5,0.0
2021-11-15,26.0,14.8,80,22.6,0.0
2021-11-16,26.6,17.9,77,29.3,0.1
2021-11-17,27.1,17.8,76,30.9,0.4
2021-11-18,18.0,12.3,34,28.3,0.5
2021-11-19,17.1,7.7,43,14.2,0.0
2021-11-20,21.4,10.2,79,23.3,0.2
2021-11-21,25.5,15.7,75,25.1,0.8
2021-11-22,20.1,11.2,41,22.3,0.6
2021-11-23,19.8,4.7,56,20.6,0.0
2021-11-24,25.6,13.8,81,32.9,24.4
2021-11-25,18.3,10.9,60,30.7,29.7
2021-11-26,13.3,7.6,48,16.2,0.0
2021-11-27,12.4,9.2,82,14.2,16.1
2021-11-28,19.7,9.0,77,21.3,0.0
2021-11-29,20.1,4.6,68,13.6,0.0
2021-11-30,21.4,7.9,77,17.8,0.0
2021-12-01,23.8,10.5,85,15.6,0.0
2021-12-02,24.4,12.9,88,15.9,0.0
2021-12-03,23.5,17.6,92,18.0,1.1
2021-12-04,24.1,17.6,89,12.1,0.7
2021-12-05,25.5,18.8,88,27.6,1.3
2021-12-06,21.8,10.0,61,34.4,5.1
2021-12-07,18.0,5.8,53,13.0,0.0
2021-12-08,22.0,7.8,71,14.8,0.0
2021-12-09,25.7,15.9,88,23.7,0.1
2021-12-10,27.9,20.9,86,28.8,0.5
2021-12-11,20.0,6.5,45,38.6,0.0
2021-12-12,14.7,1.5,55,9.6,0.0
2021-12-13,16.1,7.1,70,8.2,0.3
2021-12-14,23.5,15.2,95,20.2,4.6
2021-12-15,26.6,20.1,87,35.0,2.1
2021-12-16,27.3,20.1,84,23.8,1.5
2021-12-17,24.9,18.9,88,30.6,2.9
2021-12-18,20.7,8.9,74,31.9,37.8
2021-12-19,12.0,5.0,48,22.6,0.0
2021-12-20,13.6,5.6,64,9.4,0.0
2021-12-21,17.3,3.3,80,15.2,0.0
2021-12-22,20.8,8.6,79,18.1,0.0
2021-12-23,22.6,13.5,86,27.4,0.4
2021-12-24,25.0,15.9,83,28.9,0.3
2021-12-25,25.1,17.1,86,25.4,0.1
2021-12-26,25.1,16.8,90,27.3,0.4
2021-12-27,25.5,18.5,84,22.3,0.7
2021-12-28,23.5,18.1,87,22.7,2.6
2021-12-29,25.8,15.8,84,15.2,0.4
2021-12-30,25.5,12.8,75,8.9,0.0
2021-12-31,27.2,18.2,88,27.2,0.7
2022-01-01,27.8,4.3,72,34.7,0.7
2022-01-02,7.4,-3.8,41,32.0,0.2
2022-01-03,11.4,-2.8,58,10.1,0.0
2022-01-04,16.9,1.9,57,27.2,0.0
2022-01-05,20.9,6.5,61,10.7,0.0
2022-01-06,12.9,1.7,55,28.4,0.0
2022-01-07,11.2,-2.0,62,13.1,0.8
2022-01-08,18.3,6.9,94,18.1,4.9
2022-01-09,16.8,7.7,71,31.1,0.0
2022-01-10,13.4,5.1,43,26.3,0.0
2022-01-11,10.7,3.7,56,10.0,0.7
2022-01-12,16.1,6.4,69,10.7,0.0
2022-01-13,21.5,5.6,57,17.7,0.0
2022-01-14,22.7,4.8,55,24.4,0.0
2022-01-15,15.6,4.3,38,43.0,0.0
2022-01-16,15.0,1.7,44,25.4,0.0
2022-01-17,18.0,0.3,46,14.1,0.0
2022-01-18,22.3,8.4,69,27.9,0.0
2022-01-19,22.9,7.4,79,30.7,1.2
2022-01-20,5.9,0.4,41,32.4,0.1
2022-01-21,8.8,-1.8,35,17.3,0.0
2022-01-22,11.3,-2.6,43,11.7,0.0
2022-01-23,12.9,6.7,44,10.2,0.0
2022-01-24,12.4,5.8,87,9.6,8.0
2022-01-25,14.3,6.0,85,15.3,0.1
2022-01-26,11.9,4.5,65,15.5,0.0
2022-01-27,15.8,4.3,60,19.2,0.0
2022-01-28,14.0,5.1,46,26.3,0.0
2022-01-29,17.7,0.7,47,15.0,0.0
2022-01-30,19.0,3.6,54,17.8,0.0
2022-01-31,15.4,10.9,95,27.3,70.4
2022-02-01,19.4,10.9,86,10.3,0.7
2022-02-02,16.2,4.3,93,27.0,22.9
2022-02-03,4.0,-5.3,76,32.4,13.8
2022-02-04,5.8,-5.8,56,36.5,0.0
2022-02-05,8.4,-4.8,58,12.2,0.0
2022-02-06,12.9,-1.9,62,11.0,0.0
2022-02-07,14.5,2.0,62,19.5,0.0
2022-02-08,17.2,-0.7,61,11.8,0.0
2022-02-09,19.9,3.4,52,13.2,0.0
2022-02-10,21.2,4.3,55,12.2,0.0
2022-02-11,22.6,8.5,58,21.4,0.0
2022-02-12,13.8,4.0,61,44.6,5.0
2022-02-13,17.0,-1.2,39,14.2,0.0
2022-02-14,18.6,2.2,42,20.2,0.0
2022-02-15,22.3,6.2,70,33.3,0.0
2022-02-16,25.0,14.7,79,38.9,1.1
2022-02-17,21.0,2.5,57,33.1,1.1
2022-02-18,13.6,1.1,48,25.7,0.0
2022-02-19,16.6,0.4,50,10.8,0.0
2022-02-20,22.2,3.6,63,25.2,0.0
2022-02-21,28.2,15.3,81,32.8,0.2
2022-02-22,28.9,9.9,63,27.5,0.0
2022-02-23,9.7,-1.0,62,25.9,2.0
2022-02-24,5.9,-1.9,80,21.2,3.7
2022-02-25,4.8,-2.7,62,23.2,0.7
2022-02-26,6.0,1.9,86,18.9,5.7
2022-02-27,14.1,3.0,58,21.4,0.0
2022-02-28,16.3,-1.6,52,12.1,0.0
2022-03-01,20.1,1.4,47,10.6,0.0
2022-03-02,21.5,5.3,55,11.4,0.0
2022-03-03,24.4,9.8,67,11.8,0.0
2022-03-04,25.1,14.0,79,29.5,1.9
2022-03-05,27.7,16.4,77,28.9,0.9
2022-03-06,26.9,19.6,80,37.9,3.1
2022-03-07,21.1,6.8,55,29.6,7.5
2022-03-08,10.2,5.2,66,21.9,2.2
2022-03-09,15.8,2.8,62,14.2,0.0
2022-03-10,21.5,4.6,64,15.5,0.2
2022-03-11,15.8,3.2,69,34.7,6.6
2022-03-12,12.3,-1.8,39,28.8,0.0
2022-03-13,18.0,0.6,52,27.4,0.0
2022-03-14,26.6,9.7,62,37.8,0.0
2022-03-15,24.0,12.0,42,25.0,0.0
2022-03-16,26.6,7.6,53,21.4,0.0
2022-03-17,26.3,12.9,82,29.7,0.8
2022-03-18,22.5,10.0,39,33.3,0.0
2022-03-19,24.3,7.6,35,11.7,0.0
2022-03-20,26.1,7.5,44,29.0,0.0
2022-03-21,27.2,16.4,84,48.1,18.0
2022-03-22,19.0,11.8,51,32.8,1.0
2022-03-23,19.8,8.0,35,21.7,0.0
2022-03-24,23.4,7.8,31,24.0,0.0
2022-03-25,28.0,7.4,35,11.2,0.0
2022-03-26,32.0,12.7,30,24.2,0.0
2022-03-27,31.1,15.4,36,26.8,0.0
2022-03-28,30.5,15.6,64,31.1,0.0
2022-03-29,28.6,19.2,71,39.4,1.0
2022-03-30,26.5,14.5,52,39.4,5.7
2022-03-31,24.9,9.3,46,15.6,0.0
2022-04-01,27.9,11.1,46,25.6,0.0
2022-04-02,30.1,15.0,48,20.0,0.0
2022-04-03,30.7,13.9,57,20.9,0.0
2022-04-04,29.4,17.9,79,21.3,6.2
2022-04-05,35.5,20.0,58,23.7,0.0
2022-04-06,25.8,16.7,38,36.7,0.0
2022-04-07,24.9,13.2,18,23.2,0.0
2022-04-08,25.4,11.5,21,22.6,0.0
2022-04-09,29.6,9.1,32,29.6,0.0
2022-04-10,30.7,17.1,63,40.0,4.5
2022-04-11,31.1,20.1,73,33.1,0.7
2022-04-12,29.9,21.5,78,34.3,4.5
2022-04-13,32.6,17.8,54,29.5,2.6
2022-04-14,28.0,14.1,36,21.1,0.0
2022-04-15,29.3,16.7,70,19.1,1.4
2022-04-16,31.4,21.2,76,18.9,0.0
2022-04-17,28.6,20.9,83,18.0,5.2
2022-04-18,26.1,16.0,64,20.7,0.0
2022-04-19,24.1,14.5,68,27.4,1.3
2022-04-20,29.5,19.9,73,35.7,0.3
2022-04-21,29.7,21.1,77,30.0,2.9
2022-04-22,31.0,21.1,70,34.4,0.9
2022-04-23,30.1,20.8,69,40.0,1.2
2022-04-24,31.8,21.0,69,32.8,1.5
2022-04-25,23.0,15.5,88,25.3,41.9
2022-04-26,24.3,14.2,71,22.8,3.8
2022-04-27,24.7,16.5,72,16.7,0.0
2022-04-28,28.8,19.0,73,26.3,0.6
2022-04-29,29.3,20.7,77,30.2,1.3
2022-04-30,29.2,22.1,80,21.1,2.4
2022-05-01,29.1,20.5,81,22.7,2.6
2022-05-02,30.0,21.7,76,32.2,0.7
2022-05-03,31.6,22.8,79,22.0,1.6
2022-05-04,32.3,21.7,74,36.7,1.6
2022-05-05,26.8,22.0,87,33.2,10.3
2022-05-06,32.1,17.5,76,22.4,0.0
2022-05-07,34.3,22.7,75,23.9,0.0
2022-05-08,35.7,23.5,71,29.0,0.0
2022-05-09,35.9,23.5,68,29.5,0.0
2022-05-10,34.9,24.8,69,27.6,0.3
2022-05-11,34.6,23.2,65,23.0,0.2
2022-05-12,34.7,21.8,64,22.7,0.0
2022-05-13,33.6,20.4,62,20.1,0.0
2022-05-14,32.3,21.6,66,24.2,0.1
2022-05-15,35.0,21.6,62,25.3,0.0
2022-05-16,35.9,22.0,58,20.6,0.0
2022-05-17,36.3,21.3,61,26.0,0.0
2022-05-18,36.7,22.4,59,29.0,0.0
2022-05-19,36.2,22.1,62,29.9,0.0
2022-05-20,36.6,23.4,66,33.2,17.4
2022-05-21,36.8,22.7,73,23.0,22.3
2022-05-22,28.0,17.3,69,29.3,0.7
2022-05-23,29.7,18.6,76,19.4,8.7
2022-05-24,29.5,20.1,78,24.9,36.5
2022-05-25,26.7,17.3,66,23.7,5.2
2022-05-26,33.7,16.2,56,15.1,0.0
2022-05-27,34.7,20.7,59,11.7,0.0
2022-05-28,35.4,21.6,59,26.1,0.2
2022-05-29,35.4,22.1,64,33.6,0.0
2022-05-30,35.0,23.9,63,33.9,0.5
2022-05-31,36.2,24.5,62,27.4,0.7
2022-06-01,31.4,24.4,74,24.1,6.3
2022-06-02,30.6,21.8,71,16.1,17.5
2022-06-03,32.4,22.8,60,15.3,0.0
2022-06-04,34.5,22.8,57,19.6,0.0
2022-06-05,36.1,23.7,64,27.6,4.4
2022-06-06,38.0,23.7,62,28.9,0.0
2022-06-07,38.4,24.5,60,25.6,0.0
2022-06-08,37.8,24.7,58,24.9,0.0
2022-06-09,36.5,25.0,60,21.6,0.4
2022-06-10,37.3,24.8,55,21.4,0.0
2022-06-11,38.7,25.8,53,23.8,0.0
2022-06-12,38.9,25.0,58,27.4,0.0
2022-06-13,37.7,25.1,58,30.3,0.0
2022-06-14,37.0,25.5,59,35.5,0.0
2022-06-15,35.8,25.4,61,24.3,0.3
2022-06-16,37.9,24.5,54,20.2,0.0
2022-06-17,36.9,25.1,52,20.6,0.0
2022-06-18,37.2,25.1,50,20.4,0.0
2022-06-19,37.5,25.8,52,19.1,0.1
2022-06-20,38.1,25.3,48,18.1,0.0
2022-06-21,37.1,26.4,52,23.5,1.0
2022-06-22,36.6,25.7,55,19.1,0.0
2022-06-23,38.2,26.8,42,20.2,0.0
2022-06-24,38.2,25.6,46,23.9,0.0
2022-06-25,37.8,24.9,48,22.9,0.0
2022-06-26,37.7,24.6,48,19.2,0.0
2022-06-27,35.0,24.5,65,18.5,22.0
2022-06-28,33.7,23.1,75,18.8,8.1
2022-06-29,37.4,23.5,39,14.8,0.0
2022-06-30,36.2,25.0,58,19.3,0.0
2022-07-01,36.5,24.7,58,14.8,0.1
2022-07-02,36.8,26.4,58,22.2,0.0
2022-07-03,37.4,26.1,56,23.6,0.0
2022-07-04,38.2,25.5,55,26.0,0.0
2022-07-05,37.4,25.7,56,23.1,0.0
2022-07-06,38.1,25.8,54,24.6,0.0
2022-07-07,37.1,25.8,55,24.5,0.0
2022-07-08,38.4,26.4,52,20.9,0.0
2022-07-09,39.0,26.7,46,20.0,0.0
2022-07-10,40.6,25.7,44,20.1,0.0
2022-07-11,40.4,28.6,45,20.0,0.0
2022-07-12,39.8,27.0,46,24.9,0.0
2022-07-13,39.4,28.7,46,21.4,0.1
2022-07-14,34.8,26.2,64,18.7,16.0
2022-07-15,34.3,24.7,70,19.4,0.6
2022-07-16,36.5,25.4,58,22.0,0.1
2022-07-17,38.4,26.1,44,24.4,0.0
2022-07-18,39.0,25.5,50,26.0,0.0
2022-07-19,39.0,25.8,55,28.6,0.0
2022-07-20,38.6,25.8,57,25.4,0.0
2022-07-21,38.0,26.6,57,22.6,0.0
2022-07-22,37.6,25.5,53,21.6,0.0
2022-07-23,37.1,25.8,57,24.0,0.1
2022-07-24,37.5,26.2,55,24.3,0.0
2022-07-25,37.5,25.6,54,26.8,0.0
2022-07-26,38.0,25.0,55,25.3,0.0
2022-07-27,37.1,25.9,57,32.2,0.2
2022-07-28,37.1,26.0,58,33.1,0.5
2022-07-29,37.8,26.2,58,25.8,0.2
2022-07-30,37.9,26.3,51,27.4,0.0
2022-07-31,38.1,26.1,52,25.8,0.0
2022-08-01,37.1,25.8,53,23.9,0.1
2022-08-02,38.9,26.1,50,28.1,0.0
2022-08-03,39.5,26.3,53,27.1,0.0
2022-08-04,39.5,26.6,52,25.4,0.0
2022-08-05,39.1,26.3,52,24.6,0.0
2022-08-06,35.0,25.3,62,20.0,3.5
2022-08-07,37.0,25.6,63,19.1,3.7
2022-08-08,37.3,25.7,60,16.7,0.3
2022-08-09,36.9,25.9,60,17.1,3.2
2022-08-10,38.7,26.4,54,16.9,0.3
2022-08-11,37.6,24.5,65,15.9,14.8
2022-08-12,36.3,25.1,64,15.1,6.7
2022-08-13,37.4,24.0,59,26.1,1.1
2022-08-14,33.9,26.8,62,21.9,2.3
2022-08-15,35.9,24.6,63,21.0,1.7
2022-08-16,35.7,25.4,64,17.4,0.8
2022-08-17,37.5,26.1,54,20.2,0.0
2022-08-18,34.9,25.6,72,18.9,14.0
2022-08-19,28.5,24.0,87,16.9,40.1
2022-08-20,34.8,24.7,75,23.3,4.5
2022-08-21,33.5,24.8,75,20.9,2.0
2022-08-22,35.2,25.1,81,25.2,20.9
2022-08-23,30.5,23.7,84,9.4,25.2
2022-08-24,30.5,23.7,84,16.5,19.8
2022-08-25,33.7,23.4,66,17.2,0.1
2022-08-26,34.3,24.0,68,14.5,2.6
2022-08-27,34.8,23.7,73,21.1,9.9
2022-08-28,35.9,24.5,67,22.4,1.0
2022-08-29,35.8,24.9,71,25.1,0.9
2022-08-30,30.5,24.5,85,17.5,12.6
2022-08-31,30.1,23.4,87,12.0,28.7
2022-09-01,31.3,23.4,83,21.9,19.0
2022-09-02,33.2,23.0,77,11.7,4.0
2022-09-03,29.4,23.5,88,13.5,17.3
2022-09-04,31.9,22.6,77,10.7,2.9
2022-09-05,32.8,21.1,73,15.3,0.0
2022-09-06,34.3,22.3,64,19.0,0.0
2022-09-07,34.7,24.2,67,13.0,0.9
2022-09-08,35.1,23.7,60,15.5,0.0
2022-09-09,32.5,23.0,57,16.1,0.8
2022-09-10,32.9,23.5,62,10.8,2.5
2022-09-11,33.5,23.5,56,19.4,0.7
2022-09-12,32.8,22.7,51,10.0,0.0
2022-09-13,31.9,23.2,62,17.9,1.5
2022-09-14,33.7,22.8,60,17.1,1.2
2022-09-15,33.2,21.3,66,16.8,1.5
2022-09-16,33.4,22.5,70,19.1,1.7
2022-09-17,34.1,23.2,72,22.0,2.8
2022-09-18,35.7,23.6,62,19.8,0.1
2022-09-19,34.5,23.8,63,14.0,0.4
2022-09-20,35.4,23.9,62,21.6,0.0
2022-09-21,34.9,23.1,55,15.5,0.0
2022-09-22,35.9,21.5,46,13.8,0.0
2022-09-23,35.6,22.4,46,17.2,0.0
2022-09-24,33.6,22.6,64,21.1,0.1
2022-09-25,34.2,23.7,62,13.7,0.0
2022-09-26,33.7,23.6,36,24.8,0.0
2022-09-27,31.4,17.2,33,13.4,0.0
2022-09-28,30.9,18.8,36,10.5,0.0
2022-09-29,31.2,17.4,44,12.0,0.0
2022-09-30,29.1,17.1,41,10.1,0.0
2022-10-01,28.8,14.6,43,10.0,0.0
2022-10-02,28.5,14.9,43,9.2,0.0
2022-10-03,29.1,16.4,38,9.2,0.0
2022-10-04,30.3,17.1,39,14.4,0.0
2022-10-05,30.6,16.4,45,13.7,0.0
2022-10-06,31.2,17.9,47,10.7,0.0
2022-10-07,30.0,19.9,48,11.6,0.0
2022-10-08,31.2,19.3,39,16.4,0.0
2022-10-09,30.6,18.9,46,13.2,0.0
2022-10-10,31.0,18.5,57,21.6,0.0
2022-10-11,30.1,19.0,58,19.8,0.0
2022-10-12,33.4,22.0,63,18.1,0.0
2022-10-13,31.8,21.4,33,21.7,0.0
2022-10-14,30.6,18.3,45,18.6,0.0
2022-10-15,32.8,21.9,63,22.0,0.1
2022-10-16,30.4,20.3,74,24.9,9.0
2022-10-17,25.1,17.3,62,25.9,22.9
2022-10-18,18.7,11.9,37,20.6,0.0
2022-10-19,19.3,7.7,46,11.2,0.0
2022-10-20,26.9,11.6,46,19.4,0.0
2022-10-21,28.7,14.3,51,22.5,0.0
2022-10-22,29.9,17.7,65,30.5,0.0
2022-10-23,30.1,20.3,67,32.9,0.4
2022-10-24,30.4,18.6,80,30.2,40.1
2022-10-25,22.8,12.7,44,57.1,0.0
2022-10-26,22.4,10.1,53,10.0,0.0
2022-10-27,25.1,11.2,67,19.4,0.7
2022-10-28,20.3,13.2,80,30.6,26.4
2022-10-29,21.0,12.3,70,29.0,0.0
2022-10-30,22.4,11.5,72,11.8,0.0
2022-10-31,24.3,12.3,70,9.5,2.7
2022-11-01,22.7,14.5,81,12.9,12.4
2022-11-02,23.2,14.3,87,14.0,0.9
2022-11-03,28.7,20.3,84,26.1,2.4
2022-11-04,29.0,19.8,74,39.3,5.8
2022-11-05,21.7,11.5,45,16.5,0.0
2022-11-06,27.8,12.7,80,21.5,0.3
2022-11-07,28.0,21.1,85,14.5,5.7
2022-11-08,26.8,17.9,89,13.2,8.8
2022-11-09,27.7,19.0,82,19.0,0.8
2022-11-10,27.1,19.3,81,16.7,1.6
2022-11-11,23.8,7.2,82,30.3,21.1
2022-11-12,13.0,4.1,49,29.2,0.0
2022-11-13,13.2,2.2,50,11.5,0.0
2022-11-14,14.1,8.6,81,24.6,4.5
2022-11-15,10.3,3.4,66,24.1,0.0
2022-11-16,12.5,4.9,62,18.5,0.0
2022-11-17,14.5,4.4,57,10.2,0.0
2022-11-18,12.2,9.4,61,9.9,2.6
2022-11-19,9.4,4.0,86,22.2,18.8
2022-11-20,9.0,4.3,61,13.7,0.3
2022-11-21,7.5,5.4,85,8.8,5.9
2022-11-22,14.7,7.3,85,8.6,1.4
2022-11-23,17.1,10.8,85,13.0,0.8
2022-11-24,19.1,16.4,95,18.3,18.1
2022-11-25,17.9,12.5,88,26.6,5.8
2022-11-26,15.9,9.4,73,34.2,20.7
2022-11-27,19.5,9.6,61,20.0,0.0
2022-11-28,21.4,6.4,82,19.8,0.5
2022-11-29,25.8,16.4,86,25.0,1.0
2022-11-30,16.4,5.0,51,35.3,0.0
2022-12-01,13.8,4.1,63,12.0,0.5
2022-12-02,20.3,11.3,91,19.6,1.7
2022-12-03,18.0,12.9,70,24.1,0.2
2022-12-04,15.0,10.5,73,14.1,0.3
2022-12-05,23.6,14.0,90,23.7,0.7
2022-12-06,24.6,18.1,90,17.3,0.1
2022-12-07,26.1,19.6,86,19.9,1.1
2022-12-08,26.1,19.8,85,22.3,1.7
2022-12-09,25.9,19.1,84,18.5,0.7
2022-12-10,25.1,18.4,89,18.4,13.6
2022-12-11,20.9,16.2,82,17.6,2.3
2022-12-12,21.3,15.3,90,22.6,3.4
2022-12-13,22.6,17.5,77,28.4,4.8
2022-12-14,17.8,8.9,45,25.2,3.6
2022-12-15,15.9,2.5,62,10.8,0.0
2022-12-16,11.6,5.9,69,22.2,1.1
2022-12-17,12.4,4.1,45,14.8,0.0
2022-12-18,11.8,0.5,51,12.5,0.0
2022-12-19,10.2,7.3,79,17.5,22.1
2022-12-20,10.9,5.3,85,19.8,0.1
2022-12-21,11.1,3.0,85,14.2,0.0
2022-12-22,14.3,-9.0,68,34.9,0.1
2022-12-23,-1.0,-9.4,30,29.7,0.0
2022-12-24,2.8,-6.1,37,15.9,0.0
2022-12-25,8.8,-4.2,46,14.0,0.0
2022-12-26,13.8,-0.7,50,14.5,0.0
2022-12-27,11.9,-0.8,65,18.0,0.0
2022-12-28,21.3,6.2,77,26.4,0.0
2022-12-29,21.4,13.9,90,20.6,2.2
2022-12-30,15.7,10.6,61,14.7,0.0
2022-12-31,22.7,7.1,70,25.4,0.0
2023-01-01,23.3,10.4,81,19.6,0.0
2023-01-02,25.9,16.5,90,29.8,16.1
2023-01-03,22.0,12.6,51,20.5,3.3
2023-01-04,20.9,10.1,43,22.3,0.0
2023-01-05,17.9,5.0,64,12.2,0.0
2023-01-06,24.3,7.5,77,27.5,0.0
2023-01-07,21.6,13.0,88,22.3,3.7
2023-01-08,18.3,8.7,53,18.4,0.0
2023-01-09,20.3,8.1,70,12.8,0.0
2023-01-10,24.8,12.7,79,21.4,0.0
2023-01-11,26.4,13.3,79,25.7,0.0
2023-01-12,19.4,10.6,36,31.0,0.0
2023-01-13,15.9,3.8,44,18.6,0.0
2023-01-14,16.7,3.4,51,21.0,0.0
2023-01-15,22.9,10.7,70,33.2,0.0
2023-01-16,23.6,15.3,79,22.4,0.4
2023-01-17,25.5,11.5,78,19.9,0.0
2023-01-18,23.4,14.7,57,21.4,2.0
2023-01-19,18.8,9.5,35,16.6,0.0
2023-01-20,13.5,8.8,52,15.0,0.3
2023-01-21,14.8,7.6,76,8.4,0.1
2023-01-22,15.6,5.1,45,20.6,0.0
2023-01-23,14.0,1.4,52,16.2,0.0
2023-01-24,15.4,6.4,76,26.9,30.9
2023-01-25,12.8,3.5,63,20.4,0.0
2023-01-26,12.7,1.7,65,10.9,0.0
2023-01-27,14.6,2.0,61,18.4,0.0
2023-01-28,18.1,9.3,87,19.7,1.6
2023-01-29,21.3,4.9,81,25.5,10.9
2023-01-30,5.3,-0.5,68,22.1,1.6
2023-01-31,1.4,-1.4,86,23.6,7.0
2023-02-01,3.9,-1.0,81,18.1,7.0
2023-02-02,7.7,0.6,87,24.5,18.3
2023-02-03,12.6,0.6,77,17.3,0.0
2023-02-04,16.5,1.3,79,23.7,0.0
2023-02-05,21.4,4.5,82,16.5,0.0
2023-02-06,23.3,13.0,81,32.5,0.3
2023-02-07,22.7,12.6,90,24.5,26.1
2023-02-08,16.1,6.1,82,28.1,3.6
2023-02-09,21.8,5.2,65,16.7,0.0
2023-02-10,12.1,3.9,56,31.3,0.8
2023-02-11,13.3,2.4,51,19.7,0.0
2023-02-12,16.6,1.5,62,16.8,0.0
2023-02-13,21.1,5.2,72,24.7,0.4
2023-02-14,23.4,14.4,60,32.8,5.2
2023-02-15,25.8,9.3,75,34.2,0.4
2023-02-16,20.4,5.5,46,31.7,3.0
2023-02-17,10.3,1.2,47,24.6,0.0
2023-02-18,12.2,0.6,57,18.7,0.3
2023-02-19,21.2,8.2,76,15.3,0.0
2023-02-20,26.3,14.1,79,27.2,0.0
2023-02-21,27.1,15.6,80,32.2,0.0
2023-02-22,30.0,19.2,64,33.6,1.7
2023-02-23,23.7,13.9,64,25.0,0.0
2023-02-24,15.2,9.9,73,19.2,1.7
2023-02-25,22.3,8.3,80,15.0,1.3
2023-02-26,26.2,13.9,82,33.9,1.8
2023-02-27,25.1,14.5,44,34.3,0.1
2023-02-28,27.9,12.0,68,19.4,0.0
2023-03-01,31.3,19.9,80,21.9,0.7
2023-03-02,29.1,14.6,79,40.1,9.7
2023-03-03,21.5,10.3,40,34.0,0.4
2023-03-04,24.5,9.0,63,16.3,0.0
2023-03-05,25.1,10.9,72,16.8,0.0
2023-03-06,26.0,12.4,82,15.1,0.5
2023-03-07,26.1,17.3,87,18.1,1.2
2023-03-08,28.4,17.9,80,18.1,0.4
2023-03-09,28.9,16.7,77,21.4,7.5
2023-03-10,21.5,13.6,80,18.7,11.1
2023-03-11,31.0,16.4,74,28.6,0.0
2023-03-12,22.9,15.1,66,25.4,0.0
2023-03-13,19.3,10.5,46,23.3,0.0
2023-03-14,17.8,8.8,55,17.5,0.7
2023-03-15,23.9,11.2,59,29.3,0.0
2023-03-16,28.2,12.5,81,34.4,33.5
2023-03-17,14.4,6.1,46,36.4,1.8
2023-03-18,11.4,6.5,51,15.8,0.8
2023-03-19,13.6,5.4,50,12.3,0.0
2023-03-20,13.9,4.9,66,22.5,0.7
2023-03-21,22.7,11.3,92,29.1,5.5
2023-03-22,26.4,19.5,83,28.0,0.8
2023-03-23,27.3,20.5,80,38.2,0.7
2023-03-24,28.8,14.9,63,28.1,4.5
2023-03-25,25.6,12.1,35,19.9,0.0
2023-03-26,25.3,11.6,68,24.8,1.5
2023-03-27,26.2,14.8,58,23.7,0.1
2023-03-28,21.0,13.0,55,32.0,7.6
2023-03-29,20.4,11.9,59,16.7,0.5
2023-03-30,26.3,15.1,84,30.4,5.5
2023-03-31,33.2,18.4,66,39.9,0.6
2023-04-01,28.0,11.9,39,23.1,0.0
2023-04-02,30.9,15.1,66,34.8,0.8
2023-04-03,34.0,19.7,74,29.3,0.0
2023-04-04,33.1,21.8,72,33.1,0.3
2023-04-05,23.8,12.4,58,31.0,7.6
2023-04-06,13.8,9.9,81,28.8,73.7
2023-04-07,13.9,9.8,88,23.5,19.5
2023-04-08,19.8,11.4,84,16.9,0.0
2023-04-09,22.7,10.3,80,11.9,0.0
2023-04-10,21.6,12.6,83,10.8,0.2
2023-04-11,22.4,11.4,76,14.8,0.0
2023-04-12,24.7,11.4,68,13.6,0.0
2023-04-13,25.0,11.9,72,15.9,0.0
2023-04-14,27.8,15.9,81,24.5,1.2
2023-04-15,31.2,20.3,66,24.3,0.1
2023-04-16,21.9,13.4,45,24.3,0.0
2023-04-17,25.1,13.0,50,20.7,0.0
2023-04-18,25.9,16.6,76,26.1,12.0
2023-04-19,28.3,19.6,78,28.5,1.3
2023-04-20,27.2,19.4,90,19.7,52.2
2023-04-21,25.6,17.0,75,20.3,5.6
2023-04-22,26.2,13.9,63,20.1,1.5
2023-04-23,19.8,12.0,68,30.9,5.1
2023-04-24,21.3,11.6,72,16.9,0.2
2023-04-25,22.6,14.5,89,21.5,6.7
2023-04-26,25.1,17.8,91,25.0,24.8
2023-04-27,24.9,15.9,72,17.6,0.0
2023-04-28,28.6,14.5,81,32.4,6.5
2023-04-29,22.1,12.7,53,35.1,0.0
2023-04-30,29.5,10.9,52,20.5,0.0
2023-05-01,27.5,13.1,60,15.9,0.0
2023-05-02,26.5,17.7,79,14.1,0.0
2023-05-03,28.9,17.0,72,14.1,0.1
2023-05-04,28.3,17.7,83,20.9,1.9
2023-05-05,32.9,20.9,79,21.8,1.0
2023-05-06,32.8,21.7,78,24.1,0.4
2023-05-07,30.8,21.9,78,31.4,4.4
2023-05-08,30.2,19.9,82,20.3,2.3
2023-05-09,24.9,19.7,88,20.3,4.8
2023-05-10,26.5,19.2,85,13.1,6.0
2023-05-11,26.8,21.4,89,22.1,4.5
2023-05-12,30.3,20.4,87,24.2,16.9
2023-05-13,25.1,18.9,92,26.1,35.7
2023-05-14,26.8,18.6,88,14.3,1.8
2023-05-15,26.7,19.3,92,14.3,30.7
2023-05-16,26.7,19.4,88,12.0,15.0
2023-05-17,28.8,18.3,77,8.7,0.3
2023-05-18,29.7,18.7,75,11.4,0.0
2023-05-19,30.5,20.1,75,16.7,0.2
2023-05-20,26.1,20.8,81,19.9,1.5
2023-05-21,23.1,19.1,79,10.0,5.7
2023-05-22,27.1,17.4,81,8.1,0.1
2023-05-23,28.2,19.4,83,16.6,2.6
2023-05-24,30.0,19.2,79,15.8,2.5
2023-05-25,29.0,19.4,73,14.4,0.4
2023-05-26,30.0,18.9,67,14.0,0.0
2023-05-27,30.0,19.0,70,10.5,0.1
2023-05-28,28.8,20.1,71,18.3,1.2
2023-05-29,29.3,20.2,79,13.4,7.4
2023-05-30,30.1,19.3,77,17.9,0.3
2023-05-31,30.9,19.5,72,14.6,0.0
2023-06-01,31.9,20.3,70,18.2,0.3
2023-06-02,32.1,21.0,68,20.0,0.5
2023-06-03,30.6,20.1,70,13.0,0.3
2023-06-04,27.8,20.6,71,19.2,0.6
2023-06-05,28.6,19.5,80,14.0,16.5
2023-06-06,30.6,19.7,74,10.2,0.0
2023-06-07,31.5,19.5,73,13.0,0.1
2023-06-08,29.6,20.5,77,15.9,10.2
2023-06-09,35.2,21.7,66,14.5,0.0
2023-06-10,36.0,23.8,63,25.8,0.0
2023-06-11,37.1,23.8,65,26.7,0.3
2023-06-12,36.0,24.1,66,24.2,0.0
2023-06-13,36.7,25.0,66,24.8,0.3
2023-06-14,36.1,25.5,71,18.8,0.0
2023-06-15,35.8,24.8,77,21.7,9.0
2023-06-16,36.0,25.7,73,19.1,0.1
2023-06-17,35.0,25.2,76,17.9,5.7
2023-06-18,37.7,24.9,71,26.1,0.0
2023-06-19,36.9,25.4,71,18.6,0.1
2023-06-20,38.7,25.6,69,19.0,0.2
2023-06-21,37.9,25.3,74,23.1,13.6
2023-06-22,35.6,24.1,74,16.2,0.1
2023-06-23,36.1,25.0,69,20.8,0.0
2023-06-24,37.3,25.2,63,28.0,0.0
2023-06-25,37.5,25.7,64,23.3,0.0
2023-06-26,37.5,25.5,63,21.3,0.0
2023-06-27,37.3,25.1,61,17.9,0.0
2023-06-28,37.0,23.7,61,19.9,0.0
2023-06-29,36.0,25.5,61,19.2,0.0
2023-06-30,36.3,24.4,61,19.8,0.5
2023-07-01,36.3,25.2,62,20.8,0.0
2023-07-02,33.7,24.8,61,16.6,0.8
2023-07-03,35.8,26.7,56,18.3,0.0
2023-07-04,34.2,25.8,61,17.0,0.0
2023-07-05,34.7,26.1,68,29.7,3.8
2023-07-06,32.2,25.3,73,20.6,3.7
2023-07-07,33.7,23.7,70,20.0,1.2
2023-07-08,35.8,24.6,67,18.6,0.4
2023-07-09,36.8,25.4,60,20.9,0.0
2023-07-10,37.7,25.9,60,23.1,0.0
2023-07-11,38.0,26.1,61,24.2,0.0
2023-07-12,40.0,26.4,58,29.9,0.1
2023-07-13,40.1,26.0,59,24.2,0.0
2023-07-14,39.5,25.7,57,24.0,0.0
2023-07-15,39.3,26.0,53,19.8,0.0
2023-07-16,38.8,26.3,52,21.3,0.0
2023-07-17,39.8,25.8,45,20.8,0.0
2023-07-18,40.0,25.8,52,24.9,0.0
2023-07-19,39.6,26.1,54,26.0,0.0
2023-07-20,39.4,26.1,52,22.7,0.0
2023-07-21,38.6,25.6,49,18.3,0.0
2023-07-22,39.3,26.4,51,28.2,0.4
2023-07-23,37.7,25.5,50,17.1,0.3
2023-07-24,38.7,26.1,51,21.5,0.1
2023-07-25,37.6,26.3,52,20.9,0.0
2023-07-26,37.7,26.5,53,24.7,0.0
2023-07-27,37.1,25.7,51,20.2,0.0
2023-07-28,37.1,25.5,50,23.2,0.0
2023-07-29,37.2,25.3,45,18.1,0.0
2023-07-30,37.7,26.1,45,16.1,0.0
2023-07-31,39.1,27.1,42,17.7,0.0
2023-08-01,38.9,27.0,47,18.2,0.0
2023-08-02,39.1,26.7,43,22.2,0.0
2023-08-03,38.9,26.9,51,24.2,0.0
2023-08-04,40.0,26.7,49,26.2,0.0
2023-08-05,40.2,26.9,45,25.3,0.0
2023-08-06,40.2,26.4,51,24.4,0.0
2023-08-07,40.8,26.8,51,29.0,0.0
2023-08-08,40.6,26.8,53,28.6,0.0
2023-08-09,41.4,26.6,55,30.6,0.0
2023-08-10,41.2,26.4,54,24.2,0.0
2023-08-11,41.3,27.0,53,28.4,0.0
2023-08-12,41.0,27.5,53,29.1,0.0
2023-08-13,40.9,27.2,53,24.5,0.1
2023-08-14,40.3,26.3,49,20.2,0.0
2023-08-15,38.7,27.6,36,19.2,0.0
2023-08-16,39.6,26.3,28,15.7,0.0
2023-08-17,41.7,27.5,35,20.2,0.0
2023-08-18,40.9,27.0,37,17.6,0.0
2023-08-19,40.5,26.3,46,20.0,0.0
2023-08-20,40.7,27.4,41,17.4,0.0
2023-08-21,40.9,29.5,34,25.6,0.0
2023-08-22,37.6,28.3,55,28.8,0.4
2023-08-23,39.0,26.9,53,18.1,0.1
2023-08-24,39.6,27.1,44,13.4,0.0
2023-08-25,40.7,28.6,38,19.7,0.0
2023-08-26,40.4,27.9,39,17.8,0.0
2023-08-27,41.2,28.6,42,26.7,0.0
2023-08-28,38.1,26.3,44,18.6,0.0
2023-08-29,37.3,25.2,46,21.5,0.5
2023-08-30,37.4,24.6,34,18.9,0.2
2023-08-31,37.7,25.7,33,13.5,0.0
2023-09-01,37.5,24.6,40,14.3,0.0
2023-09-02,37.7,24.8,39,21.0,0.0
2023-09-03,38.2,26.4,44,19.6,0.0
2023-09-04,37.7,26.4,54,24.8,0.2
2023-09-05,39.6,27.4,54,25.0,0.0
2023-09-06,38.4,26.9,53,20.6,0.0
2023-09-07,39.0,27.3,46,19.6,0.2
2023-09-08,40.8,27.9,40,18.9,0.0
2023-09-09,38.3,26.5,50,27.7,0.2
2023-09-10,37.3,26.5,42,15.5,0.0
2023-09-11,36.6,24.8,42,15.9,0.0
2023-09-12,35.7,25.6,51,20.6,0.0
2023-09-13,30.2,24.5,71,17.3,19.9
2023-09-14,32.6,23.2,83,15.0,24.9
2023-09-15,30.1,22.8,81,16.4,1.1
2023-09-16,28.2,22.1,86,13.1,13.6
2023-09-17,30.5,21.7,70,16.2,0.2
2023-09-18,32.1,21.1,58,17.5,0.0
2023-09-19,32.3,22.9,60,21.8,0.0
2023-09-20,34.4,23.3,63,19.0,0.0
2023-09-21,34.7,24.3,66,17.1,0.1
2023-09-22,35.5,24.6,66,17.7,0.4
2023-09-23,36.7,25.9,62,20.1,0.1
2023-09-24,37.7,26.0,62,20.9,0.1
2023-09-25,33.3,25.8,73,17.7,1.3
2023-09-26,34.4,23.8,63,13.4,0.0
2023-09-27,34.3,23.4,60,17.2,0.0
2023-09-28,34.8,22.9,57,13.7,0.0
2023-09-29,34.8,23.6,58,20.9,0.0
2023-09-30,34.6,22.7,57,21.0,0.8
2023-10-01,34.0,23.0,55,17.7,1.5
2023-10-02,34.5,23.3,52,17.7,0.0
2023-10-03,32.9,22.7,66,22.4,0.0
2023-10-04,33.8,24.9,73,23.4,4.4
2023-10-05,29.2,20.9,78,20.9,24.4
2023-10-06,29.2,21.1,62,17.4,0.0
2023-10-07,23.7,17.5,41,24.6,0.0
2023-10-08,24.6,13.1,44,11.7,0.0
2023-10-09,27.8,14.2,54,21.1,0.0
2023-10-10,26.5,19.2,72,20.1,0.0
2023-10-11,24.8,18.8,84,14.5,6.2
2023-10-12,28.5,18.7,77,21.7,0.3
2023-10-13,31.3,21.0,64,22.3,1.2
2023-10-14,25.7,16.5,37,21.3,0.0
2023-10-15,22.6,13.9,43,27.2,0.0
2023-10-16,21.9,11.0,51,21.3,0.0
2023-10-17,23.4,8.5,49,11.2,0.0
2023-10-18,27.3,11.7,51,23.4,0.0
2023-10-19,30.0,16.6,53,17.0,0.0
2023-10-20,34.2,15.7,34,13.1,0.0
2023-10-21,33.1,14.9,40,16.1,0.0
2023-10-22,31.0,20.4,70,19.5,0.2
2023-10-23,29.6,22.1,81,27.1,11.6
2023-10-24,28.0,22.2,81,29.2,9.3
2023-10-25,30.8,21.9,81,27.0,5.7
2023-10-26,28.2,22.4,89,22.4,56.5
2023-10-27,28.8,21.5,88,14.8,9.2
2023-10-28,29.1,22.3,86,18.0,11.4
2023-10-29,23.5,6.7,84,32.3,19.0
2023-10-30,9.7,5.5,65,34.6,13.5
2023-10-31,14.1,6.6,50,21.7,0.9
2023-11-01,13.8,4.1,58,14.1,0.0
2023-11-02,15.9,4.2,62,10.1,0.0
2023-11-03,22.3,9.2,77,17.2,0.2
2023-11-04,24.6,12.9,82,13.1,0.0
2023-11-05,25.6,14.3,82,15.5,0.0
2023-11-06,26.7,18.4,77,25.8,0.0
2023-11-07,28.6,18.2,74,22.2,0.0
2023-11-08,28.7,19.6,80,24.1,0.3
2023-11-09,23.3,14.6,94,21.8,33.4
2023-11-10,16.5,12.8,82,24.3,4.8
2023-11-11,18.7,12.8,76,17.9,0.2
2023-11-12,16.4,13.4,84,14.8,13.4
2023-11-13,18.3,12.8,83,18.7,3.8
2023-11-14,20.4,12.3,73,13.9,0.0
2023-11-15,21.9,10.9,79,12.2,0.0
2023-11-16,19.5,9.7,86,9.4,0.0
2023-11-17,26.1,12.1,81,17.4,0.0
2023-11-18,22.0,14.0,76,15.5,0.2
2023-11-19,21.0,12.8,90,21.0,2.0
2023-11-20,26.0,16.7,75,24.0,2.9
2023-11-21,16.0,10.0,57,32.5,0.0
2023-11-22,16.9,5.5,47,15.1,0.0
2023-11-23,13.4,5.9,69,13.0,0.5
2023-11-24,17.5,5.7,77,12.0,0.0
2023-11-25,16.2,6.9,77,12.1,0.9
2023-11-26,12.7,6.8,64,28.6,0.0
2023-11-27,12.7,4.1,50,15.0,0.0
2023-11-28,14.2,7.9,49,10.2,0.0
2023-11-29,16.1,6.6,63,16.1,0.7
2023-11-30,23.8,14.2,89,31.4,5.6
2023-12-01,20.2,10.8,69,16.9,0.0
2023-12-02,21.2,8.1,65,16.6,0.0
2023-12-03,22.1,8.6,48,21.8,0.0
2023-12-04,18.5,8.5,49,14.0,0.0
2023-12-05,20.5,6.4,61,11.6,0.0
2023-12-06,19.0,6.4,59,8.7,0.0
2023-12-07,22.6,8.0,70,27.2,0.0
2023-12-08,25.4,17.0,80,25.0,0.1
2023-12-09,22.4,11.8,65,30.2,0.0
2023-12-10,14.0,5.3,33,29.0,0.0
2023-12-11,17.3,2.0,45,16.6,0.0
2023-12-12,19.8,5.6,65,18.4,0.0
2023-12-13,14.4,11.3,64,15.5,3.8
2023-12-14,19.1,9.8,61,15.7,0.0
2023-12-15,17.0,12.6,87,15.9,7.9
2023-12-16,17.4,7.3,64,25.4,0.0
2023-12-17,20.0,3.4,63,12.7,0.0
2023-12-18,19.0,8.0,60,18.6,0.0
2023-12-19,18.6,4.1,61,16.0,0.0
2023-12-20,21.7,9.3,81,23.2,0.1
2023-12-21,17.3,14.0,95,14.7,6.0
2023-12-22,21.4,13.1,91,8.8,0.7
2023-12-23,21.4,14.4,93,20.0,10.1
2023-12-24,22.8,13.4,77,20.1,12.9
2023-12-25,13.0,5.8,56,22.9,0.0
2023-12-26,14.6,3.1,63,16.9,0.0
2023-12-27,16.1,3.2,63,17.6,0.0
2023-12-28,14.4,3.0,67,16.6,0.0
2023-12-29,14.1,2.0,65,16.5,0.0
2023-12-30,18.3,2.4,58,11.5,0.0
2023-12-31,20.8,5.0,65,17.9,0.0
2024-01-01,13.1,5.4,70,21.2,0.0
2024-01-02,10.3,3.8,79,19.5,17.1
2024-01-03,12.2,6.0,83,16.2,0.0
2024-01-04,14.6,2.6,84,21.9,3.8
2024-01-05,17.3,8.1,77,17.9,0.9
2024-01-06,14.8,3.4,73,11.6,0.0
2024-01-07,16.8,3.5,72,26.6,0.0
2024-01-08,18.5,10.3,63,43.5,18.4
2024-01-09,12.5,2.5,43,33.0,0.0
2024-01-10,17.4,2.9,56,27.2,0.0
2024-01-11,21.7,7.6,84,28.5,0.0
2024-01-12,17.9,3.2,47,39.9,1.2
2024-01-13,15.9,1.8,58,23.8,0.0
2024-01-14,3.2,-6.6,57,22.1,0.8
2024-01-15,3.3,-7.8,67,25.3,1.6
2024-01-16,-0.5,-8.0,37,27.0,0.0
2024-01-17,6.7,-7.4,39,19.6,0.0
2024-01-18,20.9,1.1,69,15.3,0.0
2024-01-19,9.0,-0.6,47,30.6,0.0
2024-01-20,5.0,-3.6,40,17.5,0.0
2024-01-21,4.6,3.2,64,18.0,3.8
2024-01-22,17.6,5.5,93,16.8,26.6
2024-01-23,19.0,12.1,97,13.2,13.8
2024-01-24,16.4,11.6,94,15.1,20.2
2024-01-25,18.4,8.6,86,11.0,3.3
2024-01-26,18.8,6.2,89,14.3,0.1
2024-01-27,16.0,7.2,78,27.9,0.0
2024-01-28,17.0,3.8,72,11.2,0.0
2024-01-29,20.6,4.2,64,10.9,0.0
2024-01-30,21.2,7.3,64,11.7,0.0
2024-01-31,21.8,7.2,60,12.2,0.0
2024-02-01,21.7,8.8,73,24.9,0.0
2024-02-02,20.1,13.2,92,23.1,23.4
2024-02-03,21.8,10.8,66,21.7,24.7
2024-02-04,18.7,10.6,42,37.4,0.0
2024-02-05,17.2,10.1,65,31.6,0.0
2024-02-06,18.9,5.7,68,9.6,0.0
2024-02-07,20.7,8.2,71,29.0,0.0
2024-02-08,21.8,15.1,74,12.6,1.8
2024-02-09,23.7,15.6,84,17.7,0.5
2024-02-10,20.4,15.6,92,24.3,14.1
2024-02-11,18.6,8.2,78,24.7,14.5
2024-02-12,15.0,5.8,60,27.3,0.0
2024-02-13,18.0,4.5,66,13.7,0.0
2024-02-14,19.8,5.6,73,18.4,0.0
2024-02-15,22.4,12.9,79,14.0,0.0
2024-02-16,22.9,12.0,75,23.8,0.6
2024-02-17,11.4,4.2,53,32.9,0.0
2024-02-18,10.9,0.4,49,16.8,0.0
2024-02-19,18.5,2.0,62,23.7,0.0
2024-02-20,24.7,7.2,77,18.7,0.0
2024-02-21,24.9,14.5,82,28.6,0.0
2024-02-22,29.2,16.6,60,20.3,0.0
2024-02-23,22.8,12.9,46,20.2,0.0
2024-02-24,25.3,8.0,46,21.6,0.0
2024-02-25,28.4,13.8,63,26.8,0.0
2024-02-26,30.4,15.8,77,21.4,0.0
2024-02-27,29.9,17.6,79,23.4,0.1
2024-02-28,20.5,8.4,48,34.9,0.0
2024-02-29,11.2,6.7,51,18.5,1.5
2024-03-01,21.8,5.6,73,10.5,0.0
2024-03-02,26.3,8.4,76,19.2,0.0
2024-03-03,27.4,15.9,76,23.1,0.3
2024-03-04,29.0,18.7,75,21.2,0.5
2024-03-05,30.1,15.3,59,19.1,0.0
2024-03-06,28.6,13.2,63,18.1,0.0
2024-03-07,24.5,17.1,84,22.1,5.6
2024-03-08,26.7,11.7,65,32.3,12.7
2024-03-09,16.9,7.1,55,30.4,0.0
2024-03-10,18.1,7.1,48,11.4,0.0
2024-03-11,24.3,9.0,56,17.3,0.0
2024-03-12,25.4,12.3,76,23.4,0.2
2024-03-13,29.5,17.4,78,28.0,0.1
2024-03-14,29.3,20.8,81,31.0,2.0
2024-03-15,25.5,18.1,83,23.0,8.0
2024-03-16,23.4,17.0,87,18.5,3.5
2024-03-17,21.0,14.9,84,25.9,2.5
2024-03-18,18.5,10.3,46,24.2,0.0
2024-03-19,16.5,7.3,54,13.0,0.0
2024-03-20,19.2,7.8,73,14.8,0.0
2024-03-21,21.5,14.5,90,10.4,31.5
2024-03-22,24.6,11.9,78,27.9,0.0
2024-03-23,21.8,11.7,77,13.2,0.0
2024-03-24,22.9,14.5,75,38.4,0.6
2024-03-25,24.6,12.5,60,29.9,13.8
2024-03-26,17.5,7.9,55,16.3,0.0
2024-03-27,18.9,8.1,73,12.6,2.3
2024-03-28,23.9,8.5,74,21.7,0.0
2024-03-29,25.1,14.3,72,31.4,0.0
2024-03-30,25.6,15.9,77,26.4,0.1
2024-03-31,28.2,17.0,82,24.4,0.6
2024-04-01,29.8,20.5,80,33.6,4.7
2024-04-02,21.9,13.9,46,25.6,0.0
2024-04-03,25.2,10.6,50,19.3,0.0
2024-04-04,28.9,10.7,52,11.5,0.0
2024-04-05,28.3,14.3,44,25.6,0.0
2024-04-06,25.4,16.0,77,32.1,0.3
2024-04-07,25.4,17.9,57,21.8,0.7
2024-04-08,27.9,16.9,84,27.8,9.3
2024-04-09,27.4,18.9,87,29.6,36.5
2024-04-10,22.8,15.6,64,33.3,4.7
2024-04-11,25.8,13.8,50,18.5,0.0
2024-04-12,26.1,13.5,58,20.1,0.0
2024-04-13,27.4,15.4,70,27.2,0.0
2024-04-14,29.5,17.7,73,24.1,0.2
2024-04-15,31.1,20.5,77,31.7,0.3
2024-04-16,27.8,21.0,85,27.7,12.9
2024-04-17,27.7,21.5,85,20.3,1.2
2024-04-18,31.2,20.6,79,20.8,2.2
2024-04-19,25.8,19.5,75,21.0,0.0
2024-04-20,23.1,13.1,84,26.6,34.7
2024-04-21,20.0,10.9,68,27.7,2.1
2024-04-22,21.2,10.1,63,18.7,0.0
2024-04-23,23.9,12.6,79,22.9,0.1
2024-04-24,27.5,19.6,81,20.0,1.4
2024-04-25,28.9,19.2,82,30.9,1.9
2024-04-26,27.7,20.0,87,35.2,14.2
2024-04-27,28.7,21.6,83,40.0,2.7
2024-04-28,27.1,19.8,86,32.3,22.9
2024-04-29,30.0,19.3,76,16.0,0.6
2024-04-30,29.5,18.6,78,20.1,0.9
2024-05-01,26.5,19.8,90,23.3,20.1
2024-05-02,26.6,20.5,87,18.9,49.6
2024-05-03,26.8,20.2,87,24.3,4.1
2024-05-04,26.8,20.8,89,20.4,12.6
2024-05-05,26.6,19.9,88,17.7,24.6
2024-05-06,29.1,22.4,84,28.3,3.7
2024-05-07,30.3,22.5,83,19.0,2.1
2024-05-08,31.5,23.5,84,18.7,0.8
2024-05-09,31.0,22.1,84,30.7,6.3
2024-05-10,27.6,20.5,72,24.9,0.0
2024-05-11,26.9,18.7,72,19.6,1.8
2024-05-12,25.8,20.5,88,21.6,16.6
2024-05-13,28.9,20.6,87,19.3,5.7
2024-05-14,29.9,16.7,64,11.0,0.0
2024-05-15,31.1,18.1,69,17.6,0.0
2024-05-16,29.2,18.2,81,25.6,26.0
2024-05-17,27.8,16.4,79,18.6,0.0
2024-05-18,31.4,18.6,78,13.8,0.0
2024-05-19,31.3,21.9,77,18.3,0.3
2024-05-20,32.2,20.3,72,20.5,0.2
2024-05-21,33.7,23.0,77,24.9,0.9
2024-05-22,33.8,22.5,82,27.0,25.8
2024-05-23,32.0,23.4,86,24.7,26.7
2024-05-24,34.8,24.0,78,23.7,0.2
2024-05-25,35.1,23.5,73,23.5,0.1
2024-05-26,33.6,24.4,81,18.9,1.4
2024-05-27,33.6,24.1,79,13.8,0.3
2024-05-28,30.4,22.0,80,27.6,14.3
2024-05-29,30.7,21.4,77,15.5,0.6
2024-05-30,31.0,22.3,87,19.1,17.4
2024-05-31,30.2,21.5,85,18.8,5.0
2024-06-01,30.6,20.7,85,17.1,1.2
2024-06-02,29.9,23.9,87,28.1,5.5
2024-06-03,34.1,22.5,80,29.9,10.6
2024-06-04,35.7,23.6,80,29.7,15.1
2024-06-05,32.1,21.9,85,16.6,23.0
2024-06-06,32.6,22.0,77,10.8,0.0
2024-06-07,32.7,22.0,73,14.0,0.0
2024-06-08,33.6,22.9,68,19.3,0.0
2024-06-09,33.2,22.8,70,15.2,0.0
2024-06-10,31.7,23.9,77,20.7,2.7
2024-06-11,32.6,22.6,80,12.5,7.0
2024-06-12,30.7,22.5,81,13.4,21.7
2024-06-13,32.2,23.1,78,11.2,0.5
2024-06-14,33.3,23.5,68,11.7,0.0
2024-06-15,33.4,23.0,64,19.4,0.0
2024-06-16,34.6,24.1,64,23.3,0.2
2024-06-17,34.2,25.0,70,29.0,2.8
2024-06-18,34.1,24.3,68,24.7,1.1
2024-06-19,28.1,23.3,84,25.6,39.3
2024-06-20,30.8,23.4,83,24.0,14.1
2024-06-21,30.9,23.1,82,14.5,1.0
2024-06-22,32.2,22.6,76,11.8,0.2
2024-06-23,32.9,21.9,71,8.6,0.0
2024-06-24,33.6,24.2,77,15.6,0.7
2024-06-25,34.8,25.1,71,18.4,0.0
2024-06-26,35.0,25.8,69,17.4,0.0
2024-06-27,35.8,25.7,67,11.4,0.0
2024-06-28,36.3,25.8,65,18.7,0.0
2024-06-29,36.9,26.8,65,24.2,0.6
2024-06-30,35.7,25.7,64,17.7,0.3
2024-07-01,36.2,24.9,59,15.8,0.0
2024-07-02,37.4,25.6,53,21.4,0.0
2024-07-03,36.7,25.7,59,23.2,0.0
2024-07-04,37.2,26.3,60,20.5,0.0
2024-07-05,36.1,25.4,62,24.5,0.1
2024-07-06,35.3,24.2,70,16.6,27.9
2024-07-07,35.2,24.7,74,20.9,1.3
2024-07-08,33.4,25.3,65,30.8,0.7
2024-07-09,35.1,23.8,59,14.2,0.1
2024-07-10,35.1,24.7,56,15.9,0.0
2024-07-11,34.5,23.5,59,19.7,0.0
2024-07-12,32.0,24.3,77,17.1,3.6
2024-07-13,31.8,22.9,83,15.2,1.0
2024-07-14,31.9,23.5,77,16.8,0.0
2024-07-15,34.3,24.0,69,18.7,0.0
2024-07-16,35.3,23.4,60,26.4,0.0
2024-07-17,35.8,24.4,62,20.5,0.0
2024-07-18,34.7,24.0,68,14.2,11.7
2024-07-19,33.5,24.3,66,16.6,1.4
2024-07-20,34.5,23.7,59,19.2,0.1
2024-07-21,35.5,24.5,73,17.3,4.9
2024-07-22,30.9,23.8,84,12.6,10.0
2024-07-23,29.6,22.6,86,11.6,16.7
2024-07-24,30.3,22.1,83,10.3,0.9
2024-07-25,30.1,21.9,84,12.7,15.4
2024-07-26,28.4,22.0,85,10.6,3.7
2024-07-27,29.9,22.4,81,22.3,1.6
2024-07-28,31.3,22.8,83,21.2,7.3
2024-07-29,32.9,24.7,76,22.1,1.1
2024-07-30,34.2,24.6,72,24.7,0.3
2024-07-31,34.5,25.1,68,25.3,0.0
2024-08-01,35.1,23.0,68,18.5,0.1
2024-08-02,35.9,24.5,66,13.1,0.0
2024-08-03,36.4,25.1,68,10.6,0.0
2024-08-04,35.9,24.7,68,14.9,6.3
2024-08-05,35.3,24.4,61,10.6,0.2
2024-08-06,36.0,24.9,53,14.4,0.0
2024-08-07,37.6,25.5,55,16.3,0.0
2024-08-08,36.9,25.5,55,13.5,0.0
2024-08-09,33.9,25.5,68,17.5,17.8
2024-08-10,34.4,24.8,69,14.4,0.9
2024-08-11,36.5,25.6,58,22.4,0.0
2024-08-12,36.7,25.1,61,17.4,0.3
2024-08-13,36.7,26.0,61,18.6,0.3
2024-08-14,36.6,25.9,59,20.1,0.3
2024-08-15,37.2,26.3,58,19.0,0.0
2024-08-16,37.6,26.4,55,18.2,0.0
2024-08-17,37.0,26.5,56,15.5,0.0
2024-08-18,37.1,27.5,52,13.3,0.0
2024-08-19,38.3,25.9,47,13.9,0.0
2024-08-20,39.5,26.8,41,14.3,0.0
2024-08-21,40.5,27.1,43,18.7,0.0
2024-08-22,38.8,28.1,50,21.4,0.2
2024-08-23,35.0,27.7,61,18.4,1.1
2024-08-24,36.1,26.3,55,19.0,0.0
2024-08-25,35.8,24.9,56,16.9,0.5
2024-08-26,31.9,24.7,64,25.2,4.0
2024-08-27,31.7,22.7,75,17.7,3.9
2024-08-28,31.7,22.6,80,15.5,3.0
2024-08-29,32.5,23.0,78,18.3,1.0
2024-08-30,33.1,23.8,72,15.0,0.7
2024-08-31,33.4,23.8,66,16.7,1.3
2024-09-01,33.0,24.6,67,21.5,0.9
2024-09-02,30.7,23.5,83,20.9,24.9
2024-09-03,29.4,23.8,87,17.0,32.6
2024-09-04,28.9,23.2,82,21.3,12.2
2024-09-05,29.6,22.5,81,24.1,9.7
2024-09-06,31.0,22.7,72,29.8,0.2
2024-09-07,29.2,21.9,57,29.3,0.0
2024-09-08,27.4,18.3,48,24.3,0.0
2024-09-09,28.5,16.2,44,17.7,0.0
2024-09-10,31.9,19.3,48,17.8,0.0
2024-09-11,31.8,21.4,67,17.6,0.0
2024-09-12,33.1,20.6,67,18.4,0.0
2024-09-13,34.9,21.3,63,13.6,0.0
2024-09-14,35.1,24.7,62,14.9,0.0
2024-09-15,34.4,26.0,60,19.7,0.2
2024-09-16,34.1,23.9,60,12.2,0.0
2024-09-17,33.9,23.5,62,13.6,1.3
2024-09-18,35.4,24.2,61,18.0,0.0
2024-09-19,35.6,25.0,64,17.1,0.0
2024-09-20,35.6,25.0,63,14.6,0.0
2024-09-21,35.8,23.9,59,19.1,0.0
2024-09-22,34.3,24.5,63,21.7,1.0
2024-09-23,32.6,25.2,64,16.3,0.0
2024-09-24,33.0,22.6,69,21.0,3.2
2024-09-25,33.1,23.2,63,28.0,0.1
2024-09-26,29.8,20.0,48,19.9,0.0
2024-09-27,32.1,18.2,49,16.2,0.0
2024-09-28,32.9,18.7,47,15.5,0.0
2024-09-29,32.5,18.7,46,14.8,0.0
2024-09-30,32.9,19.5,51,9.7,0.0
2024-10-01,34.0,20.0,49,17.2,0.0
2024-10-02,32.3,20.9,48,11.5,0.0
2024-10-03,33.1,20.8,51,12.9,0.0
2024-10-04,33.0,20.4,44,19.6,0.0
2024-10-05,33.2,21.9,51,14.6,0.0
2024-10-06,32.9,21.1,56,16.3,0.0
2024-10-07,33.4,21.2,44,17.7,0.0
2024-10-08,32.6,20.9,45,17.0,0.0
2024-10-09,32.0,17.4,38,8.7,0.0
2024-10-10,33.8,19.2,38,10.9,0.0
2024-10-11,33.4,18.1,45,16.3,0.0
2024-10-12,34.8,18.4,47,18.4,0.0
2024-10-13,37.5,21.0,43,18.6,0.0
2024-10-14,34.5,20.6,31,14.4,0.0
2024-10-15,35.8,19.7,34,11.1,0.0
2024-10-16,25.8,15.7,31,27.6,0.0
2024-10-17,24.9,12.2,32,19.0,0.0
2024-10-18,28.1,14.1,54,21.5,0.1
2024-10-19,29.1,17.1,57,16.8,0.0
2024-10-20,29.0,16.1,55,12.4,0.0
2024-10-21,29.7,15.5,58,15.5,0.0
2024-10-22,30.8,18.7,69,15.0,0.2
2024-10-23,31.2,18.3,65,12.8,0.0
2024-10-24,31.1,20.1,66,18.9,0.3
2024-10-25,31.7,20.4,64,17.6,0.1
2024-10-26,32.3,19.2,57,12.9,0.0
2024-10-27,32.6,20.0,57,19.0,0.0
2024-10-28,31.6,19.4,61,28.2,0.3
2024-10-29,31.4,22.4,67,32.5,1.0
2024-10-30,31.6,23.0,69,28.8,1.4
2024-10-31,28.2,21.6,64,19.1,0.5
2024-11-01,28.6,20.1,71,18.4,0.3
2024-11-02,29.4,20.6,77,25.7,0.8
2024-11-03,30.9,22.2,71,33.7,0.6
2024-11-04,30.9,19.9,76,36.8,18.3
2024-11-05,21.4,13.2,64,23.6,7.1
2024-11-06,24.5,9.8,64,11.7,0.0
2024-11-07,28.1,19.8,81,16.0,8.8
2024-11-08,28.9,18.1,80,22.7,3.1
2024-11-09,23.2,14.6,51,16.6,0.0
2024-11-10,27.5,16.7,56,11.1,0.0
2024-11-11,26.0,15.2,64,10.5,0.0
2024-11-12,26.7,13.5,66,14.1,0.0
2024-11-13,28.1,15.7,61,17.0,0.0
2024-11-14,22.3,10.8,50,15.4,0.0
2024-11-15,23.2,7.2,50,14.4,0.0
2024-11-16,27.0,12.1,70,18.4,0.0
2024-11-17,29.3,17.4,78,25.1,2.2
2024-11-18,24.8,15.6,68,27.8,17.3
2024-11-19,25.5,10.9,53,13.4,0.0
2024-11-20,18.1,10.1,47,19.4,0.0
2024-11-21,20.5,4.2,54,7.8,0.0
2024-11-22,22.2,7.1,53,8.6,0.0
2024-11-23,23.6,6.9,56,15.6,0.0
2024-11-24,26.7,15.5,71,24.1,0.0
2024-11-25,26.5,10.1,68,18.6,0.0
2024-11-26,17.3,6.7,64,16.6,0.0
2024-11-27,25.2,13.9,70,21.0,0.0
2024-11-28,16.4,8.2,51,20.2,0.0
2024-11-29,13.4,4.4,50,14.8,0.0
2024-11-30,17.1,4.7,63,8.3,0.0
2024-12-01,18.3,7.6,74,8.1,0.0
2024-12-02,18.7,6.8,61,10.7,0.0
2024-12-03,16.5,8.2,59,10.5,0.9
2024-12-04,17.8,12.1,85,9.6,4.8
2024-12-05,16.3,10.3,75,18.1,0.0
2024-12-06,10.8,5.6,59,14.3,1.4
2024-12-07,9.0,6.5,86,11.6,12.0
2024-12-08,17.4,8.5,88,14.3,0.8
2024-12-09,26.6,9.1,71,12.0,0.0
2024-12-10,14.2,6.5,65,24.4,0.0
2024-12-11,15.8,2.7,53,15.1,0.0
2024-12-12,16.9,2.1,58,17.3,0.0
2024-12-13,21.0,13.3,87,18.8,3.6
2024-12-14,26.1,18.3,87,15.0,3.1
2024-12-15,25.1,18.7,89,22.4,4.1
2024-12-16,25.3,19.5,84,17.9,2.6
2024-12-17,25.5,17.1,81,17.0,0.1
2024-12-18,19.2,10.2,71,20.6,2.8
2024-12-19,17.1,5.1,64,11.4,0.0
2024-12-20,17.4,7.7,64,14.8,0.0
2024-12-21,15.3,2.6,60,9.2,0.0
2024-12-22,19.9,6.1,67,18.5,0.0
2024-12-23,24.4,12.9,75,23.6,0.2
2024-12-24,25.4,15.2,81,19.1,11.2
2024-12-25,17.4,13.6,84,10.8,0.2
2024-12-26,23.7,12.5,78,20.5,12.0
2024-12-27,25.5,6.9,74,12.0,0.0
2024-12-28,24.7,14.1,70,19.8,6.1
2024-12-29,21.5,9.2,63,12.3,0.0
2024-12-30,26.9,11.2,56,14.3,0.0
2024-12-31,17.3,9.4,52,18.4,0.0
