acq_date,fire_count,avg_brightness,avg_confidence,avg_frp,label
2000-01-01,0,0.0,0.0,0.0,0
2000-01-02,0,0.0,0.0,0.0,0
2000-01-03,0,0.0,0.0,0.0,0
2000-01-04,0,0.0,0.0,0.0,0
2000-01-05,0,0.0,0.0,0.0,0
2000-01-06,0,0.0,0.0,0.0,0
2000-01-07,0,0.0,0.0,0.0,0
2000-01-08,0,0.0,0.0,0.0,0
2000-01-09,0,0.0,0.0,0.0,0
2000-01-10,0,0.0,0.0,0.0,0
2000-01-11,0,0.0,0.0,0.0,0
2000-01-12,0,0.0,0.0,0.0,0
2000-01-13,0,0.0,0.0,0.0,0
2000-01-14,0,0.0,0.0,0.0,0
2000-01-15,0,0.0,0.0,0.0,0
2000-01-16,0,0.0,0.0,0.0,0
2000-01-17,0,0.0,0.0,0.0,0
2000-01-18,0,0.0,0.0,0.0,0
2000-01-19,0,0.0,0.0,0.0,0
2000-01-20,0,0.0,0.0,0.0,0
2000-01-21,0,0.0,0.0,0.0,0
2000-01-22,0,0.0,0.0,0.0,0
2000-01-23,0,0.0,0.0,0.0,0
2000-01-24,0,0.0,0.0,0.0,0
2000-01-25,0,0.0,0.0,0.0,0
2000-01-26,0,0.0,0.0,0.0,0
2000-01-27,0,0.0,0.0,0.0,0
2000-01-28,0,0.0,0.0,0.0,0
2000-01-29,0,0.0,0.0,0.0,0
2000-01-30,0,0.0,0.0,0.0,0
2000-01-31,0,0.0,0.0,0.0,0
2000-02-01,0,0.0,0.0,0.0,0
2000-02-02,0,0.0,0.0,0.0,0
2000-02-03,0,0.0,0.0,0.0,0
2000-02-04,0,0.0,0.0,0.0,0
2000-02-05,0,0.0,0.0,0.0,0
2000-02-06,0,0.0,0.0,0.0,0
2000-02-07,0,0.0,0.0,0.0,0
2000-02-08,0,0.0,0.0,0.0,0
2000-02-09,0,0.0,0.0,0.0,0
2000-02-10,0,0.0,0.0,0.0,0
2000-02-11,0,0.0,0.0,0.0,0
2000-02-12,0,0.0,0.0,0.0,0
2000-02-13,0,0.0,0.0,0.0,0
2000-02-14,0,0.0,0.0,0.0,0
2000-02-15,0,0.0,0.0,0.0,0
2000-02-16,0,0.0,0.0,0.0,0
2000-02-17,0,0.0,0.0,0.0,0
2000-02-18,0,0.0,0.0,0.0,0
2000-02-19,0,0.0,0.0,0.0,0
2000-02-20,0,0.0,0.0,0.0,0
2000-02-21,0,0.0,0.0,0.0,0
2000-02-22,0,0.0,0.0,0.0,0
2000-02-23,0,0.0,0.0,0.0,0
2000-02-24,0,0.0,0.0,0.0,0
2000-02-25,0,0.0,0.0,0.0,0
2000-02-26,0,0.0,0.0,0.0,0
2000-02-27,0,0.0,0.0,0.0,0
2000-02-28,0,0.0,0.0,0.0,0
2000-02-29,0,0.0,0.0,0.0,0
2000-03-01,0,0.0,0.0,0.0,0
2000-03-02,0,0.0,0.0,0.0,0
2000-03-03,0,0.0,0.0,0.0,0
2000-03-04,0,0.0,0.0,0.0,0
2000-03-05,0,0.0,0.0,0.0,0
2000-03-06,0,0.0,0.0,0.0,0
2000-03-07,0,0.0,0.0,0.0,0
2000-03-08,0,0.0,0.0,0.0,0
2000-03-09,0,0.0,0.0,0.0,0
2000-03-10,0,0.0,0.0,0.0,0
2000-03-11,0,0.0,0.0,0.0,0
2000-03-12,0,0.0,0.0,0.0,0
2000-03-13,0,0.0,0.0,0.0,0
2000-03-14,0,0.0,0.0,0.0,0
2000-03-15,0,0.0,0.0,0.0,0
2000-03-16,0,0.0,0.0,0.0,0
2000-03-17,0,0.0,0.0,0.0,0
2000-03-18,0,0.0,0.0,0.0,0
2000-03-19,0,0.0,0.0,0.0,0
2000-03-20,0,0.0,0.0,0.0,0
2000-03-21,0,0.0,0.0,0.0,0
2000-03-22,0,0.0,0.0,0.0,0
2000-03-23,0,0.0,0.0,0.0,0
2000-03-24,0,0.0,0.0,0.0,0
2000-03-25,0,0.0,0.0,0.0,0
2000-03-26,0,0.0,0.0,0.0,0
2000-03-27,0,0.0,0.0,0.0,0
2000-03-28,0,0.0,0.0,0.0,0
2000-03-29,0,0.0,0.0,0.0,0
2000-03-30,0,0.0,0.0,0.0,0
2000-03-31,0,0.0,0.0,0.0,0
2000-04-01,0,0.0,0.0,0.0,0
2000-04-02,0,0.0,0.0,0.0,0
2000-04-03,0,0.0,0.0,0.0,0
2000-04-04,0,0.0,0.0,0.0,0
2000-04-05,0,0.0,0.0,0.0,0
2000-04-06,0,0.0,0.0,0.0,0
2000-04-07,0,0.0,0.0,0.0,0
2000-04-08,0,0.0,0.0,0.0,0
2000-04-09,0,0.0,0.0,0.0,0
2000-04-10,0,0.0,0.0,0.0,0
2000-04-11,0,0.0,0.0,0.0,0
2000-04-12,0,0.0,0.0,0.0,0
2000-04-13,0,0.0,0.0,0.0,0
2000-04-14,0,0.0,0.0,0.0,0
2000-04-15,0,0.0,0.0,0.0,0
2000-04-16,0,0.0,0.0,0.0,0
2000-04-17,0,0.0,0.0,0.0,0
2000-04-18,0,0.0,0.0,0.0,0
2000-04-19,0,0.0,0.0,0.0,0
2000-04-20,0,0.0,0.0,0.0,0
2000-04-21,0,0.0,0.0,0.0,0
2000-04-22,0,0.0,0.0,0.0,0
2000-04-23,0,0.0,0.0,0.0,0
2000-04-24,0,0.0,0.0,0.0,0
2000-04-25,0,0.0,0.0,0.0,0
2000-04-26,0,0.0,0.0,0.0,0
2000-04-27,0,0.0,0.0,0.0,0
2000-04-28,0,0.0,0.0,0.0,0
2000-04-29,0,0.0,0.0,0.0,0
2000-04-30,0,0.0,0.0,0.0,0
2000-05-01,0,0.0,0.0,0.0,0
2000-05-02,0,0.0,0.0,0.0,0
2000-05-03,0,0.0,0.0,0.0,0
2000-05-04,0,0.0,0.0,0.0,0
2000-05-05,0,0.0,0.0,0.0,0
2000-05-06,0,0.0,0.0,0.0,0
2000-05-07,0,0.0,0.0,0.0,0
2000-05-08,0,0.0,0.0,0.0,0
2000-05-09,0,0.0,0.0,0.0,0
2000-05-10,0,0.0,0.0,0.0,0
2000-05-11,0,0.0,0.0,0.0,0
2000-05-12,0,0.0,0.0,0.0,0
2000-05-13,0,0.0,0.0,0.0,0
2000-05-14,0,0.0,0.0,0.0,0
2000-05-15,0,0.0,0.0,0.0,0
2000-05-16,0,0.0,0.0,0.0,0
2000-05-17,0,0.0,0.0,0.0,0
2000-05-18,0,0.0,0.0,0.0,0
2000-05-19,0,0.0,0.0,0.0,0
2000-05-20,0,0.0,0.0,0.0,0
2000-05-21,0,0.0,0.0,0.0,0
2000-05-22,0,0.0,0.0,0.0,0
2000-05-23,0,0.0,0.0,0.0,0
2000-05-24,0,0.0,0.0,0.0,0
2000-05-25,0,0.0,0.0,0.0,0
2000-05-26,0,0.0,0.0,0.0,0
2000-05-27,0,0.0,0.0,0.0,0
2000-05-28,0,0.0,0.0,0.0,0
2000-05-29,0,0.0,0.0,0.0,0
2000-05-30,0,0.0,0.0,0.0,0
2000-05-31,0,0.0,0.0,0.0,0
2000-06-01,0,0.0,0.0,0.0,0
2000-06-02,0,0.0,0.0,0.0,0
2000-06-03,0,0.0,0.0,0.0,0
2000-06-04,0,0.0,0.0,0.0,0
2000-06-05,0,0.0,0.0,0.0,0
2000-06-06,0,0.0,0.0,0.0,0
2000-06-07,0,0.0,0.0,0.0,0
2000-06-08,0,0.0,0.0,0.0,0
2000-06-09,0,0.0,0.0,0.0,0
2000-06-10,0,0.0,0.0,0.0,0
2000-06-11,0,0.0,0.0,0.0,0
2000-06-12,0,0.0,0.0,0.0,0
2000-06-13,0,0.0,0.0,0.0,0
2000-06-14,0,0.0,0.0,0.0,0
2000-06-15,0,0.0,0.0,0.0,0
2000-06-16,0,0.0,0.0,0.0,0
2000-06-17,0,0.0,0.0,0.0,0
2000-06-18,0,0.0,0.0,0.0,0
2000-06-19,0,0.0,0.0,0.0,0
2000-06-20,0,0.0,0.0,0.0,0
2000-06-21,0,0.0,0.0,0.0,0
2000-06-22,0,0.0,0.0,0.0,0
2000-06-23,0,0.0,0.0,0.0,0
2000-06-24,0,0.0,0.0,0.0,0
2000-06-25,0,0.0,0.0,0.0,0
2000-06-26,0,0.0,0.0,0.0,0
2000-06-27,0,0.0,0.0,0.0,0
2000-06-28,0,0.0,0.0,0.0,0
2000-06-29,0,0.0,0.0,0.0,0
2000-06-30,0,0.0,0.0,0.0,0
2000-07-01,0,0.0,0.0,0.0,0
2000-07-02,0,0.0,0.0,0.0,0
2000-07-03,0,0.0,0.0,0.0,0
2000-07-04,0,0.0,0.0,0.0,0
2000-07-05,0,0.0,0.0,0.0,0
2000-07-06,0,0.0,0.0,0.0,0
2000-07-07,0,0.0,0.0,0.0,0
2000-07-08,0,0.0,0.0,0.0,0
2000-07-09,0,0.0,0.0,0.0,0
2000-07-10,0,0.0,0.0,0.0,0
2000-07-11,0,0.0,0.0,0.0,0
2000-07-12,0,0.0,0.0,0.0,0
2000-07-13,0,0.0,0.0,0.0,0
2000-07-14,0,0.0,0.0,0.0,0
2000-07-15,0,0.0,0.0,0.0,0
2000-07-16,0,0.0,0.0,0.0,0
2000-07-17,0,0.0,0.0,0.0,0
2000-07-18,0,0.0,0.0,0.0,0
2000-07-19,0,0.0,0.0,0.0,0
2000-07-20,0,0.0,0.0,0.0,0
2000-07-21,0,0.0,0.0,0.0,0
2000-07-22,0,0.0,0.0,0.0,0
2000-07-23,0,0.0,0.0,0.0,0
2000-07-24,0,0.0,0.0,0.0,0
2000-07-25,0,0.0,0.0,0.0,0
2000-07-26,0,0.0,0.0,0.0,0
2000-07-27,0,0.0,0.0,0.0,0
2000-07-28,0,0.0,0.0,0.0,0
2000-07-29,0,0.0,0.0,0.0,0
2000-07-30,0,0.0,0.0,0.0,0
2000-07-31,0,0.0,0.0,0.0,0
2000-08-01,0,0.0,0.0,0.0,0
2000-08-02,0,0.0,0.0,0.0,0
2000-08-03,0,0.0,0.0,0.0,0
2000-08-04,0,0.0,0.0,0.0,0
2000-08-05,0,0.0,0.0,0.0,0
2000-08-06,0,0.0,0.0,0.0,0
2000-08-07,0,0.0,0.0,0.0,0
2000-08-08,0,0.0,0.0,0.0,0
2000-08-09,0,0.0,0.0,0.0,0
2000-08-10,0,0.0,0.0,0.0,0
2000-08-11,0,0.0,0.0,0.0,0
2000-08-12,0,0.0,0.0,0.0,0
2000-08-13,0,0.0,0.0,0.0,0
2000-08-14,0,0.0,0.0,0.0,0
2000-08-15,0,0.0,0.0,0.0,0
2000-08-16,0,0.0,0.0,0.0,0
2000-08-17,0,0.0,0.0,0.0,0
2000-08-18,0,0.0,0.0,0.0,0
2000-08-19,0,0.0,0.0,0.0,0
2000-08-20,0,0.0,0.0,0.0,0
2000-08-21,0,0.0,0.0,0.0,0
2000-08-22,0,0.0,0.0,0.0,0
2000-08-23,0,0.0,0.0,0.0,0
2000-08-24,0,0.0,0.0,0.0,0
2000-08-25,0,0.0,0.0,0.0,0
2000-08-26,0,0.0,0.0,0.0,0
2000-08-27,0,0.0,0.0,0.0,0
2000-08-28,0,0.0,0.0,0.0,0
2000-08-29,0,0.0,0.0,0.0,0
2000-08-30,0,0.0,0.0,0.0,0
2000-08-31,0,0.0,0.0,0.0,0
2000-09-01,0,0.0,0.0,0.0,0
2000-09-02,0,0.0,0.0,0.0,0
2000-09-03,0,0.0,0.0,0.0,0
2000-09-04,0,0.0,0.0,0.0,0
2000-09-05,0,0.0,0.0,0.0,0
2000-09-06,0,0.0,0.0,0.0,0
2000-09-07,0,0.0,0.0,0.0,0
2000-09-08,0,0.0,0.0,0.0,0
2000-09-09,0,0.0,0.0,0.0,0
2000-09-10,0,0.0,0.0,0.0,0
2000-09-11,0,0.0,0.0,0.0,0
2000-09-12,0,0.0,0.0,0.0,0
2000-09-13,0,0.0,0.0,0.0,0
2000-09-14,0,0.0,0.0,0.0,0
2000-09-15,0,0.0,0.0,0.0,0
2000-09-16,0,0.0,0.0,0.0,0
2000-09-17,0,0.0,0.0,0.0,0
2000-09-18,0,0.0,0.0,0.0,0
2000-09-19,0,0.0,0.0,0.0,0
2000-09-20,0,0.0,0.0,0.0,0
2000-09-21,0,0.0,0.0,0.0,0
2000-09-22,0,0.0,0.0,0.0,0
2000-09-23,0,0.0,0.0,0.0,0
2000-09-24,0,0.0,0.0,0.0,0
2000-09-25,0,0.0,0.0,0.0,0
2000-09-26,0,0.0,0.0,0.0,0
2000-09-27,0,0.0,0.0,0.0,0
2000-09-28,0,0.0,0.0,0.0,0
2000-09-29,0,0.0,0.0,0.0,0
2000-09-30,0,0.0,0.0,0.0,0
2000-10-01,0,0.0,0.0,0.0,0
2000-10-02,0,0.0,0.0,0.0,0
2000-10-03,0,0.0,0.0,0.0,0
2000-10-04,0,0.0,0.0,0.0,0
2000-10-05,0,0.0,0.0,0.0,0
2000-10-06,0,0.0,0.0,0.0,0
2000-10-07,0,0.0,0.0,0.0,0
2000-10-08,0,0.0,0.0,0.0,0
2000-10-09,0,0.0,0.0,0.0,0
2000-10-10,0,0.0,0.0,0.0,0
2000-10-11,0,0.0,0.0,0.0,0
2000-10-12,0,0.0,0.0,0.0,0
2000-10-13,0,0.0,0.0,0.0,0
2000-10-14,0,0.0,0.0,0.0,0
2000-10-15,0,0.0,0.0,0.0,0
2000-10-16,0,0.0,0.0,0.0,0
2000-10-17,0,0.0,0.0,0.0,0
2000-10-18,0,0.0,0.0,0.0,0
2000-10-19,0,0.0,0.0,0.0,0
2000-10-20,0,0.0,0.0,0.0,0
2000-10-21,0,0.0,0.0,0.0,0
2000-10-22,0,0.0,0.0,0.0,0
2000-10-23,0,0.0,0.0,0.0,0
2000-10-24,0,0.0,0.0,0.0,0
2000-10-25,0,0.0,0.0,0.0,0
2000-10-26,0,0.0,0.0,0.0,0
2000-10-27,0,0.0,0.0,0.0,0
2000-10-28,0,0.0,0.0,0.0,0
2000-10-29,0,0.0,0.0,0.0,0
2000-10-30,0,0.0,0.0,0.0,0
2000-10-31,0,0.0,0.0,0.0,0
2000-11-01,0,0.0,0.0,0.0,0
2000-11-02,0,0.0,0.0,0.0,0
2000-11-03,0,0.0,0.0,0.0,0
2000-11-04,0,0.0,0.0,0.0,0
2000-11-05,0,0.0,0.0,0.0,0
2000-11-06,0,0.0,0.0,0.0,0
2000-11-07,0,0.0,0.0,0.0,0
2000-11-08,0,0.0,0.0,0.0,0
2000-11-09,3,306.6666666666667,46.666666666666664,10.1,1
2000-11-10,2,302.05,47.0,14.100000000000001,1
2000-11-11,0,0.0,0.0,0.0,0
2000-11-12,0,0.0,0.0,0.0,0
2000-11-13,0,0.0,0.0,0.0,0
2000-11-14,4,310.125,64.25,10.924999999999999,1
2000-11-15,0,0.0,0.0,0.0,0
2000-11-16,0,0.0,0.0,0.0,0
2000-11-17,0,0.0,0.0,0.0,0
2000-11-18,0,0.0,0.0,0.0,0
2000-11-19,0,0.0,0.0,0.0,0
2000-11-20,0,0.0,0.0,0.0,0
2000-11-21,0,0.0,0.0,0.0,0
2000-11-22,0,0.0,0.0,0.0,0
2000-11-23,0,0.0,0.0,0.0,0
2000-11-24,0,0.0,0.0,0.0,0
2000-11-25,0,0.0,0.0,0.0,0
2000-11-26,0,0.0,0.0,0.0,0
2000-11-27,0,0.0,0.0,0.0,0
2000-11-28,0,0.0,0.0,0.0,0
2000-11-29,0,0.0,0.0,0.0,0
2000-11-30,1,300.2,32.0,3.3,1
2000-12-01,0,0.0,0.0,0.0,0
2000-12-02,0,0.0,0.0,0.0,0
2000-12-03,0,0.0,0.0,0.0,0
2000-12-04,0,0.0,0.0,0.0,0
2000-12-05,0,0.0,0.0,0.0,0
2000-12-06,0,0.0,0.0,0.0,0
2000-12-07,2,310.0,29.0,13.75,1
2000-12-08,0,0.0,0.0,0.0,0
2000-12-09,0,0.0,0.0,0.0,0
2000-12-10,0,0.0,0.0,0.0,0
2000-12-11,0,0.0,0.0,0.0,0
2000-12-12,0,0.0,0.0,0.0,0
2000-12-13,0,0.0,0.0,0.0,0
2000-12-14,0,0.0,0.0,0.0,0
2000-12-15,0,0.0,0.0,0.0,0
2000-12-16,0,0.0,0.0,0.0,0
2000-12-17,0,0.0,0.0,0.0,0
2000-12-18,1,304.0,58.0,7.7,1
2000-12-19,0,0.0,0.0,0.0,0
2000-12-20,0,0.0,0.0,0.0,0
2000-12-21,0,0.0,0.0,0.0,0
2000-12-22,0,0.0,0.0,0.0,0
2000-12-23,0,0.0,0.0,0.0,0
2000-12-24,0,0.0,0.0,0.0,0
2000-12-25,0,0.0,0.0,0.0,0
2000-12-26,0,0.0,0.0,0.0,0
2000-12-27,0,0.0,0.0,0.0,0
2000-12-28,0,0.0,0.0,0.0,0
2000-12-29,0,0.0,0.0,0.0,0
2000-12-30,0,0.0,0.0,0.0,0
2000-12-31,0,0.0,0.0,0.0,0
2001-01-01,0,0.0,0.0,0.0,0
2001-01-02,0,0.0,0.0,0.0,0
2001-01-03,0,0.0,0.0,0.0,0
2001-01-04,0,0.0,0.0,0.0,0
2001-01-05,0,0.0,0.0,0.0,0
2001-01-06,0,0.0,0.0,0.0,0
2001-01-07,0,0.0,0.0,0.0,0
2001-01-08,0,0.0,0.0,0.0,0
2001-01-09,0,0.0,0.0,0.0,0
2001-01-10,0,0.0,0.0,0.0,0
2001-01-11,0,0.0,0.0,0.0,0
2001-01-12,0,0.0,0.0,0.0,0
2001-01-13,0,0.0,0.0,0.0,0
2001-01-14,0,0.0,0.0,0.0,0
2001-01-15,0,0.0,0.0,0.0,0
2001-01-16,0,0.0,0.0,0.0,0
2001-01-17,0,0.0,0.0,0.0,0
2001-01-18,0,0.0,0.0,0.0,0
2001-01-19,0,0.0,0.0,0.0,0
2001-01-20,0,0.0,0.0,0.0,0
2001-01-21,0,0.0,0.0,0.0,0
2001-01-22,0,0.0,0.0,0.0,0
2001-01-23,0,0.0,0.0,0.0,0
2001-01-24,0,0.0,0.0,0.0,0
2001-01-25,0,0.0,0.0,0.0,0
2001-01-26,0,0.0,0.0,0.0,0
2001-01-27,0,0.0,0.0,0.0,0
2001-01-28,0,0.0,0.0,0.0,0
2001-01-29,0,0.0,0.0,0.0,0
2001-01-30,2,304.45,58.0,11.85,1
2001-01-31,0,0.0,0.0,0.0,0
2001-02-01,0,0.0,0.0,0.0,0
2001-02-02,0,0.0,0.0,0.0,0
2001-02-03,0,0.0,0.0,0.0,0
2001-02-04,1,316.1,76.0,13.7,1
2001-02-05,0,0.0,0.0,0.0,0
2001-02-06,1,305.0,55.0,7.3,1
2001-02-07,0,0.0,0.0,0.0,0
2001-02-08,0,0.0,0.0,0.0,0
2001-02-09,0,0.0,0.0,0.0,0
2001-02-10,0,0.0,0.0,0.0,0
2001-02-11,0,0.0,0.0,0.0,0
2001-02-12,0,0.0,0.0,0.0,0
2001-02-13,0,0.0,0.0,0.0,0
2001-02-14,0,0.0,0.0,0.0,0
2001-02-15,0,0.0,0.0,0.0,0
2001-02-16,0,0.0,0.0,0.0,0
2001-02-17,0,0.0,0.0,0.0,0
2001-02-18,0,0.0,0.0,0.0,0
2001-02-19,0,0.0,0.0,0.0,0
2001-02-20,0,0.0,0.0,0.0,0
2001-02-21,0,0.0,0.0,0.0,0
2001-02-22,0,0.0,0.0,0.0,0
2001-02-23,0,0.0,0.0,0.0,0
2001-02-24,0,0.0,0.0,0.0,0
2001-02-25,3,307.93333333333334,36.0,6.933333333333334,1
2001-02-26,0,0.0,0.0,0.0,0
2001-02-27,0,0.0,0.0,0.0,0
2001-02-28,0,0.0,0.0,0.0,0
2001-03-01,0,0.0,0.0,0.0,0
2001-03-02,0,0.0,0.0,0.0,0
2001-03-03,0,0.0,0.0,0.0,0
2001-03-04,0,0.0,0.0,0.0,0
2001-03-05,0,0.0,0.0,0.0,0
2001-03-06,0,0.0,0.0,0.0,0
2001-03-07,0,0.0,0.0,0.0,0
2001-03-08,0,0.0,0.0,0.0,0
2001-03-09,0,0.0,0.0,0.0,0
2001-03-10,0,0.0,0.0,0.0,0
2001-03-11,0,0.0,0.0,0.0,0
2001-03-12,0,0.0,0.0,0.0,0
2001-03-13,0,0.0,0.0,0.0,0
2001-03-14,0,0.0,0.0,0.0,0
2001-03-15,0,0.0,0.0,0.0,0
2001-03-16,0,0.0,0.0,0.0,0
2001-03-17,0,0.0,0.0,0.0,0
2001-03-18,0,0.0,0.0,0.0,0
2001-03-19,0,0.0,0.0,0.0,0
2001-03-20,1,301.5,35.0,4.9,1
2001-03-21,0,0.0,0.0,0.0,0
2001-03-22,0,0.0,0.0,0.0,0
2001-03-23,0,0.0,0.0,0.0,0
2001-03-24,0,0.0,0.0,0.0,0
2001-03-25,0,0.0,0.0,0.0,0
2001-03-26,0,0.0,0.0,0.0,0
2001-03-27,0,0.0,0.0,0.0,0
2001-03-28,0,0.0,0.0,0.0,0
2001-03-29,0,0.0,0.0,0.0,0
2001-03-30,0,0.0,0.0,0.0,0
2001-03-31,0,0.0,0.0,0.0,0
2001-04-01,0,0.0,0.0,0.0,0
2001-04-02,0,0.0,0.0,0.0,0
2001-04-03,0,0.0,0.0,0.0,0
2001-04-04,0,0.0,0.0,0.0,0
2001-04-05,0,0.0,0.0,0.0,0
2001-04-06,0,0.0,0.0,0.0,0
2001-04-07,0,0.0,0.0,0.0,0
2001-04-08,0,0.0,0.0,0.0,0
2001-04-09,0,0.0,0.0,0.0,0
2001-04-10,0,0.0,0.0,0.0,0
2001-04-11,0,0.0,0.0,0.0,0
2001-04-12,0,0.0,0.0,0.0,0
2001-04-13,0,0.0,0.0,0.0,0
2001-04-14,0,0.0,0.0,0.0,0
2001-04-15,0,0.0,0.0,0.0,0
2001-04-16,0,0.0,0.0,0.0,0
2001-04-17,0,0.0,0.0,0.0,0
2001-04-18,1,312.1,66.0,10.7,1
2001-04-19,0,0.0,0.0,0.0,0
2001-04-20,0,0.0,0.0,0.0,0
2001-04-21,0,0.0,0.0,0.0,0
2001-04-22,0,0.0,0.0,0.0,0
2001-04-23,0,0.0,0.0,0.0,0
2001-04-24,0,0.0,0.0,0.0,0
2001-04-25,3,313.3333333333333,56.0,6.966666666666666,1
2001-04-26,0,0.0,0.0,0.0,0
2001-04-27,0,0.0,0.0,0.0,0
2001-04-28,0,0.0,0.0,0.0,0
2001-04-29,0,0.0,0.0,0.0,0
2001-04-30,0,0.0,0.0,0.0,0
2001-05-01,0,0.0,0.0,0.0,0
2001-05-02,0,0.0,0.0,0.0,0
2001-05-03,0,0.0,0.0,0.0,0
2001-05-04,0,0.0,0.0,0.0,0
2001-05-05,0,0.0,0.0,0.0,0
2001-05-06,0,0.0,0.0,0.0,0
2001-05-07,1,313.8,65.0,11.8,1
2001-05-08,0,0.0,0.0,0.0,0
2001-05-09,1,318.0,67.0,10.8,1
2001-05-10,0,0.0,0.0,0.0,0
2001-05-11,0,0.0,0.0,0.0,0
2001-05-12,0,0.0,0.0,0.0,0
2001-05-13,0,0.0,0.0,0.0,0
2001-05-14,0,0.0,0.0,0.0,0
2001-05-15,0,0.0,0.0,0.0,0
2001-05-16,0,0.0,0.0,0.0,0
2001-05-17,0,0.0,0.0,0.0,0
2001-05-18,0,0.0,0.0,0.0,0
2001-05-19,0,0.0,0.0,0.0,0
2001-05-20,0,0.0,0.0,0.0,0
2001-05-21,0,0.0,0.0,0.0,0
2001-05-22,0,0.0,0.0,0.0,0
2001-05-23,0,0.0,0.0,0.0,0
2001-05-24,0,0.0,0.0,0.0,0
2001-05-25,0,0.0,0.0,0.0,0
2001-05-26,0,0.0,0.0,0.0,0
2001-05-27,0,0.0,0.0,0.0,0
2001-05-28,0,0.0,0.0,0.0,0
2001-05-29,0,0.0,0.0,0.0,0
2001-05-30,0,0.0,0.0,0.0,0
2001-05-31,0,0.0,0.0,0.0,0
2001-06-01,0,0.0,0.0,0.0,0
2001-06-02,0,0.0,0.0,0.0,0
2001-06-03,0,0.0,0.0,0.0,0
2001-06-04,0,0.0,0.0,0.0,0
2001-06-05,0,0.0,0.0,0.0,0
2001-06-06,0,0.0,0.0,0.0,0
2001-06-07,0,0.0,0.0,0.0,0
2001-06-08,0,0.0,0.0,0.0,0
2001-06-09,0,0.0,0.0,0.0,0
2001-06-10,0,0.0,0.0,0.0,0
2001-06-11,0,0.0,0.0,0.0,0
2001-06-12,1,330.6,75.0,15.4,1
2001-06-13,0,0.0,0.0,0.0,0
2001-06-14,0,0.0,0.0,0.0,0
2001-06-15,0,0.0,0.0,0.0,0
2001-06-16,0,0.0,0.0,0.0,0
2001-06-17,0,0.0,0.0,0.0,0
2001-06-18,0,0.0,0.0,0.0,0
2001-06-19,0,0.0,0.0,0.0,0
2001-06-20,0,0.0,0.0,0.0,0
2001-06-21,0,0.0,0.0,0.0,0
2001-06-22,0,0.0,0.0,0.0,0
2001-06-23,0,0.0,0.0,0.0,0
2001-06-24,0,0.0,0.0,0.0,0
2001-06-25,0,0.0,0.0,0.0,0
2001-06-26,0,0.0,0.0,0.0,0
2001-06-27,0,0.0,0.0,0.0,0
2001-06-28,0,0.0,0.0,0.0,0
2001-06-29,0,0.0,0.0,0.0,0
2001-06-30,0,0.0,0.0,0.0,0
2001-07-01,0,0.0,0.0,0.0,0
2001-07-02,0,0.0,0.0,0.0,0
2001-07-03,0,0.0,0.0,0.0,0
2001-07-04,0,0.0,0.0,0.0,0
2001-07-05,0,0.0,0.0,0.0,0
2001-07-06,0,0.0,0.0,0.0,0
2001-07-07,0,0.0,0.0,0.0,0
2001-07-08,0,0.0,0.0,0.0,0
2001-07-09,0,0.0,0.0,0.0,0
2001-07-10,0,0.0,0.0,0.0,0
2001-07-11,0,0.0,0.0,0.0,0
2001-07-12,0,0.0,0.0,0.0,0
2001-07-13,0,0.0,0.0,0.0,0
2001-07-14,1,325.1,53.0,9.3,1
2001-07-15,0,0.0,0.0,0.0,0
2001-07-16,0,0.0,0.0,0.0,0
2001-07-17,0,0.0,0.0,0.0,0
2001-07-18,0,0.0,0.0,0.0,0
2001-07-19,0,0.0,0.0,0.0,0
2001-07-20,0,0.0,0.0,0.0,0
2001-07-21,0,0.0,0.0,0.0,0
2001-07-22,0,0.0,0.0,0.0,0
2001-07-23,0,0.0,0.0,0.0,0
2001-07-24,0,0.0,0.0,0.0,0
2001-07-25,0,0.0,0.0,0.0,0
2001-07-26,0,0.0,0.0,0.0,0
2001-07-27,0,0.0,0.0,0.0,0
2001-07-28,0,0.0,0.0,0.0,0
2001-07-29,0,0.0,0.0,0.0,0
2001-07-30,0,0.0,0.0,0.0,0
2001-07-31,0,0.0,0.0,0.0,0
2001-08-01,0,0.0,0.0,0.0,0
2001-08-02,0,0.0,0.0,0.0,0
2001-08-03,0,0.0,0.0,0.0,0
2001-08-04,0,0.0,0.0,0.0,0
2001-08-05,0,0.0,0.0,0.0,0
2001-08-06,0,0.0,0.0,0.0,0
2001-08-07,0,0.0,0.0,0.0,0
2001-08-08,0,0.0,0.0,0.0,0
2001-08-09,0,0.0,0.0,0.0,0
2001-08-10,0,0.0,0.0,0.0,0
2001-08-11,0,0.0,0.0,0.0,0
2001-08-12,0,0.0,0.0,0.0,0
2001-08-13,0,0.0,0.0,0.0,0
2001-08-14,0,0.0,0.0,0.0,0
2001-08-15,0,0.0,0.0,0.0,0
2001-08-16,0,0.0,0.0,0.0,0
2001-08-17,0,0.0,0.0,0.0,0
2001-08-18,0,0.0,0.0,0.0,0
2001-08-19,0,0.0,0.0,0.0,0
2001-08-20,0,0.0,0.0,0.0,0
2001-08-21,0,0.0,0.0,0.0,0
2001-08-22,0,0.0,0.0,0.0,0
2001-08-23,0,0.0,0.0,0.0,0
2001-08-24,0,0.0,0.0,0.0,0
2001-08-25,0,0.0,0.0,0.0,0
2001-08-26,0,0.0,0.0,0.0,0
2001-08-27,0,0.0,0.0,0.0,0
2001-08-28,0,0.0,0.0,0.0,0
2001-08-29,0,0.0,0.0,0.0,0
2001-08-30,0,0.0,0.0,0.0,0
2001-08-31,0,0.0,0.0,0.0,0
2001-09-01,0,0.0,0.0,0.0,0
2001-09-02,0,0.0,0.0,0.0,0
2001-09-03,1,317.5,64.0,19.6,1
2001-09-04,0,0.0,0.0,0.0,0
2001-09-05,0,0.0,0.0,0.0,0
2001-09-06,0,0.0,0.0,0.0,0
2001-09-07,1,317.7,54.0,6.9,1
2001-09-08,0,0.0,0.0,0.0,0
2001-09-09,0,0.0,0.0,0.0,0
2001-09-10,0,0.0,0.0,0.0,0
2001-09-11,0,0.0,0.0,0.0,0
2001-09-12,0,0.0,0.0,0.0,0
2001-09-13,0,0.0,0.0,0.0,0
2001-09-14,0,0.0,0.0,0.0,0
2001-09-15,0,0.0,0.0,0.0,0
2001-09-16,0,0.0,0.0,0.0,0
2001-09-17,0,0.0,0.0,0.0,0
2001-09-18,0,0.0,0.0,0.0,0
2001-09-19,3,321.56666666666666,65.33333333333333,27.7,1
2001-09-20,0,0.0,0.0,0.0,0
2001-09-21,0,0.0,0.0,0.0,0
2001-09-22,0,0.0,0.0,0.0,0
2001-09-23,3,323.2,74.33333333333333,15.833333333333334,1
2001-09-24,0,0.0,0.0,0.0,0
2001-09-25,3,319.26666666666665,71.33333333333333,15.5,1
2001-09-26,0,0.0,0.0,0.0,0
2001-09-27,2,313.9,61.5,16.75,1
2001-09-28,0,0.0,0.0,0.0,0
2001-09-29,0,0.0,0.0,0.0,0
2001-09-30,0,0.0,0.0,0.0,0
2001-10-01,0,0.0,0.0,0.0,0
2001-10-02,0,0.0,0.0,0.0,0
2001-10-03,0,0.0,0.0,0.0,0
2001-10-04,0,0.0,0.0,0.0,0
2001-10-05,0,0.0,0.0,0.0,0
2001-10-06,0,0.0,0.0,0.0,0
2001-10-07,0,0.0,0.0,0.0,0
2001-10-08,0,0.0,0.0,0.0,0
2001-10-09,0,0.0,0.0,0.0,0
2001-10-10,0,0.0,0.0,0.0,0
2001-10-11,2,314.65,62.5,12.15,1
2001-10-12,0,0.0,0.0,0.0,0
2001-10-13,0,0.0,0.0,0.0,0
2001-10-14,0,0.0,0.0,0.0,0
2001-10-15,0,0.0,0.0,0.0,0
2001-10-16,0,0.0,0.0,0.0,0
2001-10-17,0,0.0,0.0,0.0,0
2001-10-18,0,0.0,0.0,0.0,0
2001-10-19,0,0.0,0.0,0.0,0
2001-10-20,0,0.0,0.0,0.0,0
2001-10-21,0,0.0,0.0,0.0,0
2001-10-22,0,0.0,0.0,0.0,0
2001-10-23,0,0.0,0.0,0.0,0
2001-10-24,0,0.0,0.0,0.0,0
2001-10-25,1,309.6,53.0,4.2,1
2001-10-26,0,0.0,0.0,0.0,0
2001-10-27,0,0.0,0.0,0.0,0
2001-10-28,0,0.0,0.0,0.0,0
2001-10-29,0,0.0,0.0,0.0,0
2001-10-30,0,0.0,0.0,0.0,0
2001-10-31,0,0.0,0.0,0.0,0
2001-11-01,0,0.0,0.0,0.0,0
2001-11-02,0,0.0,0.0,0.0,0
2001-11-03,0,0.0,0.0,0.0,0
2001-11-04,0,0.0,0.0,0.0,0
2001-11-05,0,0.0,0.0,0.0,0
2001-11-06,0,0.0,0.0,0.0,0
2001-11-07,0,0.0,0.0,0.0,0
2001-11-08,0,0.0,0.0,0.0,0
2001-11-09,0,0.0,0.0,0.0,0
2001-11-10,1,308.3,56.0,5.7,1
2001-11-11,0,0.0,0.0,0.0,0
2001-11-12,0,0.0,0.0,0.0,0
2001-11-13,0,0.0,0.0,0.0,0
2001-11-14,0,0.0,0.0,0.0,0
2001-11-15,0,0.0,0.0,0.0,0
2001-11-16,0,0.0,0.0,0.0,0
2001-11-17,0,0.0,0.0,0.0,0
2001-11-18,0,0.0,0.0,0.0,0
2001-11-19,0,0.0,0.0,0.0,0
2001-11-20,0,0.0,0.0,0.0,0
2001-11-21,0,0.0,0.0,0.0,0
2001-11-22,1,303.1,55.0,10.0,1
2001-11-23,0,0.0,0.0,0.0,0
2001-11-24,2,309.5,68.5,12.25,1
2001-11-25,0,0.0,0.0,0.0,0
2001-11-26,0,0.0,0.0,0.0,0
2001-11-27,0,0.0,0.0,0.0,0
2001-11-28,0,0.0,0.0,0.0,0
2001-11-29,0,0.0,0.0,0.0,0
2001-11-30,0,0.0,0.0,0.0,0
2001-12-01,0,0.0,0.0,0.0,0
2001-12-02,0,0.0,0.0,0.0,0
2001-12-03,0,0.0,0.0,0.0,0
2001-12-04,0,0.0,0.0,0.0,0
2001-12-05,0,0.0,0.0,0.0,0
2001-12-06,0,0.0,0.0,0.0,0
2001-12-07,0,0.0,0.0,0.0,0
2001-12-08,0,0.0,0.0,0.0,0
2001-12-09,0,0.0,0.0,0.0,0
2001-12-10,2,308.85,64.0,13.4,1
2001-12-11,0,0.0,0.0,0.0,0
2001-12-12,0,0.0,0.0,0.0,0
2001-12-13,0,0.0,0.0,0.0,0
2001-12-14,0,0.0,0.0,0.0,0
2001-12-15,0,0.0,0.0,0.0,0
2001-12-16,0,0.0,0.0,0.0,0
2001-12-17,0,0.0,0.0,0.0,0
2001-12-18,0,0.0,0.0,0.0,0
2001-12-19,0,0.0,0.0,0.0,0
2001-12-20,0,0.0,0.0,0.0,0
2001-12-21,0,0.0,0.0,0.0,0
2001-12-22,0,0.0,0.0,0.0,0
2001-12-23,0,0.0,0.0,0.0,0
2001-12-24,0,0.0,0.0,0.0,0
2001-12-25,0,0.0,0.0,0.0,0
2001-12-26,0,0.0,0.0,0.0,0
2001-12-27,0,0.0,0.0,0.0,0
2001-12-28,0,0.0,0.0,0.0,0
2001-12-29,0,0.0,0.0,0.0,0
2001-12-30,0,0.0,0.0,0.0,0
2001-12-31,0,0.0,0.0,0.0,0
2002-01-01,0,0.0,0.0,0.0,0
2002-01-02,0,0.0,0.0,0.0,0
2002-01-03,0,0.0,0.0,0.0,0
2002-01-04,0,0.0,0.0,0.0,0
2002-01-05,0,0.0,0.0,0.0,0
2002-01-06,1,311.8,72.0,12.9,1
2002-01-07,0,0.0,0.0,0.0,0
2002-01-08,0,0.0,0.0,0.0,0
2002-01-09,0,0.0,0.0,0.0,0
2002-01-10,0,0.0,0.0,0.0,0
2002-01-11,0,0.0,0.0,0.0,0
2002-01-12,0,0.0,0.0,0.0,0
2002-01-13,0,0.0,0.0,0.0,0
2002-01-14,0,0.0,0.0,0.0,0
2002-01-15,0,0.0,0.0,0.0,0
2002-01-16,0,0.0,0.0,0.0,0
2002-01-17,0,0.0,0.0,0.0,0
2002-01-18,0,0.0,0.0,0.0,0
2002-01-19,0,0.0,0.0,0.0,0
2002-01-20,0,0.0,0.0,0.0,0
2002-01-21,0,0.0,0.0,0.0,0
2002-01-22,0,0.0,0.0,0.0,0
2002-01-23,0,0.0,0.0,0.0,0
2002-01-24,0,0.0,0.0,0.0,0
2002-01-25,0,0.0,0.0,0.0,0
2002-01-26,0,0.0,0.0,0.0,0
2002-01-27,0,0.0,0.0,0.0,0
2002-01-28,0,0.0,0.0,0.0,0
2002-01-29,0,0.0,0.0,0.0,0
2002-01-30,0,0.0,0.0,0.0,0
2002-01-31,0,0.0,0.0,0.0,0
2002-02-01,0,0.0,0.0,0.0,0
2002-02-02,2,304.5,57.0,14.15,1
2002-02-03,0,0.0,0.0,0.0,0
2002-02-04,0,0.0,0.0,0.0,0
2002-02-05,0,0.0,0.0,0.0,0
2002-02-06,0,0.0,0.0,0.0,0
2002-02-07,3,304.6333333333333,57.333333333333336,7.3999999999999995,1
2002-02-08,0,0.0,0.0,0.0,0
2002-02-09,0,0.0,0.0,0.0,0
2002-02-10,0,0.0,0.0,0.0,0
2002-02-11,0,0.0,0.0,0.0,0
2002-02-12,0,0.0,0.0,0.0,0
2002-02-13,0,0.0,0.0,0.0,0
2002-02-14,0,0.0,0.0,0.0,0
2002-02-15,0,0.0,0.0,0.0,0
2002-02-16,3,303.40000000000003,49.666666666666664,7.366666666666667,1
2002-02-17,1,306.1,50.0,23.8,1
2002-02-18,0,0.0,0.0,0.0,0
2002-02-19,0,0.0,0.0,0.0,0
2002-02-20,0,0.0,0.0,0.0,0
2002-02-21,1,326.3,83.0,24.1,1
2002-02-22,0,0.0,0.0,0.0,0
2002-02-23,5,309.0,59.0,6.76,1
2002-02-24,0,0.0,0.0,0.0,0
2002-02-25,0,0.0,0.0,0.0,0
2002-02-26,0,0.0,0.0,0.0,0
2002-02-27,0,0.0,0.0,0.0,0
2002-02-28,0,0.0,0.0,0.0,0
2002-03-01,0,0.0,0.0,0.0,0
2002-03-02,0,0.0,0.0,0.0,0
2002-03-03,0,0.0,0.0,0.0,0
2002-03-04,2,310.3,67.0,11.45,1
2002-03-05,2,304.85,54.5,19.95,1
2002-03-06,0,0.0,0.0,0.0,0
2002-03-07,0,0.0,0.0,0.0,0
2002-03-08,0,0.0,0.0,0.0,0
2002-03-09,0,0.0,0.0,0.0,0
2002-03-10,0,0.0,0.0,0.0,0
2002-03-11,0,0.0,0.0,0.0,0
2002-03-12,0,0.0,0.0,0.0,0
2002-03-13,0,0.0,0.0,0.0,0
2002-03-14,0,0.0,0.0,0.0,0
2002-03-15,0,0.0,0.0,0.0,0
2002-03-16,0,0.0,0.0,0.0,0
2002-03-17,0,0.0,0.0,0.0,0
2002-03-18,0,0.0,0.0,0.0,0
2002-03-19,0,0.0,0.0,0.0,0
2002-03-20,0,0.0,0.0,0.0,0
2002-03-21,0,0.0,0.0,0.0,0
2002-03-22,0,0.0,0.0,0.0,0
2002-03-23,0,0.0,0.0,0.0,0
2002-03-24,0,0.0,0.0,0.0,0
2002-03-25,0,0.0,0.0,0.0,0
2002-03-26,0,0.0,0.0,0.0,0
2002-03-27,0,0.0,0.0,0.0,0
2002-03-28,0,0.0,0.0,0.0,0
2002-03-29,0,0.0,0.0,0.0,0
2002-03-30,0,0.0,0.0,0.0,0
2002-03-31,0,0.0,0.0,0.0,0
2002-04-01,1,311.4,46.0,7.6,1
2002-04-02,0,0.0,0.0,0.0,0
2002-04-03,0,0.0,0.0,0.0,0
2002-04-04,0,0.0,0.0,0.0,0
2002-04-05,0,0.0,0.0,0.0,0
2002-04-06,0,0.0,0.0,0.0,0
2002-04-07,0,0.0,0.0,0.0,0
2002-04-08,5,309.7,50.2,7.4799999999999995,1
2002-04-09,0,0.0,0.0,0.0,0
2002-04-10,0,0.0,0.0,0.0,0
2002-04-11,0,0.0,0.0,0.0,0
2002-04-12,1,316.9,58.0,8.8,1
2002-04-13,0,0.0,0.0,0.0,0
2002-04-14,0,0.0,0.0,0.0,0
2002-04-15,0,0.0,0.0,0.0,0
2002-04-16,0,0.0,0.0,0.0,0
2002-04-17,0,0.0,0.0,0.0,0
2002-04-18,0,0.0,0.0,0.0,0
2002-04-19,0,0.0,0.0,0.0,0
2002-04-20,0,0.0,0.0,0.0,0
2002-04-21,0,0.0,0.0,0.0,0
2002-04-22,0,0.0,0.0,0.0,0
2002-04-23,0,0.0,0.0,0.0,0
2002-04-24,0,0.0,0.0,0.0,0
2002-04-25,0,0.0,0.0,0.0,0
2002-04-26,0,0.0,0.0,0.0,0
2002-04-27,0,0.0,0.0,0.0,0
2002-04-28,0,0.0,0.0,0.0,0
2002-04-29,0,0.0,0.0,0.0,0
2002-04-30,0,0.0,0.0,0.0,0
2002-05-01,0,0.0,0.0,0.0,0
2002-05-02,0,0.0,0.0,0.0,0
2002-05-03,0,0.0,0.0,0.0,0
2002-05-04,0,0.0,0.0,0.0,0
2002-05-05,0,0.0,0.0,0.0,0
2002-05-06,0,0.0,0.0,0.0,0
2002-05-07,0,0.0,0.0,0.0,0
2002-05-08,0,0.0,0.0,0.0,0
2002-05-09,0,0.0,0.0,0.0,0
2002-05-10,0,0.0,0.0,0.0,0
2002-05-11,0,0.0,0.0,0.0,0
2002-05-12,0,0.0,0.0,0.0,0
2002-05-13,0,0.0,0.0,0.0,0
2002-05-14,0,0.0,0.0,0.0,0
2002-05-15,0,0.0,0.0,0.0,0
2002-05-16,0,0.0,0.0,0.0,0
2002-05-17,0,0.0,0.0,0.0,0
2002-05-18,0,0.0,0.0,0.0,0
2002-05-19,0,0.0,0.0,0.0,0
2002-05-20,0,0.0,0.0,0.0,0
2002-05-21,0,0.0,0.0,0.0,0
2002-05-22,0,0.0,0.0,0.0,0
2002-05-23,0,0.0,0.0,0.0,0
2002-05-24,0,0.0,0.0,0.0,0
2002-05-25,0,0.0,0.0,0.0,0
2002-05-26,0,0.0,0.0,0.0,0
2002-05-27,0,0.0,0.0,0.0,0
2002-05-28,0,0.0,0.0,0.0,0
2002-05-29,0,0.0,0.0,0.0,0
2002-05-30,1,322.2,67.0,10.1,1
2002-05-31,0,0.0,0.0,0.0,0
2002-06-01,0,0.0,0.0,0.0,0
2002-06-02,0,0.0,0.0,0.0,0
2002-06-03,0,0.0,0.0,0.0,0
2002-06-04,0,0.0,0.0,0.0,0
2002-06-05,0,0.0,0.0,0.0,0
2002-06-06,0,0.0,0.0,0.0,0
2002-06-07,0,0.0,0.0,0.0,0
2002-06-08,0,0.0,0.0,0.0,0
2002-06-09,0,0.0,0.0,0.0,0
2002-06-10,0,0.0,0.0,0.0,0
2002-06-11,0,0.0,0.0,0.0,0
2002-06-12,0,0.0,0.0,0.0,0
2002-06-13,0,0.0,0.0,0.0,0
2002-06-14,0,0.0,0.0,0.0,0
2002-06-15,0,0.0,0.0,0.0,0
2002-06-16,0,0.0,0.0,0.0,0
2002-06-17,1,327.4,75.0,24.1,1
2002-06-18,0,0.0,0.0,0.0,0
2002-06-19,0,0.0,0.0,0.0,0
2002-06-20,0,0.0,0.0,0.0,0
2002-06-21,0,0.0,0.0,0.0,0
2002-06-22,0,0.0,0.0,0.0,0
2002-06-23,0,0.0,0.0,0.0,0
2002-06-24,0,0.0,0.0,0.0,0
2002-06-25,0,0.0,0.0,0.0,0
2002-06-26,0,0.0,0.0,0.0,0
2002-06-27,0,0.0,0.0,0.0,0
2002-06-28,0,0.0,0.0,0.0,0
2002-06-29,0,0.0,0.0,0.0,0
2002-06-30,0,0.0,0.0,0.0,0
2002-07-01,0,0.0,0.0,0.0,0
2002-07-02,0,0.0,0.0,0.0,0
2002-07-03,0,0.0,0.0,0.0,0
2002-07-04,0,0.0,0.0,0.0,0
2002-07-05,0,0.0,0.0,0.0,0
2002-07-06,0,0.0,0.0,0.0,0
2002-07-07,0,0.0,0.0,0.0,0
2002-07-08,0,0.0,0.0,0.0,0
2002-07-09,0,0.0,0.0,0.0,0
2002-07-10,0,0.0,0.0,0.0,0
2002-07-11,0,0.0,0.0,0.0,0
2002-07-12,0,0.0,0.0,0.0,0
2002-07-13,0,0.0,0.0,0.0,0
2002-07-14,0,0.0,0.0,0.0,0
2002-07-15,0,0.0,0.0,0.0,0
2002-07-16,0,0.0,0.0,0.0,0
2002-07-17,0,0.0,0.0,0.0,0
2002-07-18,0,0.0,0.0,0.0,0
2002-07-19,1,316.8,63.0,12.7,1
2002-07-20,0,0.0,0.0,0.0,0
2002-07-21,0,0.0,0.0,0.0,0
2002-07-22,0,0.0,0.0,0.0,0
2002-07-23,0,0.0,0.0,0.0,0
2002-07-24,2,321.2,54.5,7.65,1
2002-07-25,0,0.0,0.0,0.0,0
2002-07-26,0,0.0,0.0,0.0,0
2002-07-27,0,0.0,0.0,0.0,0
2002-07-28,0,0.0,0.0,0.0,0
2002-07-29,0,0.0,0.0,0.0,0
2002-07-30,0,0.0,0.0,0.0,0
2002-07-31,0,0.0,0.0,0.0,0
2002-08-01,0,0.0,0.0,0.0,0
2002-08-02,0,0.0,0.0,0.0,0
2002-08-03,0,0.0,0.0,0.0,0
2002-08-04,0,0.0,0.0,0.0,0
2002-08-05,0,0.0,0.0,0.0,0
2002-08-06,0,0.0,0.0,0.0,0
2002-08-07,0,0.0,0.0,0.0,0
2002-08-08,0,0.0,0.0,0.0,0
2002-08-09,0,0.0,0.0,0.0,0
2002-08-10,0,0.0,0.0,0.0,0
2002-08-11,0,0.0,0.0,0.0,0
2002-08-12,0,0.0,0.0,0.0,0
2002-08-13,0,0.0,0.0,0.0,0
2002-08-14,0,0.0,0.0,0.0,0
2002-08-15,0,0.0,0.0,0.0,0
2002-08-16,0,0.0,0.0,0.0,0
2002-08-17,0,0.0,0.0,0.0,0
2002-08-18,0,0.0,0.0,0.0,0
2002-08-19,0,0.0,0.0,0.0,0
2002-08-20,0,0.0,0.0,0.0,0
2002-08-21,0,0.0,0.0,0.0,0
2002-08-22,0,0.0,0.0,0.0,0
2002-08-23,0,0.0,0.0,0.0,0
2002-08-24,0,0.0,0.0,0.0,0
2002-08-25,0,0.0,0.0,0.0,0
2002-08-26,0,0.0,0.0,0.0,0
2002-08-27,0,0.0,0.0,0.0,0
2002-08-28,0,0.0,0.0,0.0,0
2002-08-29,0,0.0,0.0,0.0,0
2002-08-30,0,0.0,0.0,0.0,0
2002-08-31,0,0.0,0.0,0.0,0
2002-09-01,0,0.0,0.0,0.0,0
2002-09-02,0,0.0,0.0,0.0,0
2002-09-03,0,0.0,0.0,0.0,0
2002-09-04,0,0.0,0.0,0.0,0
2002-09-05,0,0.0,0.0,0.0,0
2002-09-06,0,0.0,0.0,0.0,0
2002-09-07,0,0.0,0.0,0.0,0
2002-09-08,0,0.0,0.0,0.0,0
2002-09-09,1,314.4,59.0,9.8,1
2002-09-10,6,325.15000000000003,74.66666666666667,18.400000000000002,1
2002-09-11,1,322.7,71.0,11.2,1
2002-09-12,0,0.0,0.0,0.0,0
2002-09-13,0,0.0,0.0,0.0,0
2002-09-14,0,0.0,0.0,0.0,0
2002-09-15,0,0.0,0.0,0.0,0
2002-09-16,0,0.0,0.0,0.0,0
2002-09-17,0,0.0,0.0,0.0,0
2002-09-18,0,0.0,0.0,0.0,0
2002-09-19,0,0.0,0.0,0.0,0
2002-09-20,8,314.15,53.75,18.675,1
2002-09-21,0,0.0,0.0,0.0,0
2002-09-22,0,0.0,0.0,0.0,0
2002-09-23,0,0.0,0.0,0.0,0
2002-09-24,3,316.93333333333334,54.0,11.533333333333333,1
2002-09-25,2,313.55,56.5,19.900000000000002,1
2002-09-26,0,0.0,0.0,0.0,0
2002-09-27,2,321.7,57.0,8.85,1
2002-09-28,0,0.0,0.0,0.0,0
2002-09-29,0,0.0,0.0,0.0,0
2002-09-30,0,0.0,0.0,0.0,0
2002-10-01,0,0.0,0.0,0.0,0
2002-10-02,0,0.0,0.0,0.0,0
2002-10-03,1,317.0,61.0,8.1,1
2002-10-04,0,0.0,0.0,0.0,0
2002-10-05,0,0.0,0.0,0.0,0
2002-10-06,0,0.0,0.0,0.0,0
2002-10-07,0,0.0,0.0,0.0,0
2002-10-08,0,0.0,0.0,0.0,0
2002-10-09,0,0.0,0.0,0.0,0
2002-10-10,0,0.0,0.0,0.0,0
2002-10-11,2,325.79999999999995,80.0,18.5,1
2002-10-12,0,0.0,0.0,0.0,0
2002-10-13,0,0.0,0.0,0.0,0
2002-10-14,0,0.0,0.0,0.0,0
2002-10-15,0,0.0,0.0,0.0,0
2002-10-16,2,307.8,59.5,13.55,1
2002-10-17,0,0.0,0.0,0.0,0
2002-10-18,0,0.0,0.0,0.0,0
2002-10-19,0,0.0,0.0,0.0,0
2002-10-20,0,0.0,0.0,0.0,0
2002-10-21,0,0.0,0.0,0.0,0
2002-10-22,0,0.0,0.0,0.0,0
2002-10-23,0,0.0,0.0,0.0,0
2002-10-24,0,0.0,0.0,0.0,0
2002-10-25,0,0.0,0.0,0.0,0
2002-10-26,0,0.0,0.0,0.0,0
2002-10-27,0,0.0,0.0,0.0,0
2002-10-28,0,0.0,0.0,0.0,0
2002-10-29,0,0.0,0.0,0.0,0
2002-10-30,2,307.20000000000005,49.5,6.3,1
2002-10-31,0,0.0,0.0,0.0,0
2002-11-01,0,0.0,0.0,0.0,0
2002-11-02,0,0.0,0.0,0.0,0
2002-11-03,0,0.0,0.0,0.0,0
2002-11-04,0,0.0,0.0,0.0,0
2002-11-05,0,0.0,0.0,0.0,0
2002-11-06,0,0.0,0.0,0.0,0
2002-11-07,0,0.0,0.0,0.0,0
2002-11-08,0,0.0,0.0,0.0,0
2002-11-09,1,308.9,59.0,13.2,1
2002-11-10,1,310.3,52.0,6.9,1
2002-11-11,0,0.0,0.0,0.0,0
2002-11-12,1,306.1,62.0,5.3,1
2002-11-13,2,310.3,65.5,9.0,1
2002-11-14,1,311.6,68.0,9.9,1
2002-11-15,0,0.0,0.0,0.0,0
2002-11-16,0,0.0,0.0,0.0,0
2002-11-17,0,0.0,0.0,0.0,0
2002-11-18,0,0.0,0.0,0.0,0
2002-11-19,0,0.0,0.0,0.0,0
2002-11-20,0,0.0,0.0,0.0,0
2002-11-21,0,0.0,0.0,0.0,0
2002-11-22,0,0.0,0.0,0.0,0
2002-11-23,0,0.0,0.0,0.0,0
2002-11-24,0,0.0,0.0,0.0,0
2002-11-25,0,0.0,0.0,0.0,0
2002-11-26,0,0.0,0.0,0.0,0
2002-11-27,0,0.0,0.0,0.0,0
2002-11-28,1,304.5,59.0,6.0,1
2002-11-29,0,0.0,0.0,0.0,0
2002-11-30,0,0.0,0.0,0.0,0
2002-12-01,0,0.0,0.0,0.0,0
2002-12-02,0,0.0,0.0,0.0,0
2002-12-03,0,0.0,0.0,0.0,0
2002-12-04,0,0.0,0.0,0.0,0
2002-12-05,0,0.0,0.0,0.0,0
2002-12-06,1,301.2,45.0,6.7,1
2002-12-07,0,0.0,0.0,0.0,0
2002-12-08,0,0.0,0.0,0.0,0
2002-12-09,0,0.0,0.0,0.0,0
2002-12-10,0,0.0,0.0,0.0,0
2002-12-11,0,0.0,0.0,0.0,0
2002-12-12,0,0.0,0.0,0.0,0
2002-12-13,0,0.0,0.0,0.0,0
2002-12-14,0,0.0,0.0,0.0,0
2002-12-15,0,0.0,0.0,0.0,0
2002-12-16,0,0.0,0.0,0.0,0
2002-12-17,1,307.4,62.0,22.2,1
2002-12-18,0,0.0,0.0,0.0,0
2002-12-19,0,0.0,0.0,0.0,0
2002-12-20,0,0.0,0.0,0.0,0
2002-12-21,0,0.0,0.0,0.0,0
2002-12-22,2,309.95,60.0,10.649999999999999,1
2002-12-23,1,300.8,20.0,2.1,1
2002-12-24,0,0.0,0.0,0.0,0
2002-12-25,0,0.0,0.0,0.0,0
2002-12-26,0,0.0,0.0,0.0,0
2002-12-27,0,0.0,0.0,0.0,0
2002-12-28,0,0.0,0.0,0.0,0
2002-12-29,0,0.0,0.0,0.0,0
2002-12-30,0,0.0,0.0,0.0,0
2002-12-31,0,0.0,0.0,0.0,0
2003-01-01,0,0.0,0.0,0.0,0
2003-01-02,0,0.0,0.0,0.0,0
2003-01-03,2,306.45000000000005,63.0,25.25,1
2003-01-04,0,0.0,0.0,0.0,0
2003-01-05,0,0.0,0.0,0.0,0
2003-01-06,0,0.0,0.0,0.0,0
2003-01-07,0,0.0,0.0,0.0,0
2003-01-08,1,310.2,66.0,7.5,1
2003-01-09,1,308.2,67.0,8.4,1
2003-01-10,0,0.0,0.0,0.0,0
2003-01-11,0,0.0,0.0,0.0,0
2003-01-12,0,0.0,0.0,0.0,0
2003-01-13,0,0.0,0.0,0.0,0
2003-01-14,0,0.0,0.0,0.0,0
2003-01-15,0,0.0,0.0,0.0,0
2003-01-16,0,0.0,0.0,0.0,0
2003-01-17,0,0.0,0.0,0.0,0
2003-01-18,0,0.0,0.0,0.0,0
2003-01-19,0,0.0,0.0,0.0,0
2003-01-20,0,0.0,0.0,0.0,0
2003-01-21,0,0.0,0.0,0.0,0
2003-01-22,0,0.0,0.0,0.0,0
2003-01-23,0,0.0,0.0,0.0,0
2003-01-24,0,0.0,0.0,0.0,0
2003-01-25,0,0.0,0.0,0.0,0
2003-01-26,0,0.0,0.0,0.0,0
2003-01-27,0,0.0,0.0,0.0,0
2003-01-28,0,0.0,0.0,0.0,0
2003-01-29,0,0.0,0.0,0.0,0
2003-01-30,0,0.0,0.0,0.0,0
2003-01-31,1,310.3,63.0,7.5,1
2003-02-01,0,0.0,0.0,0.0,0
2003-02-02,0,0.0,0.0,0.0,0
2003-02-03,0,0.0,0.0,0.0,0
2003-02-04,0,0.0,0.0,0.0,0
2003-02-05,0,0.0,0.0,0.0,0
2003-02-06,0,0.0,0.0,0.0,0
2003-02-07,0,0.0,0.0,0.0,0
2003-02-08,0,0.0,0.0,0.0,0
2003-02-09,0,0.0,0.0,0.0,0
2003-02-10,0,0.0,0.0,0.0,0
2003-02-11,0,0.0,0.0,0.0,0
2003-02-12,0,0.0,0.0,0.0,0
2003-02-13,0,0.0,0.0,0.0,0
2003-02-14,0,0.0,0.0,0.0,0
2003-02-15,0,0.0,0.0,0.0,0
2003-02-16,0,0.0,0.0,0.0,0
2003-02-17,2,302.5,51.0,4.699999999999999,1
2003-02-18,0,0.0,0.0,0.0,0
2003-02-19,0,0.0,0.0,0.0,0
2003-02-20,0,0.0,0.0,0.0,0
2003-02-21,0,0.0,0.0,0.0,0
2003-02-22,0,0.0,0.0,0.0,0
2003-02-23,0,0.0,0.0,0.0,0
2003-02-24,0,0.0,0.0,0.0,0
2003-02-25,0,0.0,0.0,0.0,0
2003-02-26,0,0.0,0.0,0.0,0
2003-02-27,0,0.0,0.0,0.0,0
2003-02-28,0,0.0,0.0,0.0,0
2003-03-01,0,0.0,0.0,0.0,0
2003-03-02,0,0.0,0.0,0.0,0
2003-03-03,0,0.0,0.0,0.0,0
2003-03-04,0,0.0,0.0,0.0,0
2003-03-05,0,0.0,0.0,0.0,0
2003-03-06,1,305.0,38.0,4.1,1
2003-03-07,0,0.0,0.0,0.0,0
2003-03-08,0,0.0,0.0,0.0,0
2003-03-09,0,0.0,0.0,0.0,0
2003-03-10,0,0.0,0.0,0.0,0
2003-03-11,0,0.0,0.0,0.0,0
2003-03-12,0,0.0,0.0,0.0,0
2003-03-13,1,317.4,64.0,8.0,1
2003-03-14,0,0.0,0.0,0.0,0
2003-03-15,0,0.0,0.0,0.0,0
2003-03-16,0,0.0,0.0,0.0,0
2003-03-17,0,0.0,0.0,0.0,0
2003-03-18,0,0.0,0.0,0.0,0
2003-03-19,0,0.0,0.0,0.0,0
2003-03-20,0,0.0,0.0,0.0,0
2003-03-21,0,0.0,0.0,0.0,0
2003-03-22,0,0.0,0.0,0.0,0
2003-03-23,0,0.0,0.0,0.0,0
2003-03-24,0,0.0,0.0,0.0,0
2003-03-25,0,0.0,0.0,0.0,0
2003-03-26,0,0.0,0.0,0.0,0
2003-03-27,0,0.0,0.0,0.0,0
2003-03-28,0,0.0,0.0,0.0,0
2003-03-29,0,0.0,0.0,0.0,0
2003-03-30,1,309.5,61.0,6.4,1
2003-03-31,0,0.0,0.0,0.0,0
2003-04-01,0,0.0,0.0,0.0,0
2003-04-02,0,0.0,0.0,0.0,0
2003-04-03,0,0.0,0.0,0.0,0
2003-04-04,0,0.0,0.0,0.0,0
2003-04-05,1,316.7,57.0,6.3,1
2003-04-06,0,0.0,0.0,0.0,0
2003-04-07,0,0.0,0.0,0.0,0
2003-04-08,0,0.0,0.0,0.0,0
2003-04-09,0,0.0,0.0,0.0,0
2003-04-10,0,0.0,0.0,0.0,0
2003-04-11,0,0.0,0.0,0.0,0
2003-04-12,0,0.0,0.0,0.0,0
2003-04-13,0,0.0,0.0,0.0,0
2003-04-14,0,0.0,0.0,0.0,0
2003-04-15,0,0.0,0.0,0.0,0
2003-04-16,0,0.0,0.0,0.0,0
2003-04-17,0,0.0,0.0,0.0,0
2003-04-18,0,0.0,0.0,0.0,0
2003-04-19,0,0.0,0.0,0.0,0
2003-04-20,0,0.0,0.0,0.0,0
2003-04-21,0,0.0,0.0,0.0,0
2003-04-22,0,0.0,0.0,0.0,0
2003-04-23,0,0.0,0.0,0.0,0
2003-04-24,0,0.0,0.0,0.0,0
2003-04-25,0,0.0,0.0,0.0,0
2003-04-26,0,0.0,0.0,0.0,0
2003-04-27,0,0.0,0.0,0.0,0
2003-04-28,0,0.0,0.0,0.0,0
2003-04-29,0,0.0,0.0,0.0,0
2003-04-30,0,0.0,0.0,0.0,0
2003-05-01,0,0.0,0.0,0.0,0
2003-05-02,0,0.0,0.0,0.0,0
2003-05-03,0,0.0,0.0,0.0,0
2003-05-04,0,0.0,0.0,0.0,0
2003-05-05,0,0.0,0.0,0.0,0
2003-05-06,0,0.0,0.0,0.0,0
2003-05-07,0,0.0,0.0,0.0,0
2003-05-08,1,321.4,63.0,8.1,1
2003-05-09,0,0.0,0.0,0.0,0
2003-05-10,0,0.0,0.0,0.0,0
2003-05-11,0,0.0,0.0,0.0,0
2003-05-12,0,0.0,0.0,0.0,0
2003-05-13,0,0.0,0.0,0.0,0
2003-05-14,1,324.4,67.0,12.9,1
2003-05-15,0,0.0,0.0,0.0,0
2003-05-16,0,0.0,0.0,0.0,0
2003-05-17,0,0.0,0.0,0.0,0
2003-05-18,0,0.0,0.0,0.0,0
2003-05-19,0,0.0,0.0,0.0,0
2003-05-20,0,0.0,0.0,0.0,0
2003-05-21,0,0.0,0.0,0.0,0
2003-05-22,0,0.0,0.0,0.0,0
2003-05-23,0,0.0,0.0,0.0,0
2003-05-24,0,0.0,0.0,0.0,0
2003-05-25,0,0.0,0.0,0.0,0
2003-05-26,0,0.0,0.0,0.0,0
2003-05-27,0,0.0,0.0,0.0,0
2003-05-28,0,0.0,0.0,0.0,0
2003-05-29,0,0.0,0.0,0.0,0
2003-05-30,0,0.0,0.0,0.0,0
2003-05-31,0,0.0,0.0,0.0,0
2003-06-01,0,0.0,0.0,0.0,0
2003-06-02,0,0.0,0.0,0.0,0
2003-06-03,0,0.0,0.0,0.0,0
2003-06-04,0,0.0,0.0,0.0,0
2003-06-05,0,0.0,0.0,0.0,0
2003-06-06,0,0.0,0.0,0.0,0
2003-06-07,0,0.0,0.0,0.0,0
2003-06-08,0,0.0,0.0,0.0,0
2003-06-09,0,0.0,0.0,0.0,0
2003-06-10,0,0.0,0.0,0.0,0
2003-06-11,0,0.0,0.0,0.0,0
2003-06-12,0,0.0,0.0,0.0,0
2003-06-13,0,0.0,0.0,0.0,0
2003-06-14,0,0.0,0.0,0.0,0
2003-06-15,0,0.0,0.0,0.0,0
2003-06-16,0,0.0,0.0,0.0,0
2003-06-17,0,0.0,0.0,0.0,0
2003-06-18,0,0.0,0.0,0.0,0
2003-06-19,0,0.0,0.0,0.0,0
2003-06-20,0,0.0,0.0,0.0,0
2003-06-21,0,0.0,0.0,0.0,0
2003-06-22,0,0.0,0.0,0.0,0
2003-06-23,0,0.0,0.0,0.0,0
2003-06-24,0,0.0,0.0,0.0,0
2003-06-25,0,0.0,0.0,0.0,0
2003-06-26,0,0.0,0.0,0.0,0
2003-06-27,0,0.0,0.0,0.0,0
2003-06-28,0,0.0,0.0,0.0,0
2003-06-29,0,0.0,0.0,0.0,0
2003-06-30,0,0.0,0.0,0.0,0
2003-07-01,0,0.0,0.0,0.0,0
2003-07-02,0,0.0,0.0,0.0,0
2003-07-03,0,0.0,0.0,0.0,0
2003-07-04,0,0.0,0.0,0.0,0
2003-07-05,0,0.0,0.0,0.0,0
2003-07-06,0,0.0,0.0,0.0,0
2003-07-07,0,0.0,0.0,0.0,0
2003-07-08,0,0.0,0.0,0.0,0
2003-07-09,0,0.0,0.0,0.0,0
2003-07-10,0,0.0,0.0,0.0,0
2003-07-11,0,0.0,0.0,0.0,0
2003-07-12,0,0.0,0.0,0.0,0
2003-07-13,0,0.0,0.0,0.0,0
2003-07-14,0,0.0,0.0,0.0,0
2003-07-15,0,0.0,0.0,0.0,0
2003-07-16,0,0.0,0.0,0.0,0
2003-07-17,0,0.0,0.0,0.0,0
2003-07-18,0,0.0,0.0,0.0,0
2003-07-19,0,0.0,0.0,0.0,0
2003-07-20,0,0.0,0.0,0.0,0
2003-07-21,0,0.0,0.0,0.0,0
2003-07-22,0,0.0,0.0,0.0,0
2003-07-23,0,0.0,0.0,0.0,0
2003-07-24,0,0.0,0.0,0.0,0
2003-07-25,0,0.0,0.0,0.0,0
2003-07-26,0,0.0,0.0,0.0,0
2003-07-27,0,0.0,0.0,0.0,0
2003-07-28,0,0.0,0.0,0.0,0
2003-07-29,0,0.0,0.0,0.0,0
2003-07-30,0,0.0,0.0,0.0,0
2003-07-31,0,0.0,0.0,0.0,0
2003-08-01,0,0.0,0.0,0.0,0
2003-08-02,0,0.0,0.0,0.0,0
2003-08-03,0,0.0,0.0,0.0,0
2003-08-04,0,0.0,0.0,0.0,0
2003-08-05,0,0.0,0.0,0.0,0
2003-08-06,0,0.0,0.0,0.0,0
2003-08-07,0,0.0,0.0,0.0,0
2003-08-08,0,0.0,0.0,0.0,0
2003-08-09,0,0.0,0.0,0.0,0
2003-08-10,0,0.0,0.0,0.0,0
2003-08-11,0,0.0,0.0,0.0,0
2003-08-12,0,0.0,0.0,0.0,0
2003-08-13,0,0.0,0.0,0.0,0
2003-08-14,0,0.0,0.0,0.0,0
2003-08-15,0,0.0,0.0,0.0,0
2003-08-16,0,0.0,0.0,0.0,0
2003-08-17,0,0.0,0.0,0.0,0
2003-08-18,0,0.0,0.0,0.0,0
2003-08-19,0,0.0,0.0,0.0,0
2003-08-20,0,0.0,0.0,0.0,0
2003-08-21,0,0.0,0.0,0.0,0
2003-08-22,0,0.0,0.0,0.0,0
2003-08-23,0,0.0,0.0,0.0,0
2003-08-24,0,0.0,0.0,0.0,0
2003-08-25,0,0.0,0.0,0.0,0
2003-08-26,0,0.0,0.0,0.0,0
2003-08-27,0,0.0,0.0,0.0,0
2003-08-28,0,0.0,0.0,0.0,0
2003-08-29,0,0.0,0.0,0.0,0
2003-08-30,0,0.0,0.0,0.0,0
2003-08-31,0,0.0,0.0,0.0,0
2003-09-01,0,0.0,0.0,0.0,0
2003-09-02,0,0.0,0.0,0.0,0
2003-09-03,0,0.0,0.0,0.0,0
2003-09-04,0,0.0,0.0,0.0,0
2003-09-05,0,0.0,0.0,0.0,0
2003-09-06,0,0.0,0.0,0.0,0
2003-09-07,0,0.0,0.0,0.0,0
2003-09-08,0,0.0,0.0,0.0,0
2003-09-09,0,0.0,0.0,0.0,0
2003-09-10,0,0.0,0.0,0.0,0
2003-09-11,0,0.0,0.0,0.0,0
2003-09-12,0,0.0,0.0,0.0,0
2003-09-13,0,0.0,0.0,0.0,0
2003-09-14,0,0.0,0.0,0.0,0
2003-09-15,0,0.0,0.0,0.0,0
2003-09-16,0,0.0,0.0,0.0,0
2003-09-17,0,0.0,0.0,0.0,0
2003-09-18,0,0.0,0.0,0.0,0
2003-09-19,0,0.0,0.0,0.0,0
2003-09-20,0,0.0,0.0,0.0,0
2003-09-21,0,0.0,0.0,0.0,0
2003-09-22,3,312.8666666666667,57.666666666666664,6.1000000000000005,1
2003-09-23,0,0.0,0.0,0.0,0
2003-09-24,0,0.0,0.0,0.0,0
2003-09-25,0,0.0,0.0,0.0,0
2003-09-26,0,0.0,0.0,0.0,0
2003-09-27,0,0.0,0.0,0.0,0
2003-09-28,0,0.0,0.0,0.0,0
2003-09-29,0,0.0,0.0,0.0,0
2003-09-30,0,0.0,0.0,0.0,0
2003-10-01,0,0.0,0.0,0.0,0
2003-10-02,0,0.0,0.0,0.0,0
2003-10-03,1,312.5,64.0,12.5,1
2003-10-04,0,0.0,0.0,0.0,0
2003-10-05,0,0.0,0.0,0.0,0
2003-10-06,2,316.79999999999995,64.5,13.0,1
2003-10-07,0,0.0,0.0,0.0,0
2003-10-08,0,0.0,0.0,0.0,0
2003-10-09,0,0.0,0.0,0.0,0
2003-10-10,0,0.0,0.0,0.0,0
2003-10-11,0,0.0,0.0,0.0,0
2003-10-12,0,0.0,0.0,0.0,0
2003-10-13,0,0.0,0.0,0.0,0
2003-10-14,0,0.0,0.0,0.0,0
2003-10-15,1,308.9,56.0,5.1,1
2003-10-16,1,317.9,70.0,10.8,1
2003-10-17,0,0.0,0.0,0.0,0
2003-10-18,0,0.0,0.0,0.0,0
2003-10-19,1,314.9,65.0,18.3,1
2003-10-20,0,0.0,0.0,0.0,0
2003-10-21,0,0.0,0.0,0.0,0
2003-10-22,0,0.0,0.0,0.0,0
2003-10-23,0,0.0,0.0,0.0,0
2003-10-24,0,0.0,0.0,0.0,0
2003-10-25,0,0.0,0.0,0.0,0
2003-10-26,0,0.0,0.0,0.0,0
2003-10-27,0,0.0,0.0,0.0,0
2003-10-28,0,0.0,0.0,0.0,0
2003-10-29,0,0.0,0.0,0.0,0
2003-10-30,0,0.0,0.0,0.0,0
2003-10-31,0,0.0,0.0,0.0,0
2003-11-01,0,0.0,0.0,0.0,0
2003-11-02,0,0.0,0.0,0.0,0
2003-11-03,0,0.0,0.0,0.0,0
2003-11-04,0,0.0,0.0,0.0,0
2003-11-05,0,0.0,0.0,0.0,0
2003-11-06,0,0.0,0.0,0.0,0
2003-11-07,0,0.0,0.0,0.0,0
2003-11-08,0,0.0,0.0,0.0,0
2003-11-09,0,0.0,0.0,0.0,0
2003-11-10,0,0.0,0.0,0.0,0
2003-11-11,0,0.0,0.0,0.0,0
2003-11-12,0,0.0,0.0,0.0,0
2003-11-13,0,0.0,0.0,0.0,0
2003-11-14,0,0.0,0.0,0.0,0
2003-11-15,0,0.0,0.0,0.0,0
2003-11-16,0,0.0,0.0,0.0,0
2003-11-17,0,0.0,0.0,0.0,0
2003-11-18,0,0.0,0.0,0.0,0
2003-11-19,0,0.0,0.0,0.0,0
2003-11-20,0,0.0,0.0,0.0,0
2003-11-21,0,0.0,0.0,0.0,0
2003-11-22,0,0.0,0.0,0.0,0
2003-11-23,0,0.0,0.0,0.0,0
2003-11-24,0,0.0,0.0,0.0,0
2003-11-25,0,0.0,0.0,0.0,0
2003-11-26,0,0.0,0.0,0.0,0
2003-11-27,0,0.0,0.0,0.0,0
2003-11-28,0,0.0,0.0,0.0,0
2003-11-29,0,0.0,0.0,0.0,0
2003-11-30,0,0.0,0.0,0.0,0
2003-12-01,0,0.0,0.0,0.0,0
2003-12-02,3,313.73333333333335,71.33333333333333,9.799999999999999,1
2003-12-03,2,314.95,71.0,9.7,1
2003-12-04,5,305.0,56.4,13.4,1
2003-12-05,1,301.2,45.0,10.3,1
2003-12-06,6,303.5833333333333,49.166666666666664,14.75,1
2003-12-07,2,303.4,52.0,14.649999999999999,1
2003-12-08,0,0.0,0.0,0.0,0
2003-12-09,0,0.0,0.0,0.0,0
2003-12-10,3,304.09999999999997,57.0,5.1000000000000005,1
2003-12-11,1,302.6,53.0,4.8,1
2003-12-12,0,0.0,0.0,0.0,0
2003-12-13,0,0.0,0.0,0.0,0
2003-12-14,0,0.0,0.0,0.0,0
2003-12-15,0,0.0,0.0,0.0,0
2003-12-16,0,0.0,0.0,0.0,0
2003-12-17,2,312.0,70.5,9.85,1
2003-12-18,0,0.0,0.0,0.0,0
2003-12-19,1,307.2,65.0,5.7,1
2003-12-20,0,0.0,0.0,0.0,0
2003-12-21,0,0.0,0.0,0.0,0
2003-12-22,0,0.0,0.0,0.0,0
2003-12-23,0,0.0,0.0,0.0,0
2003-12-24,0,0.0,0.0,0.0,0
2003-12-25,0,0.0,0.0,0.0,0
2003-12-26,0,0.0,0.0,0.0,0
2003-12-27,0,0.0,0.0,0.0,0
2003-12-28,0,0.0,0.0,0.0,0
2003-12-29,0,0.0,0.0,0.0,0
2003-12-30,0,0.0,0.0,0.0,0
2003-12-31,0,0.0,0.0,0.0,0
2004-01-01,0,0.0,0.0,0.0,0
2004-01-02,0,0.0,0.0,0.0,0
2004-01-03,0,0.0,0.0,0.0,0
2004-01-04,0,0.0,0.0,0.0,0
2004-01-05,0,0.0,0.0,0.0,0
2004-01-06,0,0.0,0.0,0.0,0
2004-01-07,0,0.0,0.0,0.0,0
2004-01-08,0,0.0,0.0,0.0,0
2004-01-09,2,318.65,78.5,18.1,1
2004-01-10,0,0.0,0.0,0.0,0
2004-01-11,0,0.0,0.0,0.0,0
2004-01-12,0,0.0,0.0,0.0,0
2004-01-13,0,0.0,0.0,0.0,0
2004-01-14,0,0.0,0.0,0.0,0
2004-01-15,0,0.0,0.0,0.0,0
2004-01-16,0,0.0,0.0,0.0,0
2004-01-17,0,0.0,0.0,0.0,0
2004-01-18,0,0.0,0.0,0.0,0
2004-01-19,2,309.7,56.0,11.100000000000001,1
2004-01-20,0,0.0,0.0,0.0,0
2004-01-21,0,0.0,0.0,0.0,0
2004-01-22,0,0.0,0.0,0.0,0
2004-01-23,0,0.0,0.0,0.0,0
2004-01-24,0,0.0,0.0,0.0,0
2004-01-25,0,0.0,0.0,0.0,0
2004-01-26,0,0.0,0.0,0.0,0
2004-01-27,8,309.3625,59.375,11.05,1
2004-01-28,5,305.58000000000004,53.0,41.08,1
2004-01-29,0,0.0,0.0,0.0,0
2004-01-30,2,303.4,52.0,14.55,1
2004-01-31,0,0.0,0.0,0.0,0
2004-02-01,0,0.0,0.0,0.0,0
2004-02-02,3,306.96666666666664,64.33333333333333,37.53333333333333,1
2004-02-03,0,0.0,0.0,0.0,0
2004-02-04,0,0.0,0.0,0.0,0
2004-02-05,1,304.5,55.0,5.7,1
2004-02-06,1,300.6,39.0,6.6,1
2004-02-07,0,0.0,0.0,0.0,0
2004-02-08,0,0.0,0.0,0.0,0
2004-02-09,0,0.0,0.0,0.0,0
2004-02-10,0,0.0,0.0,0.0,0
2004-02-11,0,0.0,0.0,0.0,0
2004-02-12,0,0.0,0.0,0.0,0
2004-02-13,0,0.0,0.0,0.0,0
2004-02-14,0,0.0,0.0,0.0,0
2004-02-15,0,0.0,0.0,0.0,0
2004-02-16,0,0.0,0.0,0.0,0
2004-02-17,0,0.0,0.0,0.0,0
2004-02-18,0,0.0,0.0,0.0,0
2004-02-19,0,0.0,0.0,0.0,0
2004-02-20,1,309.3,59.0,6.1,1
2004-02-21,2,303.85,50.5,12.899999999999999,1
2004-02-22,0,0.0,0.0,0.0,0
2004-02-23,0,0.0,0.0,0.0,0
2004-02-24,0,0.0,0.0,0.0,0
2004-02-25,0,0.0,0.0,0.0,0
2004-02-26,1,302.3,34.0,3.6,1
2004-02-27,0,0.0,0.0,0.0,0
2004-02-28,0,0.0,0.0,0.0,0
2004-02-29,0,0.0,0.0,0.0,0
2004-03-01,0,0.0,0.0,0.0,0
2004-03-02,0,0.0,0.0,0.0,0
2004-03-03,0,0.0,0.0,0.0,0
2004-03-04,0,0.0,0.0,0.0,0
2004-03-05,0,0.0,0.0,0.0,0
2004-03-06,1,314.5,73.0,10.2,1
2004-03-07,0,0.0,0.0,0.0,0
2004-03-08,4,347.35,68.25,124.75,1
2004-03-09,1,318.1,72.0,13.5,1
2004-03-10,0,0.0,0.0,0.0,0
2004-03-11,0,0.0,0.0,0.0,0
2004-03-12,0,0.0,0.0,0.0,0
2004-03-13,0,0.0,0.0,0.0,0
2004-03-14,0,0.0,0.0,0.0,0
2004-03-15,0,0.0,0.0,0.0,0
2004-03-16,0,0.0,0.0,0.0,0
2004-03-17,0,0.0,0.0,0.0,0
2004-03-18,0,0.0,0.0,0.0,0
2004-03-19,0,0.0,0.0,0.0,0
2004-03-20,0,0.0,0.0,0.0,0
2004-03-21,0,0.0,0.0,0.0,0
2004-03-22,0,0.0,0.0,0.0,0
2004-03-23,0,0.0,0.0,0.0,0
2004-03-24,0,0.0,0.0,0.0,0
2004-03-25,0,0.0,0.0,0.0,0
2004-03-26,0,0.0,0.0,0.0,0
2004-03-27,0,0.0,0.0,0.0,0
2004-03-28,0,0.0,0.0,0.0,0
2004-03-29,1,314.2,61.0,7.0,1
2004-03-30,0,0.0,0.0,0.0,0
2004-03-31,0,0.0,0.0,0.0,0
2004-04-01,0,0.0,0.0,0.0,0
2004-04-02,0,0.0,0.0,0.0,0
2004-04-03,0,0.0,0.0,0.0,0
2004-04-04,0,0.0,0.0,0.0,0
2004-04-05,0,0.0,0.0,0.0,0
2004-04-06,0,0.0,0.0,0.0,0
2004-04-07,0,0.0,0.0,0.0,0
2004-04-08,0,0.0,0.0,0.0,0
2004-04-09,1,316.0,62.0,8.8,1
2004-04-10,0,0.0,0.0,0.0,0
2004-04-11,0,0.0,0.0,0.0,0
2004-04-12,0,0.0,0.0,0.0,0
2004-04-13,0,0.0,0.0,0.0,0
2004-04-14,2,316.15,59.5,8.05,1
2004-04-15,0,0.0,0.0,0.0,0
2004-04-16,0,0.0,0.0,0.0,0
2004-04-17,0,0.0,0.0,0.0,0
2004-04-18,0,0.0,0.0,0.0,0
2004-04-19,0,0.0,0.0,0.0,0
2004-04-20,0,0.0,0.0,0.0,0
2004-04-21,0,0.0,0.0,0.0,0
2004-04-22,0,0.0,0.0,0.0,0
2004-04-23,0,0.0,0.0,0.0,0
2004-04-24,0,0.0,0.0,0.0,0
2004-04-25,1,301.2,38.0,9.0,1
2004-04-26,1,319.8,76.0,16.7,1
2004-04-27,0,0.0,0.0,0.0,0
2004-04-28,0,0.0,0.0,0.0,0
2004-04-29,0,0.0,0.0,0.0,0
2004-04-30,0,0.0,0.0,0.0,0
2004-05-01,0,0.0,0.0,0.0,0
2004-05-02,1,311.8,59.0,6.1,1
2004-05-03,2,315.4,59.5,6.65,1
2004-05-04,0,0.0,0.0,0.0,0
2004-05-05,0,0.0,0.0,0.0,0
2004-05-06,0,0.0,0.0,0.0,0
2004-05-07,0,0.0,0.0,0.0,0
2004-05-08,0,0.0,0.0,0.0,0
2004-05-09,0,0.0,0.0,0.0,0
2004-05-10,0,0.0,0.0,0.0,0
2004-05-11,0,0.0,0.0,0.0,0
2004-05-12,0,0.0,0.0,0.0,0
2004-05-13,0,0.0,0.0,0.0,0
2004-05-14,0,0.0,0.0,0.0,0
2004-05-15,0,0.0,0.0,0.0,0
2004-05-16,0,0.0,0.0,0.0,0
2004-05-17,0,0.0,0.0,0.0,0
2004-05-18,0,0.0,0.0,0.0,0
2004-05-19,0,0.0,0.0,0.0,0
2004-05-20,0,0.0,0.0,0.0,0
2004-05-21,0,0.0,0.0,0.0,0
2004-05-22,0,0.0,0.0,0.0,0
2004-05-23,0,0.0,0.0,0.0,0
2004-05-24,0,0.0,0.0,0.0,0
2004-05-25,0,0.0,0.0,0.0,0
2004-05-26,0,0.0,0.0,0.0,0
2004-05-27,0,0.0,0.0,0.0,0
2004-05-28,0,0.0,0.0,0.0,0
2004-05-29,0,0.0,0.0,0.0,0
2004-05-30,0,0.0,0.0,0.0,0
2004-05-31,0,0.0,0.0,0.0,0
2004-06-01,0,0.0,0.0,0.0,0
2004-06-02,0,0.0,0.0,0.0,0
2004-06-03,1,316.5,29.0,4.7,1
2004-06-04,0,0.0,0.0,0.0,0
2004-06-05,0,0.0,0.0,0.0,0
2004-06-06,0,0.0,0.0,0.0,0
2004-06-07,0,0.0,0.0,0.0,0
2004-06-08,0,0.0,0.0,0.0,0
2004-06-09,0,0.0,0.0,0.0,0
2004-06-10,0,0.0,0.0,0.0,0
2004-06-11,0,0.0,0.0,0.0,0
2004-06-12,0,0.0,0.0,0.0,0
2004-06-13,0,0.0,0.0,0.0,0
2004-06-14,0,0.0,0.0,0.0,0
2004-06-15,0,0.0,0.0,0.0,0
2004-06-16,0,0.0,0.0,0.0,0
2004-06-17,0,0.0,0.0,0.0,0
2004-06-18,0,0.0,0.0,0.0,0
2004-06-19,0,0.0,0.0,0.0,0
2004-06-20,0,0.0,0.0,0.0,0
2004-06-21,0,0.0,0.0,0.0,0
2004-06-22,0,0.0,0.0,0.0,0
2004-06-23,0,0.0,0.0,0.0,0
2004-06-24,0,0.0,0.0,0.0,0
2004-06-25,0,0.0,0.0,0.0,0
2004-06-26,0,0.0,0.0,0.0,0
2004-06-27,0,0.0,0.0,0.0,0
2004-06-28,0,0.0,0.0,0.0,0
2004-06-29,0,0.0,0.0,0.0,0
2004-06-30,0,0.0,0.0,0.0,0
2004-07-01,0,0.0,0.0,0.0,0
2004-07-02,0,0.0,0.0,0.0,0
2004-07-03,0,0.0,0.0,0.0,0
2004-07-04,0,0.0,0.0,0.0,0
2004-07-05,0,0.0,0.0,0.0,0
2004-07-06,0,0.0,0.0,0.0,0
2004-07-07,0,0.0,0.0,0.0,0
2004-07-08,0,0.0,0.0,0.0,0
2004-07-09,0,0.0,0.0,0.0,0
2004-07-10,0,0.0,0.0,0.0,0
2004-07-11,0,0.0,0.0,0.0,0
2004-07-12,0,0.0,0.0,0.0,0
2004-07-13,0,0.0,0.0,0.0,0
2004-07-14,0,0.0,0.0,0.0,0
2004-07-15,0,0.0,0.0,0.0,0
2004-07-16,0,0.0,0.0,0.0,0
2004-07-17,0,0.0,0.0,0.0,0
2004-07-18,0,0.0,0.0,0.0,0
2004-07-19,0,0.0,0.0,0.0,0
2004-07-20,0,0.0,0.0,0.0,0
2004-07-21,0,0.0,0.0,0.0,0
2004-07-22,0,0.0,0.0,0.0,0
2004-07-23,0,0.0,0.0,0.0,0
2004-07-24,0,0.0,0.0,0.0,0
2004-07-25,0,0.0,0.0,0.0,0
2004-07-26,0,0.0,0.0,0.0,0
2004-07-27,0,0.0,0.0,0.0,0
2004-07-28,0,0.0,0.0,0.0,0
2004-07-29,0,0.0,0.0,0.0,0
2004-07-30,0,0.0,0.0,0.0,0
2004-07-31,0,0.0,0.0,0.0,0
2004-08-01,0,0.0,0.0,0.0,0
2004-08-02,0,0.0,0.0,0.0,0
2004-08-03,0,0.0,0.0,0.0,0
2004-08-04,0,0.0,0.0,0.0,0
2004-08-05,0,0.0,0.0,0.0,0
2004-08-06,0,0.0,0.0,0.0,0
2004-08-07,0,0.0,0.0,0.0,0
2004-08-08,0,0.0,0.0,0.0,0
2004-08-09,0,0.0,0.0,0.0,0
2004-08-10,0,0.0,0.0,0.0,0
2004-08-11,0,0.0,0.0,0.0,0
2004-08-12,0,0.0,0.0,0.0,0
2004-08-13,0,0.0,0.0,0.0,0
2004-08-14,0,0.0,0.0,0.0,0
2004-08-15,0,0.0,0.0,0.0,0
2004-08-16,0,0.0,0.0,0.0,0
2004-08-17,0,0.0,0.0,0.0,0
2004-08-18,0,0.0,0.0,0.0,0
2004-08-19,0,0.0,0.0,0.0,0
2004-08-20,1,322.5,66.0,11.4,1
2004-08-21,0,0.0,0.0,0.0,0
2004-08-22,0,0.0,0.0,0.0,0
2004-08-23,0,0.0,0.0,0.0,0
2004-08-24,0,0.0,0.0,0.0,0
2004-08-25,0,0.0,0.0,0.0,0
2004-08-26,0,0.0,0.0,0.0,0
2004-08-27,0,0.0,0.0,0.0,0
2004-08-28,0,0.0,0.0,0.0,0
2004-08-29,0,0.0,0.0,0.0,0
2004-08-30,0,0.0,0.0,0.0,0
2004-08-31,0,0.0,0.0,0.0,0
2004-09-01,0,0.0,0.0,0.0,0
2004-09-02,0,0.0,0.0,0.0,0
2004-09-03,0,0.0,0.0,0.0,0
2004-09-04,0,0.0,0.0,0.0,0
2004-09-05,0,0.0,0.0,0.0,0
2004-09-06,0,0.0,0.0,0.0,0
2004-09-07,0,0.0,0.0,0.0,0
2004-09-08,0,0.0,0.0,0.0,0
2004-09-09,0,0.0,0.0,0.0,0
2004-09-10,0,0.0,0.0,0.0,0
2004-09-11,0,0.0,0.0,0.0,0
2004-09-12,0,0.0,0.0,0.0,0
2004-09-13,0,0.0,0.0,0.0,0
2004-09-14,0,0.0,0.0,0.0,0
2004-09-15,0,0.0,0.0,0.0,0
2004-09-16,1,320.5,21.0,9.5,1
2004-09-17,0,0.0,0.0,0.0,0
2004-09-18,0,0.0,0.0,0.0,0
2004-09-19,0,0.0,0.0,0.0,0
2004-09-20,0,0.0,0.0,0.0,0
2004-09-21,0,0.0,0.0,0.0,0
2004-09-22,0,0.0,0.0,0.0,0
2004-09-23,0,0.0,0.0,0.0,0
2004-09-24,1,313.2,46.0,5.6,1
2004-09-25,0,0.0,0.0,0.0,0
2004-09-26,0,0.0,0.0,0.0,0
2004-09-27,0,0.0,0.0,0.0,0
2004-09-28,0,0.0,0.0,0.0,0
2004-09-29,0,0.0,0.0,0.0,0
2004-09-30,0,0.0,0.0,0.0,0
2004-10-01,0,0.0,0.0,0.0,0
2004-10-02,0,0.0,0.0,0.0,0
2004-10-03,0,0.0,0.0,0.0,0
2004-10-04,1,315.8,61.0,16.1,1
2004-10-05,0,0.0,0.0,0.0,0
2004-10-06,0,0.0,0.0,0.0,0
2004-10-07,0,0.0,0.0,0.0,0
2004-10-08,0,0.0,0.0,0.0,0
2004-10-09,0,0.0,0.0,0.0,0
2004-10-10,0,0.0,0.0,0.0,0
2004-10-11,0,0.0,0.0,0.0,0
2004-10-12,0,0.0,0.0,0.0,0
2004-10-13,0,0.0,0.0,0.0,0
2004-10-14,0,0.0,0.0,0.0,0
2004-10-15,0,0.0,0.0,0.0,0
2004-10-16,0,0.0,0.0,0.0,0
2004-10-17,0,0.0,0.0,0.0,0
2004-10-18,0,0.0,0.0,0.0,0
2004-10-19,0,0.0,0.0,0.0,0
2004-10-20,0,0.0,0.0,0.0,0
2004-10-21,0,0.0,0.0,0.0,0
2004-10-22,0,0.0,0.0,0.0,0
2004-10-23,0,0.0,0.0,0.0,0
2004-10-24,0,0.0,0.0,0.0,0
2004-10-25,0,0.0,0.0,0.0,0
2004-10-26,0,0.0,0.0,0.0,0
2004-10-27,0,0.0,0.0,0.0,0
2004-10-28,0,0.0,0.0,0.0,0
2004-10-29,0,0.0,0.0,0.0,0
2004-10-30,0,0.0,0.0,0.0,0
2004-10-31,0,0.0,0.0,0.0,0
2004-11-01,0,0.0,0.0,0.0,0
2004-11-02,0,0.0,0.0,0.0,0
2004-11-03,0,0.0,0.0,0.0,0
2004-11-04,0,0.0,0.0,0.0,0
2004-11-05,0,0.0,0.0,0.0,0
2004-11-06,0,0.0,0.0,0.0,0
2004-11-07,0,0.0,0.0,0.0,0
2004-11-08,0,0.0,0.0,0.0,0
2004-11-09,0,0.0,0.0,0.0,0
2004-11-10,0,0.0,0.0,0.0,0
2004-11-11,0,0.0,0.0,0.0,0
2004-11-12,0,0.0,0.0,0.0,0
2004-11-13,0,0.0,0.0,0.0,0
2004-11-14,0,0.0,0.0,0.0,0
2004-11-15,0,0.0,0.0,0.0,0
2004-11-16,0,0.0,0.0,0.0,0
2004-11-17,0,0.0,0.0,0.0,0
2004-11-18,0,0.0,0.0,0.0,0
2004-11-19,0,0.0,0.0,0.0,0
2004-11-20,0,0.0,0.0,0.0,0
2004-11-21,0,0.0,0.0,0.0,0
2004-11-22,0,0.0,0.0,0.0,0
2004-11-23,0,0.0,0.0,0.0,0
2004-11-24,0,0.0,0.0,0.0,0
2004-11-25,0,0.0,0.0,0.0,0
2004-11-26,0,0.0,0.0,0.0,0
2004-11-27,0,0.0,0.0,0.0,0
2004-11-28,0,0.0,0.0,0.0,0
2004-11-29,0,0.0,0.0,0.0,0
2004-11-30,0,0.0,0.0,0.0,0
2004-12-01,3,303.2,47.333333333333336,8.133333333333333,1
2004-12-02,2,304.5,51.0,8.7,1
2004-12-03,0,0.0,0.0,0.0,0
2004-12-04,0,0.0,0.0,0.0,0
2004-12-05,0,0.0,0.0,0.0,0
2004-12-06,0,0.0,0.0,0.0,0
2004-12-07,2,309.9,67.0,29.75,1
2004-12-08,0,0.0,0.0,0.0,0
2004-12-09,0,0.0,0.0,0.0,0
2004-12-10,3,319.0,79.0,19.8,1
2004-12-11,0,0.0,0.0,0.0,0
2004-12-12,0,0.0,0.0,0.0,0
2004-12-13,0,0.0,0.0,0.0,0
2004-12-14,0,0.0,0.0,0.0,0
2004-12-15,0,0.0,0.0,0.0,0
2004-12-16,0,0.0,0.0,0.0,0
2004-12-17,0,0.0,0.0,0.0,0
2004-12-18,0,0.0,0.0,0.0,0
2004-12-19,0,0.0,0.0,0.0,0
2004-12-20,0,0.0,0.0,0.0,0
2004-12-21,0,0.0,0.0,0.0,0
2004-12-22,0,0.0,0.0,0.0,0
2004-12-23,0,0.0,0.0,0.0,0
2004-12-24,0,0.0,0.0,0.0,0
2004-12-25,0,0.0,0.0,0.0,0
2004-12-26,0,0.0,0.0,0.0,0
2004-12-27,0,0.0,0.0,0.0,0
2004-12-28,0,0.0,0.0,0.0,0
2004-12-29,0,0.0,0.0,0.0,0
2004-12-30,0,0.0,0.0,0.0,0
2004-12-31,0,0.0,0.0,0.0,0
2005-01-01,0,0.0,0.0,0.0,0
2005-01-02,0,0.0,0.0,0.0,0
2005-01-03,0,0.0,0.0,0.0,0
2005-01-04,0,0.0,0.0,0.0,0
2005-01-05,0,0.0,0.0,0.0,0
2005-01-06,0,0.0,0.0,0.0,0
2005-01-07,0,0.0,0.0,0.0,0
2005-01-08,0,0.0,0.0,0.0,0
2005-01-09,0,0.0,0.0,0.0,0
2005-01-10,0,0.0,0.0,0.0,0
2005-01-11,0,0.0,0.0,0.0,0
2005-01-12,0,0.0,0.0,0.0,0
2005-01-13,0,0.0,0.0,0.0,0
2005-01-14,0,0.0,0.0,0.0,0
2005-01-15,0,0.0,0.0,0.0,0
2005-01-16,0,0.0,0.0,0.0,0
2005-01-17,0,0.0,0.0,0.0,0
2005-01-18,0,0.0,0.0,0.0,0
2005-01-19,0,0.0,0.0,0.0,0
2005-01-20,0,0.0,0.0,0.0,0
2005-01-21,0,0.0,0.0,0.0,0
2005-01-22,0,0.0,0.0,0.0,0
2005-01-23,0,0.0,0.0,0.0,0
2005-01-24,0,0.0,0.0,0.0,0
2005-01-25,0,0.0,0.0,0.0,0
2005-01-26,0,0.0,0.0,0.0,0
2005-01-27,0,0.0,0.0,0.0,0
2005-01-28,0,0.0,0.0,0.0,0
2005-01-29,0,0.0,0.0,0.0,0
2005-01-30,0,0.0,0.0,0.0,0
2005-01-31,0,0.0,0.0,0.0,0
2005-02-01,0,0.0,0.0,0.0,0
2005-02-02,0,0.0,0.0,0.0,0
2005-02-03,0,0.0,0.0,0.0,0
2005-02-04,0,0.0,0.0,0.0,0
2005-02-05,0,0.0,0.0,0.0,0
2005-02-06,0,0.0,0.0,0.0,0
2005-02-07,0,0.0,0.0,0.0,0
2005-02-08,0,0.0,0.0,0.0,0
2005-02-09,0,0.0,0.0,0.0,0
2005-02-10,0,0.0,0.0,0.0,0
2005-02-11,0,0.0,0.0,0.0,0
2005-02-12,0,0.0,0.0,0.0,0
2005-02-13,0,0.0,0.0,0.0,0
2005-02-14,0,0.0,0.0,0.0,0
2005-02-15,0,0.0,0.0,0.0,0
2005-02-16,0,0.0,0.0,0.0,0
2005-02-17,0,0.0,0.0,0.0,0
2005-02-18,0,0.0,0.0,0.0,0
2005-02-19,0,0.0,0.0,0.0,0
2005-02-20,0,0.0,0.0,0.0,0
2005-02-21,0,0.0,0.0,0.0,0
2005-02-22,0,0.0,0.0,0.0,0
2005-02-23,0,0.0,0.0,0.0,0
2005-02-24,0,0.0,0.0,0.0,0
2005-02-25,0,0.0,0.0,0.0,0
2005-02-26,0,0.0,0.0,0.0,0
2005-02-27,0,0.0,0.0,0.0,0
2005-02-28,0,0.0,0.0,0.0,0
2005-03-01,0,0.0,0.0,0.0,0
2005-03-02,0,0.0,0.0,0.0,0
2005-03-03,0,0.0,0.0,0.0,0
2005-03-04,0,0.0,0.0,0.0,0
2005-03-05,0,0.0,0.0,0.0,0
2005-03-06,0,0.0,0.0,0.0,0
2005-03-07,0,0.0,0.0,0.0,0
2005-03-08,0,0.0,0.0,0.0,0
2005-03-09,0,0.0,0.0,0.0,0
2005-03-10,0,0.0,0.0,0.0,0
2005-03-11,0,0.0,0.0,0.0,0
2005-03-12,0,0.0,0.0,0.0,0
2005-03-13,0,0.0,0.0,0.0,0
2005-03-14,0,0.0,0.0,0.0,0
2005-03-15,0,0.0,0.0,0.0,0
2005-03-16,0,0.0,0.0,0.0,0
2005-03-17,2,304.3,55.5,4.7,1
2005-03-18,0,0.0,0.0,0.0,0
2005-03-19,0,0.0,0.0,0.0,0
2005-03-20,1,311.3,33.0,8.8,1
2005-03-21,0,0.0,0.0,0.0,0
2005-03-22,0,0.0,0.0,0.0,0
2005-03-23,4,314.75,53.0,10.3,1
2005-03-24,1,315.0,69.0,11.6,1
2005-03-25,0,0.0,0.0,0.0,0
2005-03-26,0,0.0,0.0,0.0,0
2005-03-27,0,0.0,0.0,0.0,0
2005-03-28,1,308.1,53.0,6.6,1
2005-03-29,0,0.0,0.0,0.0,0
2005-03-30,0,0.0,0.0,0.0,0
2005-03-31,0,0.0,0.0,0.0,0
2005-04-01,0,0.0,0.0,0.0,0
2005-04-02,2,310.95,57.5,7.6499999999999995,1
2005-04-03,0,0.0,0.0,0.0,0
2005-04-04,0,0.0,0.0,0.0,0
2005-04-05,0,0.0,0.0,0.0,0
2005-04-06,0,0.0,0.0,0.0,0
2005-04-07,0,0.0,0.0,0.0,0
2005-04-08,0,0.0,0.0,0.0,0
2005-04-09,0,0.0,0.0,0.0,0
2005-04-10,0,0.0,0.0,0.0,0
2005-04-11,0,0.0,0.0,0.0,0
2005-04-12,0,0.0,0.0,0.0,0
2005-04-13,0,0.0,0.0,0.0,0
2005-04-14,0,0.0,0.0,0.0,0
2005-04-15,0,0.0,0.0,0.0,0
2005-04-16,0,0.0,0.0,0.0,0
2005-04-17,0,0.0,0.0,0.0,0
2005-04-18,0,0.0,0.0,0.0,0
2005-04-19,0,0.0,0.0,0.0,0
2005-04-20,0,0.0,0.0,0.0,0
2005-04-21,0,0.0,0.0,0.0,0
2005-04-22,0,0.0,0.0,0.0,0
2005-04-23,0,0.0,0.0,0.0,0
2005-04-24,0,0.0,0.0,0.0,0
2005-04-25,0,0.0,0.0,0.0,0
2005-04-26,0,0.0,0.0,0.0,0
2005-04-27,0,0.0,0.0,0.0,0
2005-04-28,0,0.0,0.0,0.0,0
2005-04-29,0,0.0,0.0,0.0,0
2005-04-30,0,0.0,0.0,0.0,0
2005-05-01,0,0.0,0.0,0.0,0
2005-05-02,0,0.0,0.0,0.0,0
2005-05-03,0,0.0,0.0,0.0,0
2005-05-04,1,311.5,60.0,7.7,1
2005-05-05,1,328.4,78.0,17.7,1
2005-05-06,0,0.0,0.0,0.0,0
2005-05-07,0,0.0,0.0,0.0,0
2005-05-08,0,0.0,0.0,0.0,0
2005-05-09,0,0.0,0.0,0.0,0
2005-05-10,0,0.0,0.0,0.0,0
2005-05-11,0,0.0,0.0,0.0,0
2005-05-12,0,0.0,0.0,0.0,0
2005-05-13,1,319.2,61.0,8.7,1
2005-05-14,0,0.0,0.0,0.0,0
2005-05-15,0,0.0,0.0,0.0,0
2005-05-16,0,0.0,0.0,0.0,0
2005-05-17,0,0.0,0.0,0.0,0
2005-05-18,0,0.0,0.0,0.0,0
2005-05-19,0,0.0,0.0,0.0,0
2005-05-20,0,0.0,0.0,0.0,0
2005-05-21,0,0.0,0.0,0.0,0
2005-05-22,0,0.0,0.0,0.0,0
2005-05-23,0,0.0,0.0,0.0,0
2005-05-24,0,0.0,0.0,0.0,0
2005-05-25,0,0.0,0.0,0.0,0
2005-05-26,0,0.0,0.0,0.0,0
2005-05-27,0,0.0,0.0,0.0,0
2005-05-28,0,0.0,0.0,0.0,0
2005-05-29,0,0.0,0.0,0.0,0
2005-05-30,0,0.0,0.0,0.0,0
2005-05-31,0,0.0,0.0,0.0,0
2005-06-01,0,0.0,0.0,0.0,0
2005-06-02,0,0.0,0.0,0.0,0
2005-06-03,0,0.0,0.0,0.0,0
2005-06-04,0,0.0,0.0,0.0,0
2005-06-05,0,0.0,0.0,0.0,0
2005-06-06,0,0.0,0.0,0.0,0
2005-06-07,0,0.0,0.0,0.0,0
2005-06-08,0,0.0,0.0,0.0,0
2005-06-09,0,0.0,0.0,0.0,0
2005-06-10,0,0.0,0.0,0.0,0
2005-06-11,0,0.0,0.0,0.0,0
2005-06-12,0,0.0,0.0,0.0,0
2005-06-13,0,0.0,0.0,0.0,0
2005-06-14,2,326.54999999999995,70.0,12.9,1
2005-06-15,0,0.0,0.0,0.0,0
2005-06-16,0,0.0,0.0,0.0,0
2005-06-17,0,0.0,0.0,0.0,0
2005-06-18,0,0.0,0.0,0.0,0
2005-06-19,0,0.0,0.0,0.0,0
2005-06-20,0,0.0,0.0,0.0,0
2005-06-21,0,0.0,0.0,0.0,0
2005-06-22,0,0.0,0.0,0.0,0
2005-06-23,0,0.0,0.0,0.0,0
2005-06-24,0,0.0,0.0,0.0,0
2005-06-25,0,0.0,0.0,0.0,0
2005-06-26,0,0.0,0.0,0.0,0
2005-06-27,0,0.0,0.0,0.0,0
2005-06-28,0,0.0,0.0,0.0,0
2005-06-29,0,0.0,0.0,0.0,0
2005-06-30,0,0.0,0.0,0.0,0
2005-07-01,0,0.0,0.0,0.0,0
2005-07-02,0,0.0,0.0,0.0,0
2005-07-03,0,0.0,0.0,0.0,0
2005-07-04,0,0.0,0.0,0.0,0
2005-07-05,0,0.0,0.0,0.0,0
2005-07-06,0,0.0,0.0,0.0,0
2005-07-07,0,0.0,0.0,0.0,0
2005-07-08,0,0.0,0.0,0.0,0
2005-07-09,0,0.0,0.0,0.0,0
2005-07-10,0,0.0,0.0,0.0,0
2005-07-11,0,0.0,0.0,0.0,0
2005-07-12,0,0.0,0.0,0.0,0
2005-07-13,0,0.0,0.0,0.0,0
2005-07-14,0,0.0,0.0,0.0,0
2005-07-15,0,0.0,0.0,0.0,0
2005-07-16,0,0.0,0.0,0.0,0
2005-07-17,0,0.0,0.0,0.0,0
2005-07-18,0,0.0,0.0,0.0,0
2005-07-19,0,0.0,0.0,0.0,0
2005-07-20,0,0.0,0.0,0.0,0
2005-07-21,0,0.0,0.0,0.0,0
2005-07-22,0,0.0,0.0,0.0,0
2005-07-23,0,0.0,0.0,0.0,0
2005-07-24,0,0.0,0.0,0.0,0
2005-07-25,0,0.0,0.0,0.0,0
2005-07-26,0,0.0,0.0,0.0,0
2005-07-27,0,0.0,0.0,0.0,0
2005-07-28,0,0.0,0.0,0.0,0
2005-07-29,0,0.0,0.0,0.0,0
2005-07-30,0,0.0,0.0,0.0,0
2005-07-31,0,0.0,0.0,0.0,0
2005-08-01,3,343.6666666666667,79.33333333333333,44.26666666666667,1
2005-08-02,0,0.0,0.0,0.0,0
2005-08-03,2,331.45,69.0,46.900000000000006,1
2005-08-04,2,321.55,54.5,29.349999999999998,1
2005-08-05,0,0.0,0.0,0.0,0
2005-08-06,0,0.0,0.0,0.0,0
2005-08-07,0,0.0,0.0,0.0,0
2005-08-08,0,0.0,0.0,0.0,0
2005-08-09,0,0.0,0.0,0.0,0
2005-08-10,0,0.0,0.0,0.0,0
2005-08-11,0,0.0,0.0,0.0,0
2005-08-12,0,0.0,0.0,0.0,0
2005-08-13,0,0.0,0.0,0.0,0
2005-08-14,0,0.0,0.0,0.0,0
2005-08-15,0,0.0,0.0,0.0,0
2005-08-16,1,338.6,66.0,30.4,1
2005-08-17,0,0.0,0.0,0.0,0
2005-08-18,0,0.0,0.0,0.0,0
2005-08-19,0,0.0,0.0,0.0,0
2005-08-20,0,0.0,0.0,0.0,0
2005-08-21,0,0.0,0.0,0.0,0
2005-08-22,1,323.7,0.0,12.7,1
2005-08-23,0,0.0,0.0,0.0,0
2005-08-24,0,0.0,0.0,0.0,0
2005-08-25,0,0.0,0.0,0.0,0
2005-08-26,2,331.9,31.0,17.75,1
2005-08-27,0,0.0,0.0,0.0,0
2005-08-28,0,0.0,0.0,0.0,0
2005-08-29,0,0.0,0.0,0.0,0
2005-08-30,0,0.0,0.0,0.0,0
2005-08-31,1,327.2,55.0,15.9,1
2005-09-01,0,0.0,0.0,0.0,0
2005-09-02,0,0.0,0.0,0.0,0
2005-09-03,0,0.0,0.0,0.0,0
2005-09-04,0,0.0,0.0,0.0,0
2005-09-05,0,0.0,0.0,0.0,0
2005-09-06,0,0.0,0.0,0.0,0
2005-09-07,0,0.0,0.0,0.0,0
2005-09-08,0,0.0,0.0,0.0,0
2005-09-09,0,0.0,0.0,0.0,0
2005-09-10,0,0.0,0.0,0.0,0
2005-09-11,0,0.0,0.0,0.0,0
2005-09-12,0,0.0,0.0,0.0,0
2005-09-13,0,0.0,0.0,0.0,0
2005-09-14,0,0.0,0.0,0.0,0
2005-09-15,0,0.0,0.0,0.0,0
2005-09-16,0,0.0,0.0,0.0,0
2005-09-17,2,326.1,61.0,8.9,1
2005-09-18,0,0.0,0.0,0.0,0
2005-09-19,1,324.9,0.0,11.1,1
2005-09-20,0,0.0,0.0,0.0,0
2005-09-21,0,0.0,0.0,0.0,0
2005-09-22,0,0.0,0.0,0.0,0
2005-09-23,0,0.0,0.0,0.0,0
2005-09-24,0,0.0,0.0,0.0,0
2005-09-25,0,0.0,0.0,0.0,0
2005-09-26,0,0.0,0.0,0.0,0
2005-09-27,0,0.0,0.0,0.0,0
2005-09-28,0,0.0,0.0,0.0,0
2005-09-29,0,0.0,0.0,0.0,0
2005-09-30,0,0.0,0.0,0.0,0
2005-10-01,0,0.0,0.0,0.0,0
2005-10-02,0,0.0,0.0,0.0,0
2005-10-03,0,0.0,0.0,0.0,0
2005-10-04,0,0.0,0.0,0.0,0
2005-10-05,0,0.0,0.0,0.0,0
2005-10-06,0,0.0,0.0,0.0,0
2005-10-07,0,0.0,0.0,0.0,0
2005-10-08,0,0.0,0.0,0.0,0
2005-10-09,0,0.0,0.0,0.0,0
2005-10-10,0,0.0,0.0,0.0,0
2005-10-11,0,0.0,0.0,0.0,0
2005-10-12,0,0.0,0.0,0.0,0
2005-10-13,0,0.0,0.0,0.0,0
2005-10-14,0,0.0,0.0,0.0,0
2005-10-15,0,0.0,0.0,0.0,0
2005-10-16,0,0.0,0.0,0.0,0
2005-10-17,0,0.0,0.0,0.0,0
2005-10-18,1,318.0,54.0,10.2,1
2005-10-19,0,0.0,0.0,0.0,0
2005-10-20,0,0.0,0.0,0.0,0
2005-10-21,0,0.0,0.0,0.0,0
2005-10-22,0,0.0,0.0,0.0,0
2005-10-23,0,0.0,0.0,0.0,0
2005-10-24,0,0.0,0.0,0.0,0
2005-10-25,2,313.2,66.5,14.8,1
2005-10-26,3,317.8666666666666,59.333333333333336,11.033333333333333,1
2005-10-27,0,0.0,0.0,0.0,0
2005-10-28,2,315.5,53.5,10.65,1
2005-10-29,0,0.0,0.0,0.0,0
2005-10-30,0,0.0,0.0,0.0,0
2005-10-31,0,0.0,0.0,0.0,0
2005-11-01,0,0.0,0.0,0.0,0
2005-11-02,0,0.0,0.0,0.0,0
2005-11-03,0,0.0,0.0,0.0,0
2005-11-04,0,0.0,0.0,0.0,0
2005-11-05,0,0.0,0.0,0.0,0
2005-11-06,0,0.0,0.0,0.0,0
2005-11-07,0,0.0,0.0,0.0,0
2005-11-08,0,0.0,0.0,0.0,0
2005-11-09,0,0.0,0.0,0.0,0
2005-11-10,0,0.0,0.0,0.0,0
2005-11-11,0,0.0,0.0,0.0,0
2005-11-12,0,0.0,0.0,0.0,0
2005-11-13,0,0.0,0.0,0.0,0
2005-11-14,0,0.0,0.0,0.0,0
2005-11-15,0,0.0,0.0,0.0,0
2005-11-16,0,0.0,0.0,0.0,0
2005-11-17,0,0.0,0.0,0.0,0
2005-11-18,0,0.0,0.0,0.0,0
2005-11-19,0,0.0,0.0,0.0,0
2005-11-20,0,0.0,0.0,0.0,0
2005-11-21,1,307.2,58.0,5.8,1
2005-11-22,0,0.0,0.0,0.0,0
2005-11-23,0,0.0,0.0,0.0,0
2005-11-24,0,0.0,0.0,0.0,0
2005-11-25,0,0.0,0.0,0.0,0
2005-11-26,0,0.0,0.0,0.0,0
2005-11-27,0,0.0,0.0,0.0,0
2005-11-28,0,0.0,0.0,0.0,0
2005-11-29,2,312.0,70.5,9.350000000000001,1
2005-11-30,0,0.0,0.0,0.0,0
2005-12-01,0,0.0,0.0,0.0,0
2005-12-02,0,0.0,0.0,0.0,0
2005-12-03,0,0.0,0.0,0.0,0
2005-12-04,0,0.0,0.0,0.0,0
2005-12-05,0,0.0,0.0,0.0,0
2005-12-06,0,0.0,0.0,0.0,0
2005-12-07,0,0.0,0.0,0.0,0
2005-12-08,0,0.0,0.0,0.0,0
2005-12-09,0,0.0,0.0,0.0,0
2005-12-10,0,0.0,0.0,0.0,0
2005-12-11,0,0.0,0.0,0.0,0
2005-12-12,0,0.0,0.0,0.0,0
2005-12-13,0,0.0,0.0,0.0,0
2005-12-14,0,0.0,0.0,0.0,0
2005-12-15,0,0.0,0.0,0.0,0
2005-12-16,0,0.0,0.0,0.0,0
2005-12-17,0,0.0,0.0,0.0,0
2005-12-18,0,0.0,0.0,0.0,0
2005-12-19,0,0.0,0.0,0.0,0
2005-12-20,0,0.0,0.0,0.0,0
2005-12-21,0,0.0,0.0,0.0,0
2005-12-22,0,0.0,0.0,0.0,0
2005-12-23,0,0.0,0.0,0.0,0
2005-12-24,0,0.0,0.0,0.0,0
2005-12-25,0,0.0,0.0,0.0,0
2005-12-26,0,0.0,0.0,0.0,0
2005-12-27,0,0.0,0.0,0.0,0
2005-12-28,0,0.0,0.0,0.0,0
2005-12-29,0,0.0,0.0,0.0,0
2005-12-30,0,0.0,0.0,0.0,0
2005-12-31,0,0.0,0.0,0.0,0
2006-01-01,0,0.0,0.0,0.0,0
2006-01-02,0,0.0,0.0,0.0,0
2006-01-03,0,0.0,0.0,0.0,0
2006-01-04,0,0.0,0.0,0.0,0
2006-01-05,0,0.0,0.0,0.0,0
2006-01-06,0,0.0,0.0,0.0,0
2006-01-07,1,312.2,63.0,6.2,1
2006-01-08,0,0.0,0.0,0.0,0
2006-01-09,0,0.0,0.0,0.0,0
2006-01-10,0,0.0,0.0,0.0,0
2006-01-11,0,0.0,0.0,0.0,0
2006-01-12,0,0.0,0.0,0.0,0
2006-01-13,0,0.0,0.0,0.0,0
2006-01-14,0,0.0,0.0,0.0,0
2006-01-15,0,0.0,0.0,0.0,0
2006-01-16,0,0.0,0.0,0.0,0
2006-01-17,1,300.5,29.0,20.4,1
2006-01-18,0,0.0,0.0,0.0,0
2006-01-19,1,311.8,72.0,12.4,1
2006-01-20,0,0.0,0.0,0.0,0
2006-01-21,0,0.0,0.0,0.0,0
2006-01-22,0,0.0,0.0,0.0,0
2006-01-23,0,0.0,0.0,0.0,0
2006-01-24,0,0.0,0.0,0.0,0
2006-01-25,0,0.0,0.0,0.0,0
2006-01-26,0,0.0,0.0,0.0,0
2006-01-27,0,0.0,0.0,0.0,0
2006-01-28,0,0.0,0.0,0.0,0
2006-01-29,0,0.0,0.0,0.0,0
2006-01-30,0,0.0,0.0,0.0,0
2006-01-31,0,0.0,0.0,0.0,0
2006-02-01,0,0.0,0.0,0.0,0
2006-02-02,0,0.0,0.0,0.0,0
2006-02-03,0,0.0,0.0,0.0,0
2006-02-04,0,0.0,0.0,0.0,0
2006-02-05,0,0.0,0.0,0.0,0
2006-02-06,0,0.0,0.0,0.0,0
2006-02-07,0,0.0,0.0,0.0,0
2006-02-08,0,0.0,0.0,0.0,0
2006-02-09,0,0.0,0.0,0.0,0
2006-02-10,0,0.0,0.0,0.0,0
2006-02-11,0,0.0,0.0,0.0,0
2006-02-12,1,302.4,52.0,11.0,1
2006-02-13,0,0.0,0.0,0.0,0
2006-02-14,0,0.0,0.0,0.0,0
2006-02-15,0,0.0,0.0,0.0,0
2006-02-16,0,0.0,0.0,0.0,0
2006-02-17,0,0.0,0.0,0.0,0
2006-02-18,0,0.0,0.0,0.0,0
2006-02-19,0,0.0,0.0,0.0,0
2006-02-20,0,0.0,0.0,0.0,0
2006-02-21,0,0.0,0.0,0.0,0
2006-02-22,0,0.0,0.0,0.0,0
2006-02-23,2,309.5,67.5,34.4,1
2006-02-24,0,0.0,0.0,0.0,0
2006-02-25,0,0.0,0.0,0.0,0
2006-02-26,2,307.55,41.5,5.2,1
2006-02-27,1,306.4,61.0,6.1,1
2006-02-28,0,0.0,0.0,0.0,0
2006-03-01,0,0.0,0.0,0.0,0
2006-03-02,0,0.0,0.0,0.0,0
2006-03-03,0,0.0,0.0,0.0,0
2006-03-04,0,0.0,0.0,0.0,0
2006-03-05,0,0.0,0.0,0.0,0
2006-03-06,0,0.0,0.0,0.0,0
2006-03-07,0,0.0,0.0,0.0,0
2006-03-08,0,0.0,0.0,0.0,0
2006-03-09,0,0.0,0.0,0.0,0
2006-03-10,0,0.0,0.0,0.0,0
2006-03-11,0,0.0,0.0,0.0,0
2006-03-12,0,0.0,0.0,0.0,0
2006-03-13,0,0.0,0.0,0.0,0
2006-03-14,0,0.0,0.0,0.0,0
2006-03-15,0,0.0,0.0,0.0,0
2006-03-16,0,0.0,0.0,0.0,0
2006-03-17,0,0.0,0.0,0.0,0
2006-03-18,0,0.0,0.0,0.0,0
2006-03-19,0,0.0,0.0,0.0,0
2006-03-20,0,0.0,0.0,0.0,0
2006-03-21,3,313.8,63.666666666666664,6.8,1
2006-03-22,0,0.0,0.0,0.0,0
2006-03-23,0,0.0,0.0,0.0,0
2006-03-24,7,311.2285714285714,64.57142857142857,14.885714285714286,1
2006-03-25,8,315.375,64.625,21.2125,1
2006-03-26,1,307.9,73.0,12.2,1
2006-03-27,0,0.0,0.0,0.0,0
2006-03-28,0,0.0,0.0,0.0,0
2006-03-29,0,0.0,0.0,0.0,0
2006-03-30,1,315.1,58.0,9.1,1
2006-03-31,0,0.0,0.0,0.0,0
2006-04-01,4,323.675,73.5,54.475,1
2006-04-02,0,0.0,0.0,0.0,0
2006-04-03,2,319.85,73.0,17.75,1
2006-04-04,0,0.0,0.0,0.0,0
2006-04-05,0,0.0,0.0,0.0,0
2006-04-06,0,0.0,0.0,0.0,0
2006-04-07,3,319.5,46.333333333333336,25.233333333333334,1
2006-04-08,1,316.2,64.0,8.8,1
2006-04-09,0,0.0,0.0,0.0,0
2006-04-10,0,0.0,0.0,0.0,0
2006-04-11,0,0.0,0.0,0.0,0
2006-04-12,0,0.0,0.0,0.0,0
2006-04-13,0,0.0,0.0,0.0,0
2006-04-14,0,0.0,0.0,0.0,0
2006-04-15,0,0.0,0.0,0.0,0
2006-04-16,0,0.0,0.0,0.0,0
2006-04-17,0,0.0,0.0,0.0,0
2006-04-18,0,0.0,0.0,0.0,0
2006-04-19,0,0.0,0.0,0.0,0
2006-04-20,0,0.0,0.0,0.0,0
2006-04-21,2,316.5,56.0,10.2,1
2006-04-22,5,326.08000000000004,63.8,15.180000000000001,1
2006-04-23,0,0.0,0.0,0.0,0
2006-04-24,0,0.0,0.0,0.0,0
2006-04-25,1,315.3,64.0,18.2,1
2006-04-26,3,312.26666666666665,52.666666666666664,18.966666666666665,1
2006-04-27,1,311.8,31.0,8.1,1
2006-04-28,0,0.0,0.0,0.0,0
2006-04-29,3,313.09999999999997,52.666666666666664,5.533333333333334,1
2006-04-30,3,317.3333333333333,53.333333333333336,6.133333333333333,1
2006-05-01,0,0.0,0.0,0.0,0
2006-05-02,0,0.0,0.0,0.0,0
2006-05-03,0,0.0,0.0,0.0,0
2006-05-04,0,0.0,0.0,0.0,0
2006-05-05,3,325.43333333333334,77.66666666666667,29.599999999999998,1
2006-05-06,0,0.0,0.0,0.0,0
2006-05-07,0,0.0,0.0,0.0,0
2006-05-08,0,0.0,0.0,0.0,0
2006-05-09,3,329.8333333333333,77.66666666666667,21.833333333333332,1
2006-05-10,1,316.7,60.0,9.1,1
2006-05-11,0,0.0,0.0,0.0,0
2006-05-12,0,0.0,0.0,0.0,0
2006-05-13,0,0.0,0.0,0.0,0
2006-05-14,0,0.0,0.0,0.0,0
2006-05-15,2,322.5,66.5,10.55,1
2006-05-16,0,0.0,0.0,0.0,0
2006-05-17,0,0.0,0.0,0.0,0
2006-05-18,0,0.0,0.0,0.0,0
2006-05-19,0,0.0,0.0,0.0,0
2006-05-20,0,0.0,0.0,0.0,0
2006-05-21,0,0.0,0.0,0.0,0
2006-05-22,0,0.0,0.0,0.0,0
2006-05-23,0,0.0,0.0,0.0,0
2006-05-24,0,0.0,0.0,0.0,0
2006-05-25,0,0.0,0.0,0.0,0
2006-05-26,0,0.0,0.0,0.0,0
2006-05-27,0,0.0,0.0,0.0,0
2006-05-28,0,0.0,0.0,0.0,0
2006-05-29,0,0.0,0.0,0.0,0
2006-05-30,0,0.0,0.0,0.0,0
2006-05-31,0,0.0,0.0,0.0,0
2006-06-01,0,0.0,0.0,0.0,0
2006-06-02,0,0.0,0.0,0.0,0
2006-06-03,0,0.0,0.0,0.0,0
2006-06-04,0,0.0,0.0,0.0,0
2006-06-05,0,0.0,0.0,0.0,0
2006-06-06,0,0.0,0.0,0.0,0
2006-06-07,0,0.0,0.0,0.0,0
2006-06-08,0,0.0,0.0,0.0,0
2006-06-09,0,0.0,0.0,0.0,0
2006-06-10,0,0.0,0.0,0.0,0
2006-06-11,0,0.0,0.0,0.0,0
2006-06-12,0,0.0,0.0,0.0,0
2006-06-13,0,0.0,0.0,0.0,0
2006-06-14,0,0.0,0.0,0.0,0
2006-06-15,0,0.0,0.0,0.0,0
2006-06-16,0,0.0,0.0,0.0,0
2006-06-17,0,0.0,0.0,0.0,0
2006-06-18,0,0.0,0.0,0.0,0
2006-06-19,0,0.0,0.0,0.0,0
2006-06-20,0,0.0,0.0,0.0,0
2006-06-21,0,0.0,0.0,0.0,0
2006-06-22,0,0.0,0.0,0.0,0
2006-06-23,0,0.0,0.0,0.0,0
2006-06-24,0,0.0,0.0,0.0,0
2006-06-25,0,0.0,0.0,0.0,0
2006-06-26,0,0.0,0.0,0.0,0
2006-06-27,0,0.0,0.0,0.0,0
2006-06-28,0,0.0,0.0,0.0,0
2006-06-29,0,0.0,0.0,0.0,0
2006-06-30,0,0.0,0.0,0.0,0
2006-07-01,0,0.0,0.0,0.0,0
2006-07-02,0,0.0,0.0,0.0,0
2006-07-03,0,0.0,0.0,0.0,0
2006-07-04,0,0.0,0.0,0.0,0
2006-07-05,1,325.1,72.0,17.2,1
2006-07-06,0,0.0,0.0,0.0,0
2006-07-07,0,0.0,0.0,0.0,0
2006-07-08,0,0.0,0.0,0.0,0
2006-07-09,2,301.5,41.0,4.8,1
2006-07-10,0,0.0,0.0,0.0,0
2006-07-11,0,0.0,0.0,0.0,0
2006-07-12,0,0.0,0.0,0.0,0
2006-07-13,1,326.1,45.0,10.6,1
2006-07-14,0,0.0,0.0,0.0,0
2006-07-15,0,0.0,0.0,0.0,0
2006-07-16,0,0.0,0.0,0.0,0
2006-07-17,0,0.0,0.0,0.0,0
2006-07-18,2,340.5,80.0,23.700000000000003,1
2006-07-19,0,0.0,0.0,0.0,0
2006-07-20,0,0.0,0.0,0.0,0
2006-07-21,0,0.0,0.0,0.0,0
2006-07-22,0,0.0,0.0,0.0,0
2006-07-23,0,0.0,0.0,0.0,0
2006-07-24,0,0.0,0.0,0.0,0
2006-07-25,0,0.0,0.0,0.0,0
2006-07-26,0,0.0,0.0,0.0,0
2006-07-27,0,0.0,0.0,0.0,0
2006-07-28,0,0.0,0.0,0.0,0
2006-07-29,0,0.0,0.0,0.0,0
2006-07-30,0,0.0,0.0,0.0,0
2006-07-31,1,325.7,50.0,35.6,1
2006-08-01,0,0.0,0.0,0.0,0
2006-08-02,0,0.0,0.0,0.0,0
2006-08-03,0,0.0,0.0,0.0,0
2006-08-04,0,0.0,0.0,0.0,0
2006-08-05,0,0.0,0.0,0.0,0
2006-08-06,0,0.0,0.0,0.0,0
2006-08-07,0,0.0,0.0,0.0,0
2006-08-08,0,0.0,0.0,0.0,0
2006-08-09,0,0.0,0.0,0.0,0
2006-08-10,1,330.4,45.0,17.0,1
2006-08-11,0,0.0,0.0,0.0,0
2006-08-12,0,0.0,0.0,0.0,0
2006-08-13,2,330.95000000000005,78.0,19.5,1
2006-08-14,0,0.0,0.0,0.0,0
2006-08-15,1,335.3,81.0,28.6,1
2006-08-16,0,0.0,0.0,0.0,0
2006-08-17,0,0.0,0.0,0.0,0
2006-08-18,0,0.0,0.0,0.0,0
2006-08-19,0,0.0,0.0,0.0,0
2006-08-20,0,0.0,0.0,0.0,0
2006-08-21,0,0.0,0.0,0.0,0
2006-08-22,0,0.0,0.0,0.0,0
2006-08-23,0,0.0,0.0,0.0,0
2006-08-24,0,0.0,0.0,0.0,0
2006-08-25,0,0.0,0.0,0.0,0
2006-08-26,0,0.0,0.0,0.0,0
2006-08-27,1,325.7,36.0,15.7,1
2006-08-28,0,0.0,0.0,0.0,0
2006-08-29,0,0.0,0.0,0.0,0
2006-08-30,0,0.0,0.0,0.0,0
2006-08-31,0,0.0,0.0,0.0,0
2006-09-01,0,0.0,0.0,0.0,0
2006-09-02,0,0.0,0.0,0.0,0
2006-09-03,0,0.0,0.0,0.0,0
2006-09-04,0,0.0,0.0,0.0,0
2006-09-05,0,0.0,0.0,0.0,0
2006-09-06,0,0.0,0.0,0.0,0
2006-09-07,0,0.0,0.0,0.0,0
2006-09-08,0,0.0,0.0,0.0,0
2006-09-09,0,0.0,0.0,0.0,0
2006-09-10,1,321.9,59.0,35.1,1
2006-09-11,0,0.0,0.0,0.0,0
2006-09-12,5,339.24,70.6,44.019999999999996,1
2006-09-13,1,320.8,64.0,10.8,1
2006-09-14,4,325.025,63.25,15.375,1
2006-09-15,1,311.2,26.0,35.7,1
2006-09-16,0,0.0,0.0,0.0,0
2006-09-17,0,0.0,0.0,0.0,0
2006-09-18,0,0.0,0.0,0.0,0
2006-09-19,3,324.40000000000003,74.33333333333333,18.633333333333333,1
2006-09-20,1,320.3,56.0,6.8,1
2006-09-21,1,317.1,60.0,6.7,1
2006-09-22,0,0.0,0.0,0.0,0
2006-09-23,0,0.0,0.0,0.0,0
2006-09-24,0,0.0,0.0,0.0,0
2006-09-25,1,315.2,60.0,15.3,1
2006-09-26,0,0.0,0.0,0.0,0
2006-09-27,0,0.0,0.0,0.0,0
2006-09-28,0,0.0,0.0,0.0,0
2006-09-29,5,343.24,79.4,51.4,1
2006-09-30,0,0.0,0.0,0.0,0
2006-10-01,0,0.0,0.0,0.0,0
2006-10-02,0,0.0,0.0,0.0,0
2006-10-03,0,0.0,0.0,0.0,0
2006-10-04,0,0.0,0.0,0.0,0
2006-10-05,0,0.0,0.0,0.0,0
2006-10-06,0,0.0,0.0,0.0,0
2006-10-07,0,0.0,0.0,0.0,0
2006-10-08,0,0.0,0.0,0.0,0
2006-10-09,0,0.0,0.0,0.0,0
2006-10-10,0,0.0,0.0,0.0,0
2006-10-11,8,322.1375,73.375,34.825,1
2006-10-12,0,0.0,0.0,0.0,0
2006-10-13,2,312.1,60.0,16.85,1
2006-10-14,0,0.0,0.0,0.0,0
2006-10-15,0,0.0,0.0,0.0,0
2006-10-16,2,313.29999999999995,64.0,42.55,1
2006-10-17,1,320.7,73.0,15.7,1
2006-10-18,1,311.8,56.0,7.3,1
2006-10-19,0,0.0,0.0,0.0,0
2006-10-20,0,0.0,0.0,0.0,0
2006-10-21,2,316.79999999999995,68.0,10.9,1
2006-10-22,0,0.0,0.0,0.0,0
2006-10-23,4,309.975,56.5,7.4,1
2006-10-24,0,0.0,0.0,0.0,0
2006-10-25,0,0.0,0.0,0.0,0
2006-10-26,0,0.0,0.0,0.0,0
2006-10-27,2,307.9,61.0,10.8,1
2006-10-28,6,310.59999999999997,62.833333333333336,16.033333333333335,1
2006-10-29,0,0.0,0.0,0.0,0
2006-10-30,0,0.0,0.0,0.0,0
2006-10-31,0,0.0,0.0,0.0,0
2006-11-01,0,0.0,0.0,0.0,0
2006-11-02,2,314.6,74.5,14.55,1
2006-11-03,0,0.0,0.0,0.0,0
2006-11-04,0,0.0,0.0,0.0,0
2006-11-05,0,0.0,0.0,0.0,0
2006-11-06,1,306.6,24.0,5.7,1
2006-11-07,0,0.0,0.0,0.0,0
2006-11-08,1,310.4,51.0,5.7,1
2006-11-09,1,316.8,67.0,9.6,1
2006-11-10,1,319.8,73.0,14.4,1
2006-11-11,0,0.0,0.0,0.0,0
2006-11-12,0,0.0,0.0,0.0,0
2006-11-13,0,0.0,0.0,0.0,0
2006-11-14,0,0.0,0.0,0.0,0
2006-11-15,5,339.38,88.4,53.92,1
2006-11-16,1,308.4,64.0,5.2,1
2006-11-17,1,307.3,59.0,5.4,1
2006-11-18,0,0.0,0.0,0.0,0
2006-11-19,0,0.0,0.0,0.0,0
2006-11-20,0,0.0,0.0,0.0,0
2006-11-21,0,0.0,0.0,0.0,0
2006-11-22,0,0.0,0.0,0.0,0
2006-11-23,0,0.0,0.0,0.0,0
2006-11-24,0,0.0,0.0,0.0,0
2006-11-25,0,0.0,0.0,0.0,0
2006-11-26,0,0.0,0.0,0.0,0
2006-11-27,0,0.0,0.0,0.0,0
2006-11-28,0,0.0,0.0,0.0,0
2006-11-29,0,0.0,0.0,0.0,0
2006-11-30,0,0.0,0.0,0.0,0
2006-12-01,0,0.0,0.0,0.0,0
2006-12-02,1,301.1,45.0,3.1,1
2006-12-03,0,0.0,0.0,0.0,0
2006-12-04,4,319.65,76.75,28.0,1
2006-12-05,1,316.9,77.0,51.4,1
2006-12-06,1,317.0,74.0,41.1,1
2006-12-07,0,0.0,0.0,0.0,0
2006-12-08,0,0.0,0.0,0.0,0
2006-12-09,0,0.0,0.0,0.0,0
2006-12-10,0,0.0,0.0,0.0,0
2006-12-11,0,0.0,0.0,0.0,0
2006-12-12,2,309.8,63.5,29.45,1
2006-12-13,1,312.7,69.0,17.5,1
2006-12-14,1,309.0,67.0,12.6,1
2006-12-15,0,0.0,0.0,0.0,0
2006-12-16,0,0.0,0.0,0.0,0
2006-12-17,0,0.0,0.0,0.0,0
2006-12-18,0,0.0,0.0,0.0,0
2006-12-19,0,0.0,0.0,0.0,0
2006-12-20,0,0.0,0.0,0.0,0
2006-12-21,0,0.0,0.0,0.0,0
2006-12-22,0,0.0,0.0,0.0,0
2006-12-23,0,0.0,0.0,0.0,0
2006-12-24,0,0.0,0.0,0.0,0
2006-12-25,0,0.0,0.0,0.0,0
2006-12-26,0,0.0,0.0,0.0,0
2006-12-27,0,0.0,0.0,0.0,0
2006-12-28,0,0.0,0.0,0.0,0
2006-12-29,0,0.0,0.0,0.0,0
2006-12-30,0,0.0,0.0,0.0,0
2006-12-31,0,0.0,0.0,0.0,0
2007-01-01,1,301.6,48.0,4.8,1
2007-01-02,0,0.0,0.0,0.0,0
2007-01-03,0,0.0,0.0,0.0,0
2007-01-04,2,301.54999999999995,44.0,5.45,1
2007-01-05,0,0.0,0.0,0.0,0
2007-01-06,0,0.0,0.0,0.0,0
2007-01-07,0,0.0,0.0,0.0,0
2007-01-08,4,307.5,61.75,9.475,1
2007-01-09,0,0.0,0.0,0.0,0
2007-01-10,1,311.5,71.0,9.9,1
2007-01-11,0,0.0,0.0,0.0,0
2007-01-12,0,0.0,0.0,0.0,0
2007-01-13,0,0.0,0.0,0.0,0
2007-01-14,0,0.0,0.0,0.0,0
2007-01-15,0,0.0,0.0,0.0,0
2007-01-16,0,0.0,0.0,0.0,0
2007-01-17,0,0.0,0.0,0.0,0
2007-01-18,0,0.0,0.0,0.0,0
2007-01-19,0,0.0,0.0,0.0,0
2007-01-20,0,0.0,0.0,0.0,0
2007-01-21,0,0.0,0.0,0.0,0
2007-01-22,0,0.0,0.0,0.0,0
2007-01-23,0,0.0,0.0,0.0,0
2007-01-24,0,0.0,0.0,0.0,0
2007-01-25,1,319.4,79.0,23.4,1
2007-01-26,1,302.6,36.0,5.4,1
2007-01-27,4,304.6,59.25,5.75,1
2007-01-28,0,0.0,0.0,0.0,0
2007-01-29,1,300.9,43.0,9.5,1
2007-01-30,0,0.0,0.0,0.0,0
2007-01-31,0,0.0,0.0,0.0,0
2007-02-01,0,0.0,0.0,0.0,0
2007-02-02,0,0.0,0.0,0.0,0
2007-02-03,2,308.9,65.5,13.25,1
2007-02-04,0,0.0,0.0,0.0,0
2007-02-05,2,300.9,35.0,3.25,1
2007-02-06,1,305.8,55.0,5.7,1
2007-02-07,0,0.0,0.0,0.0,0
2007-02-08,0,0.0,0.0,0.0,0
2007-02-09,0,0.0,0.0,0.0,0
2007-02-10,0,0.0,0.0,0.0,0
2007-02-11,0,0.0,0.0,0.0,0
2007-02-12,0,0.0,0.0,0.0,0
2007-02-13,0,0.0,0.0,0.0,0
2007-02-14,0,0.0,0.0,0.0,0
2007-02-15,0,0.0,0.0,0.0,0
2007-02-16,6,316.78333333333336,72.33333333333333,37.9,1
2007-02-17,0,0.0,0.0,0.0,0
2007-02-18,8,350.2875,51.125,82.35,1
2007-02-19,0,0.0,0.0,0.0,0
2007-02-20,0,0.0,0.0,0.0,0
2007-02-21,3,313.06666666666666,54.666666666666664,16.466666666666665,1
2007-02-22,0,0.0,0.0,0.0,0
2007-02-23,0,0.0,0.0,0.0,0
2007-02-24,4,308.375,51.0,13.575,1
2007-02-25,4,313.1,59.0,14.425,1
2007-02-26,2,321.7,74.0,16.7,1
2007-02-27,9,333.5888888888889,79.77777777777777,35.43333333333333,1
2007-02-28,0,0.0,0.0,0.0,0
2007-03-01,0,0.0,0.0,0.0,0
2007-03-02,0,0.0,0.0,0.0,0
2007-03-03,0,0.0,0.0,0.0,0
2007-03-04,3,313.93333333333334,70.0,14.566666666666668,1
2007-03-05,0,0.0,0.0,0.0,0
2007-03-06,1,315.8,68.0,9.8,1
2007-03-07,0,0.0,0.0,0.0,0
2007-03-08,1,317.7,65.0,7.3,1
2007-03-09,0,0.0,0.0,0.0,0
2007-03-10,0,0.0,0.0,0.0,0
2007-03-11,0,0.0,0.0,0.0,0
2007-03-12,2,321.85,77.5,46.75,1
2007-03-13,0,0.0,0.0,0.0,0
2007-03-14,0,0.0,0.0,0.0,0
2007-03-15,0,0.0,0.0,0.0,0
2007-03-16,0,0.0,0.0,0.0,0
2007-03-17,2,309.25,52.5,6.5,1
2007-03-18,0,0.0,0.0,0.0,0
2007-03-19,0,0.0,0.0,0.0,0
2007-03-20,0,0.0,0.0,0.0,0
2007-03-21,0,0.0,0.0,0.0,0
2007-03-22,0,0.0,0.0,0.0,0
2007-03-23,0,0.0,0.0,0.0,0
2007-03-24,0,0.0,0.0,0.0,0
2007-03-25,0,0.0,0.0,0.0,0
2007-03-26,0,0.0,0.0,0.0,0
2007-03-27,1,310.6,55.0,14.5,1
2007-03-28,0,0.0,0.0,0.0,0
2007-03-29,0,0.0,0.0,0.0,0
2007-03-30,0,0.0,0.0,0.0,0
2007-03-31,0,0.0,0.0,0.0,0
2007-04-01,3,320.43333333333334,72.0,12.033333333333333,1
2007-04-02,1,319.9,77.0,11.5,1
2007-04-03,0,0.0,0.0,0.0,0
2007-04-04,0,0.0,0.0,0.0,0
2007-04-05,3,308.0,58.666666666666664,12.133333333333333,1
2007-04-06,0,0.0,0.0,0.0,0
2007-04-07,0,0.0,0.0,0.0,0
2007-04-08,0,0.0,0.0,0.0,0
2007-04-09,0,0.0,0.0,0.0,0
2007-04-10,0,0.0,0.0,0.0,0
2007-04-11,0,0.0,0.0,0.0,0
2007-04-12,0,0.0,0.0,0.0,0
2007-04-13,0,0.0,0.0,0.0,0
2007-04-14,0,0.0,0.0,0.0,0
2007-04-15,3,315.8333333333333,68.33333333333333,13.333333333333334,1
2007-04-16,0,0.0,0.0,0.0,0
2007-04-17,0,0.0,0.0,0.0,0
2007-04-18,0,0.0,0.0,0.0,0
2007-04-19,0,0.0,0.0,0.0,0
2007-04-20,0,0.0,0.0,0.0,0
2007-04-21,0,0.0,0.0,0.0,0
2007-04-22,0,0.0,0.0,0.0,0
2007-04-23,0,0.0,0.0,0.0,0
2007-04-24,0,0.0,0.0,0.0,0
2007-04-25,0,0.0,0.0,0.0,0
2007-04-26,0,0.0,0.0,0.0,0
2007-04-27,0,0.0,0.0,0.0,0
2007-04-28,0,0.0,0.0,0.0,0
2007-04-29,0,0.0,0.0,0.0,0
2007-04-30,0,0.0,0.0,0.0,0
2007-05-01,0,0.0,0.0,0.0,0
2007-05-02,0,0.0,0.0,0.0,0
2007-05-03,0,0.0,0.0,0.0,0
2007-05-04,0,0.0,0.0,0.0,0
2007-05-05,0,0.0,0.0,0.0,0
2007-05-06,0,0.0,0.0,0.0,0
2007-05-07,0,0.0,0.0,0.0,0
2007-05-08,0,0.0,0.0,0.0,0
2007-05-09,0,0.0,0.0,0.0,0
2007-05-10,0,0.0,0.0,0.0,0
2007-05-11,0,0.0,0.0,0.0,0
2007-05-12,2,333.75,83.5,31.25,1
2007-05-13,0,0.0,0.0,0.0,0
2007-05-14,1,313.1,37.0,11.1,1
2007-05-15,0,0.0,0.0,0.0,0
2007-05-16,0,0.0,0.0,0.0,0
2007-05-17,0,0.0,0.0,0.0,0
2007-05-18,0,0.0,0.0,0.0,0
2007-05-19,0,0.0,0.0,0.0,0
2007-05-20,0,0.0,0.0,0.0,0
2007-05-21,0,0.0,0.0,0.0,0
2007-05-22,0,0.0,0.0,0.0,0
2007-05-23,0,0.0,0.0,0.0,0
2007-05-24,0,0.0,0.0,0.0,0
2007-05-25,0,0.0,0.0,0.0,0
2007-05-26,0,0.0,0.0,0.0,0
2007-05-27,0,0.0,0.0,0.0,0
2007-05-28,0,0.0,0.0,0.0,0
2007-05-29,0,0.0,0.0,0.0,0
2007-05-30,0,0.0,0.0,0.0,0
2007-05-31,0,0.0,0.0,0.0,0
2007-06-01,0,0.0,0.0,0.0,0
2007-06-02,0,0.0,0.0,0.0,0
2007-06-03,0,0.0,0.0,0.0,0
2007-06-04,1,316.7,63.0,7.5,1
2007-06-05,0,0.0,0.0,0.0,0
2007-06-06,0,0.0,0.0,0.0,0
2007-06-07,0,0.0,0.0,0.0,0
2007-06-08,0,0.0,0.0,0.0,0
2007-06-09,0,0.0,0.0,0.0,0
2007-06-10,0,0.0,0.0,0.0,0
2007-06-11,2,324.3,70.5,11.4,1
2007-06-12,0,0.0,0.0,0.0,0
2007-06-13,0,0.0,0.0,0.0,0
2007-06-14,0,0.0,0.0,0.0,0
2007-06-15,0,0.0,0.0,0.0,0
2007-06-16,0,0.0,0.0,0.0,0
2007-06-17,0,0.0,0.0,0.0,0
2007-06-18,0,0.0,0.0,0.0,0
2007-06-19,0,0.0,0.0,0.0,0
2007-06-20,0,0.0,0.0,0.0,0
2007-06-21,0,0.0,0.0,0.0,0
2007-06-22,0,0.0,0.0,0.0,0
2007-06-23,0,0.0,0.0,0.0,0
2007-06-24,0,0.0,0.0,0.0,0
2007-06-25,0,0.0,0.0,0.0,0
2007-06-26,0,0.0,0.0,0.0,0
2007-06-27,0,0.0,0.0,0.0,0
2007-06-28,0,0.0,0.0,0.0,0
2007-06-29,0,0.0,0.0,0.0,0
2007-06-30,0,0.0,0.0,0.0,0
2007-07-01,0,0.0,0.0,0.0,0
2007-07-02,0,0.0,0.0,0.0,0
2007-07-03,0,0.0,0.0,0.0,0
2007-07-04,0,0.0,0.0,0.0,0
2007-07-05,0,0.0,0.0,0.0,0
2007-07-06,0,0.0,0.0,0.0,0
2007-07-07,0,0.0,0.0,0.0,0
2007-07-08,0,0.0,0.0,0.0,0
2007-07-09,0,0.0,0.0,0.0,0
2007-07-10,0,0.0,0.0,0.0,0
2007-07-11,0,0.0,0.0,0.0,0
2007-07-12,0,0.0,0.0,0.0,0
2007-07-13,0,0.0,0.0,0.0,0
2007-07-14,0,0.0,0.0,0.0,0
2007-07-15,0,0.0,0.0,0.0,0
2007-07-16,0,0.0,0.0,0.0,0
2007-07-17,0,0.0,0.0,0.0,0
2007-07-18,0,0.0,0.0,0.0,0
2007-07-19,0,0.0,0.0,0.0,0
2007-07-20,0,0.0,0.0,0.0,0
2007-07-21,0,0.0,0.0,0.0,0
2007-07-22,0,0.0,0.0,0.0,0
2007-07-23,0,0.0,0.0,0.0,0
2007-07-24,0,0.0,0.0,0.0,0
2007-07-25,0,0.0,0.0,0.0,0
2007-07-26,0,0.0,0.0,0.0,0
2007-07-27,0,0.0,0.0,0.0,0
2007-07-28,0,0.0,0.0,0.0,0
2007-07-29,0,0.0,0.0,0.0,0
2007-07-30,0,0.0,0.0,0.0,0
2007-07-31,1,320.5,68.0,10.3,1
2007-08-01,0,0.0,0.0,0.0,0
2007-08-02,0,0.0,0.0,0.0,0
2007-08-03,0,0.0,0.0,0.0,0
2007-08-04,0,0.0,0.0,0.0,0
2007-08-05,0,0.0,0.0,0.0,0
2007-08-06,1,324.3,69.0,10.0,1
2007-08-07,2,318.9,60.0,6.7,1
2007-08-08,1,321.9,66.0,11.7,1
2007-08-09,1,323.6,69.0,15.2,1
2007-08-10,0,0.0,0.0,0.0,0
2007-08-11,0,0.0,0.0,0.0,0
2007-08-12,0,0.0,0.0,0.0,0
2007-08-13,0,0.0,0.0,0.0,0
2007-08-14,0,0.0,0.0,0.0,0
2007-08-15,0,0.0,0.0,0.0,0
2007-08-16,0,0.0,0.0,0.0,0
2007-08-17,0,0.0,0.0,0.0,0
2007-08-18,0,0.0,0.0,0.0,0
2007-08-19,0,0.0,0.0,0.0,0
2007-08-20,0,0.0,0.0,0.0,0
2007-08-21,0,0.0,0.0,0.0,0
2007-08-22,2,330.95000000000005,78.5,19.700000000000003,1
2007-08-23,0,0.0,0.0,0.0,0
2007-08-24,0,0.0,0.0,0.0,0
2007-08-25,0,0.0,0.0,0.0,0
2007-08-26,0,0.0,0.0,0.0,0
2007-08-27,0,0.0,0.0,0.0,0
2007-08-28,1,308.2,25.0,6.7,1
2007-08-29,0,0.0,0.0,0.0,0
2007-08-30,0,0.0,0.0,0.0,0
2007-08-31,0,0.0,0.0,0.0,0
2007-09-01,0,0.0,0.0,0.0,0
2007-09-02,0,0.0,0.0,0.0,0
2007-09-03,0,0.0,0.0,0.0,0
2007-09-04,0,0.0,0.0,0.0,0
2007-09-05,0,0.0,0.0,0.0,0
2007-09-06,0,0.0,0.0,0.0,0
2007-09-07,0,0.0,0.0,0.0,0
2007-09-08,0,0.0,0.0,0.0,0
2007-09-09,0,0.0,0.0,0.0,0
2007-09-10,0,0.0,0.0,0.0,0
2007-09-11,0,0.0,0.0,0.0,0
2007-09-12,0,0.0,0.0,0.0,0
2007-09-13,0,0.0,0.0,0.0,0
2007-09-14,0,0.0,0.0,0.0,0
2007-09-15,0,0.0,0.0,0.0,0
2007-09-16,0,0.0,0.0,0.0,0
2007-09-17,0,0.0,0.0,0.0,0
2007-09-18,0,0.0,0.0,0.0,0
2007-09-19,0,0.0,0.0,0.0,0
2007-09-20,0,0.0,0.0,0.0,0
2007-09-21,0,0.0,0.0,0.0,0
2007-09-22,0,0.0,0.0,0.0,0
2007-09-23,0,0.0,0.0,0.0,0
2007-09-24,2,316.55,57.0,6.5,1
2007-09-25,0,0.0,0.0,0.0,0
2007-09-26,0,0.0,0.0,0.0,0
2007-09-27,0,0.0,0.0,0.0,0
2007-09-28,0,0.0,0.0,0.0,0
2007-09-29,0,0.0,0.0,0.0,0
2007-09-30,0,0.0,0.0,0.0,0
2007-10-01,1,345.6,93.0,51.6,1
2007-10-02,2,315.29999999999995,42.0,6.15,1
2007-10-03,2,328.6,78.5,22.85,1
2007-10-04,1,321.2,63.0,16.8,1
2007-10-05,0,0.0,0.0,0.0,0
2007-10-06,0,0.0,0.0,0.0,0
2007-10-07,0,0.0,0.0,0.0,0
2007-10-08,0,0.0,0.0,0.0,0
2007-10-09,0,0.0,0.0,0.0,0
2007-10-10,0,0.0,0.0,0.0,0
2007-10-11,0,0.0,0.0,0.0,0
2007-10-12,2,321.2,71.0,15.899999999999999,1
2007-10-13,0,0.0,0.0,0.0,0
2007-10-14,0,0.0,0.0,0.0,0
2007-10-15,0,0.0,0.0,0.0,0
2007-10-16,0,0.0,0.0,0.0,0
2007-10-17,4,316.35,65.0,8.3,1
2007-10-18,0,0.0,0.0,0.0,0
2007-10-19,1,317.6,65.0,9.7,1
2007-10-20,0,0.0,0.0,0.0,0
2007-10-21,0,0.0,0.0,0.0,0
2007-10-22,1,307.5,42.0,23.3,1
2007-10-23,3,316.43333333333334,75.0,20.0,1
2007-10-24,1,307.3,60.0,23.1,1
2007-10-25,0,0.0,0.0,0.0,0
2007-10-26,0,0.0,0.0,0.0,0
2007-10-27,0,0.0,0.0,0.0,0
2007-10-28,0,0.0,0.0,0.0,0
2007-10-29,3,314.0,67.66666666666667,18.166666666666668,1
2007-10-30,0,0.0,0.0,0.0,0
2007-10-31,0,0.0,0.0,0.0,0
2007-11-01,0,0.0,0.0,0.0,0
2007-11-02,0,0.0,0.0,0.0,0
2007-11-03,1,312.8,63.0,6.5,1
2007-11-04,2,312.35,60.5,6.35,1
2007-11-05,0,0.0,0.0,0.0,0
2007-11-06,0,0.0,0.0,0.0,0
2007-11-07,0,0.0,0.0,0.0,0
2007-11-08,0,0.0,0.0,0.0,0
2007-11-09,0,0.0,0.0,0.0,0
2007-11-10,0,0.0,0.0,0.0,0
2007-11-11,0,0.0,0.0,0.0,0
2007-11-12,0,0.0,0.0,0.0,0
2007-11-13,0,0.0,0.0,0.0,0
2007-11-14,0,0.0,0.0,0.0,0
2007-11-15,0,0.0,0.0,0.0,0
2007-11-16,0,0.0,0.0,0.0,0
2007-11-17,0,0.0,0.0,0.0,0
2007-11-18,0,0.0,0.0,0.0,0
2007-11-19,0,0.0,0.0,0.0,0
2007-11-20,0,0.0,0.0,0.0,0
2007-11-21,0,0.0,0.0,0.0,0
2007-11-22,0,0.0,0.0,0.0,0
2007-11-23,0,0.0,0.0,0.0,0
2007-11-24,0,0.0,0.0,0.0,0
2007-11-25,0,0.0,0.0,0.0,0
2007-11-26,0,0.0,0.0,0.0,0
2007-11-27,1,306.3,63.0,7.6,1
2007-11-28,0,0.0,0.0,0.0,0
2007-11-29,3,301.23333333333335,39.666666666666664,5.2,1
2007-11-30,0,0.0,0.0,0.0,0
2007-12-01,0,0.0,0.0,0.0,0
2007-12-02,0,0.0,0.0,0.0,0
2007-12-03,1,322.0,77.0,22.0,1
2007-12-04,3,306.0,53.0,7.566666666666667,1
2007-12-05,0,0.0,0.0,0.0,0
2007-12-06,2,310.20000000000005,69.5,9.25,1
2007-12-07,0,0.0,0.0,0.0,0
2007-12-08,0,0.0,0.0,0.0,0
2007-12-09,0,0.0,0.0,0.0,0
2007-12-10,0,0.0,0.0,0.0,0
2007-12-11,0,0.0,0.0,0.0,0
2007-12-12,0,0.0,0.0,0.0,0
2007-12-13,2,311.95000000000005,72.0,87.1,1
2007-12-14,0,0.0,0.0,0.0,0
2007-12-15,0,0.0,0.0,0.0,0
2007-12-16,0,0.0,0.0,0.0,0
2007-12-17,0,0.0,0.0,0.0,0
2007-12-18,0,0.0,0.0,0.0,0
2007-12-19,0,0.0,0.0,0.0,0
2007-12-20,0,0.0,0.0,0.0,0
2007-12-21,0,0.0,0.0,0.0,0
2007-12-22,2,351.0,95.0,74.80000000000001,1
2007-12-23,0,0.0,0.0,0.0,0
2007-12-24,0,0.0,0.0,0.0,0
2007-12-25,0,0.0,0.0,0.0,0
2007-12-26,0,0.0,0.0,0.0,0
2007-12-27,0,0.0,0.0,0.0,0
2007-12-28,0,0.0,0.0,0.0,0
2007-12-29,0,0.0,0.0,0.0,0
2007-12-30,2,313.5,66.5,9.75,1
2007-12-31,0,0.0,0.0,0.0,0
2008-01-01,1,307.6,72.0,12.8,1
2008-01-02,0,0.0,0.0,0.0,0
2008-01-03,0,0.0,0.0,0.0,0
2008-01-04,0,0.0,0.0,0.0,0
2008-01-05,0,0.0,0.0,0.0,0
2008-01-06,0,0.0,0.0,0.0,0
2008-01-07,0,0.0,0.0,0.0,0
2008-01-08,1,318.0,77.0,19.0,1
2008-01-09,0,0.0,0.0,0.0,0
2008-01-10,1,318.4,78.0,39.5,1
2008-01-11,0,0.0,0.0,0.0,0
2008-01-12,0,0.0,0.0,0.0,0
2008-01-13,0,0.0,0.0,0.0,0
2008-01-14,0,0.0,0.0,0.0,0
2008-01-15,0,0.0,0.0,0.0,0
2008-01-16,0,0.0,0.0,0.0,0
2008-01-17,0,0.0,0.0,0.0,0
2008-01-18,0,0.0,0.0,0.0,0
2008-01-19,0,0.0,0.0,0.0,0
2008-01-20,0,0.0,0.0,0.0,0
2008-01-21,0,0.0,0.0,0.0,0
2008-01-22,0,0.0,0.0,0.0,0
2008-01-23,0,0.0,0.0,0.0,0
2008-01-24,0,0.0,0.0,0.0,0
2008-01-25,0,0.0,0.0,0.0,0
2008-01-26,0,0.0,0.0,0.0,0
2008-01-27,1,308.4,67.0,9.3,1
2008-01-28,0,0.0,0.0,0.0,0
2008-01-29,0,0.0,0.0,0.0,0
2008-01-30,1,300.5,37.0,3.6,1
2008-01-31,2,316.15,72.0,17.25,1
2008-02-01,0,0.0,0.0,0.0,0
2008-02-02,2,312.3,50.0,19.0,1
2008-02-03,0,0.0,0.0,0.0,0
2008-02-04,0,0.0,0.0,0.0,0
2008-02-05,0,0.0,0.0,0.0,0
2008-02-06,0,0.0,0.0,0.0,0
2008-02-07,0,0.0,0.0,0.0,0
2008-02-08,1,307.7,59.0,4.9,1
2008-02-09,0,0.0,0.0,0.0,0
2008-02-10,0,0.0,0.0,0.0,0
2008-02-11,0,0.0,0.0,0.0,0
2008-02-12,0,0.0,0.0,0.0,0
2008-02-13,0,0.0,0.0,0.0,0
2008-02-14,0,0.0,0.0,0.0,0
2008-02-15,0,0.0,0.0,0.0,0
2008-02-16,0,0.0,0.0,0.0,0
2008-02-17,0,0.0,0.0,0.0,0
2008-02-18,1,308.9,63.0,14.3,1
2008-02-19,0,0.0,0.0,0.0,0
2008-02-20,0,0.0,0.0,0.0,0
2008-02-21,0,0.0,0.0,0.0,0
2008-02-22,0,0.0,0.0,0.0,0
2008-02-23,0,0.0,0.0,0.0,0
2008-02-24,0,0.0,0.0,0.0,0
2008-02-25,0,0.0,0.0,0.0,0
2008-02-26,0,0.0,0.0,0.0,0
2008-02-27,1,306.8,56.0,10.5,1
2008-02-28,0,0.0,0.0,0.0,0
2008-02-29,0,0.0,0.0,0.0,0
2008-03-01,0,0.0,0.0,0.0,0
2008-03-02,0,0.0,0.0,0.0,0
2008-03-03,0,0.0,0.0,0.0,0
2008-03-04,0,0.0,0.0,0.0,0
2008-03-05,0,0.0,0.0,0.0,0
2008-03-06,0,0.0,0.0,0.0,0
2008-03-07,0,0.0,0.0,0.0,0
2008-03-08,0,0.0,0.0,0.0,0
2008-03-09,0,0.0,0.0,0.0,0
2008-03-10,0,0.0,0.0,0.0,0
2008-03-11,2,311.45,67.5,10.55,1
2008-03-12,9,316.6333333333333,68.0,20.444444444444443,1
2008-03-13,0,0.0,0.0,0.0,0
2008-03-14,5,318.8,61.4,26.22,1
2008-03-15,2,323.25,70.0,19.299999999999997,1
2008-03-16,0,0.0,0.0,0.0,0
2008-03-17,0,0.0,0.0,0.0,0
2008-03-18,0,0.0,0.0,0.0,0
2008-03-19,7,318.4714285714286,60.285714285714285,25.928571428571427,1
2008-03-20,6,313.68333333333334,58.5,12.883333333333333,1
2008-03-21,0,0.0,0.0,0.0,0
2008-03-22,1,318.9,73.0,33.3,1
2008-03-23,0,0.0,0.0,0.0,0
2008-03-24,0,0.0,0.0,0.0,0
2008-03-25,0,0.0,0.0,0.0,0
2008-03-26,0,0.0,0.0,0.0,0
2008-03-27,0,0.0,0.0,0.0,0
2008-03-28,0,0.0,0.0,0.0,0
2008-03-29,0,0.0,0.0,0.0,0
2008-03-30,0,0.0,0.0,0.0,0
2008-03-31,0,0.0,0.0,0.0,0
2008-04-01,0,0.0,0.0,0.0,0
2008-04-02,0,0.0,0.0,0.0,0
2008-04-03,0,0.0,0.0,0.0,0
2008-04-04,2,316.1,71.0,14.0,1
2008-04-05,1,310.8,57.0,7.7,1
2008-04-06,0,0.0,0.0,0.0,0
2008-04-07,0,0.0,0.0,0.0,0
2008-04-08,0,0.0,0.0,0.0,0
2008-04-09,0,0.0,0.0,0.0,0
2008-04-10,1,314.0,62.0,7.5,1
2008-04-11,1,315.7,52.0,7.3,1
2008-04-12,0,0.0,0.0,0.0,0
2008-04-13,0,0.0,0.0,0.0,0
2008-04-14,2,315.35,65.5,27.200000000000003,1
2008-04-15,1,312.7,58.0,16.8,1
2008-04-16,0,0.0,0.0,0.0,0
2008-04-17,0,0.0,0.0,0.0,0
2008-04-18,0,0.0,0.0,0.0,0
2008-04-19,0,0.0,0.0,0.0,0
2008-04-20,0,0.0,0.0,0.0,0
2008-04-21,0,0.0,0.0,0.0,0
2008-04-22,0,0.0,0.0,0.0,0
2008-04-23,0,0.0,0.0,0.0,0
2008-04-24,0,0.0,0.0,0.0,0
2008-04-25,0,0.0,0.0,0.0,0
2008-04-26,1,311.0,49.0,6.1,1
2008-04-27,0,0.0,0.0,0.0,0
2008-04-28,3,316.26666666666665,66.33333333333333,10.166666666666666,1
2008-04-29,0,0.0,0.0,0.0,0
2008-04-30,0,0.0,0.0,0.0,0
2008-05-01,0,0.0,0.0,0.0,0
2008-05-02,0,0.0,0.0,0.0,0
2008-05-03,0,0.0,0.0,0.0,0
2008-05-04,0,0.0,0.0,0.0,0
2008-05-05,0,0.0,0.0,0.0,0
2008-05-06,0,0.0,0.0,0.0,0
2008-05-07,0,0.0,0.0,0.0,0
2008-05-08,0,0.0,0.0,0.0,0
2008-05-09,0,0.0,0.0,0.0,0
2008-05-10,0,0.0,0.0,0.0,0
2008-05-11,0,0.0,0.0,0.0,0
2008-05-12,0,0.0,0.0,0.0,0
2008-05-13,0,0.0,0.0,0.0,0
2008-05-14,0,0.0,0.0,0.0,0
2008-05-15,0,0.0,0.0,0.0,0
2008-05-16,0,0.0,0.0,0.0,0
2008-05-17,0,0.0,0.0,0.0,0
2008-05-18,0,0.0,0.0,0.0,0
2008-05-19,0,0.0,0.0,0.0,0
2008-05-20,0,0.0,0.0,0.0,0
2008-05-21,0,0.0,0.0,0.0,0
2008-05-22,0,0.0,0.0,0.0,0
2008-05-23,0,0.0,0.0,0.0,0
2008-05-24,0,0.0,0.0,0.0,0
2008-05-25,0,0.0,0.0,0.0,0
2008-05-26,0,0.0,0.0,0.0,0
2008-05-27,0,0.0,0.0,0.0,0
2008-05-28,2,323.45,55.0,10.05,1
2008-05-29,0,0.0,0.0,0.0,0
2008-05-30,0,0.0,0.0,0.0,0
2008-05-31,0,0.0,0.0,0.0,0
2008-06-01,0,0.0,0.0,0.0,0
2008-06-02,0,0.0,0.0,0.0,0
2008-06-03,0,0.0,0.0,0.0,0
2008-06-04,0,0.0,0.0,0.0,0
2008-06-05,0,0.0,0.0,0.0,0
2008-06-06,0,0.0,0.0,0.0,0
2008-06-07,0,0.0,0.0,0.0,0
2008-06-08,0,0.0,0.0,0.0,0
2008-06-09,0,0.0,0.0,0.0,0
2008-06-10,0,0.0,0.0,0.0,0
2008-06-11,0,0.0,0.0,0.0,0
2008-06-12,0,0.0,0.0,0.0,0
2008-06-13,0,0.0,0.0,0.0,0
2008-06-14,0,0.0,0.0,0.0,0
2008-06-15,0,0.0,0.0,0.0,0
2008-06-16,1,326.2,54.0,10.4,1
2008-06-17,0,0.0,0.0,0.0,0
2008-06-18,0,0.0,0.0,0.0,0
2008-06-19,0,0.0,0.0,0.0,0
2008-06-20,0,0.0,0.0,0.0,0
2008-06-21,0,0.0,0.0,0.0,0
2008-06-22,0,0.0,0.0,0.0,0
2008-06-23,0,0.0,0.0,0.0,0
2008-06-24,0,0.0,0.0,0.0,0
2008-06-25,0,0.0,0.0,0.0,0
2008-06-26,0,0.0,0.0,0.0,0
2008-06-27,0,0.0,0.0,0.0,0
2008-06-28,0,0.0,0.0,0.0,0
2008-06-29,0,0.0,0.0,0.0,0
2008-06-30,0,0.0,0.0,0.0,0
2008-07-01,0,0.0,0.0,0.0,0
2008-07-02,0,0.0,0.0,0.0,0
2008-07-03,0,0.0,0.0,0.0,0
2008-07-04,0,0.0,0.0,0.0,0
2008-07-05,0,0.0,0.0,0.0,0
2008-07-06,0,0.0,0.0,0.0,0
2008-07-07,0,0.0,0.0,0.0,0
2008-07-08,0,0.0,0.0,0.0,0
2008-07-09,0,0.0,0.0,0.0,0
2008-07-10,0,0.0,0.0,0.0,0
2008-07-11,0,0.0,0.0,0.0,0
2008-07-12,0,0.0,0.0,0.0,0
2008-07-13,0,0.0,0.0,0.0,0
2008-07-14,0,0.0,0.0,0.0,0
2008-07-15,0,0.0,0.0,0.0,0
2008-07-16,0,0.0,0.0,0.0,0
2008-07-17,0,0.0,0.0,0.0,0
2008-07-18,4,335.75,74.75,33.225,1
2008-07-19,0,0.0,0.0,0.0,0
2008-07-20,0,0.0,0.0,0.0,0
2008-07-21,1,328.1,43.0,23.3,1
2008-07-22,0,0.0,0.0,0.0,0
2008-07-23,0,0.0,0.0,0.0,0
2008-07-24,0,0.0,0.0,0.0,0
2008-07-25,0,0.0,0.0,0.0,0
2008-07-26,0,0.0,0.0,0.0,0
2008-07-27,0,0.0,0.0,0.0,0
2008-07-28,0,0.0,0.0,0.0,0
2008-07-29,0,0.0,0.0,0.0,0
2008-07-30,0,0.0,0.0,0.0,0
2008-07-31,0,0.0,0.0,0.0,0
2008-08-01,0,0.0,0.0,0.0,0
2008-08-02,0,0.0,0.0,0.0,0
2008-08-03,0,0.0,0.0,0.0,0
2008-08-04,1,325.6,51.0,21.3,1
2008-08-05,0,0.0,0.0,0.0,0
2008-08-06,0,0.0,0.0,0.0,0
2008-08-07,0,0.0,0.0,0.0,0
2008-08-08,0,0.0,0.0,0.0,0
2008-08-09,0,0.0,0.0,0.0,0
2008-08-10,0,0.0,0.0,0.0,0
2008-08-11,0,0.0,0.0,0.0,0
2008-08-12,0,0.0,0.0,0.0,0
2008-08-13,0,0.0,0.0,0.0,0
2008-08-14,0,0.0,0.0,0.0,0
2008-08-15,0,0.0,0.0,0.0,0
2008-08-16,0,0.0,0.0,0.0,0
2008-08-17,0,0.0,0.0,0.0,0
2008-08-18,0,0.0,0.0,0.0,0
2008-08-19,0,0.0,0.0,0.0,0
2008-08-20,0,0.0,0.0,0.0,0
2008-08-21,0,0.0,0.0,0.0,0
2008-08-22,0,0.0,0.0,0.0,0
2008-08-23,0,0.0,0.0,0.0,0
2008-08-24,0,0.0,0.0,0.0,0
2008-08-25,1,323.5,70.0,12.3,1
2008-08-26,0,0.0,0.0,0.0,0
2008-08-27,0,0.0,0.0,0.0,0
2008-08-28,0,0.0,0.0,0.0,0
2008-08-29,0,0.0,0.0,0.0,0
2008-08-30,0,0.0,0.0,0.0,0
2008-08-31,0,0.0,0.0,0.0,0
2008-09-01,0,0.0,0.0,0.0,0
2008-09-02,0,0.0,0.0,0.0,0
2008-09-03,1,368.2,100.0,102.0,1
2008-09-04,0,0.0,0.0,0.0,0
2008-09-05,3,344.4666666666667,78.0,153.96666666666667,1
2008-09-06,0,0.0,0.0,0.0,0
2008-09-07,0,0.0,0.0,0.0,0
2008-09-08,0,0.0,0.0,0.0,0
2008-09-09,2,328.9,60.0,12.2,1
2008-09-10,0,0.0,0.0,0.0,0
2008-09-11,0,0.0,0.0,0.0,0
2008-09-12,0,0.0,0.0,0.0,0
2008-09-13,0,0.0,0.0,0.0,0
2008-09-14,0,0.0,0.0,0.0,0
2008-09-15,0,0.0,0.0,0.0,0
2008-09-16,0,0.0,0.0,0.0,0
2008-09-17,0,0.0,0.0,0.0,0
2008-09-18,0,0.0,0.0,0.0,0
2008-09-19,0,0.0,0.0,0.0,0
2008-09-20,1,325.8,76.0,16.7,1
2008-09-21,0,0.0,0.0,0.0,0
2008-09-22,0,0.0,0.0,0.0,0
2008-09-23,0,0.0,0.0,0.0,0
2008-09-24,0,0.0,0.0,0.0,0
2008-09-25,0,0.0,0.0,0.0,0
2008-09-26,0,0.0,0.0,0.0,0
2008-09-27,2,381.35,100.0,166.64999999999998,1
2008-09-28,0,0.0,0.0,0.0,0
2008-09-29,0,0.0,0.0,0.0,0
2008-09-30,0,0.0,0.0,0.0,0
2008-10-01,0,0.0,0.0,0.0,0
2008-10-02,0,0.0,0.0,0.0,0
2008-10-03,0,0.0,0.0,0.0,0
2008-10-04,0,0.0,0.0,0.0,0
2008-10-05,0,0.0,0.0,0.0,0
2008-10-06,0,0.0,0.0,0.0,0
2008-10-07,0,0.0,0.0,0.0,0
2008-10-08,0,0.0,0.0,0.0,0
2008-10-09,0,0.0,0.0,0.0,0
2008-10-10,0,0.0,0.0,0.0,0
2008-10-11,0,0.0,0.0,0.0,0
2008-10-12,0,0.0,0.0,0.0,0
2008-10-13,0,0.0,0.0,0.0,0
2008-10-14,0,0.0,0.0,0.0,0
2008-10-15,0,0.0,0.0,0.0,0
2008-10-16,0,0.0,0.0,0.0,0
2008-10-17,0,0.0,0.0,0.0,0
2008-10-18,0,0.0,0.0,0.0,0
2008-10-19,1,312.2,61.0,32.4,1
2008-10-20,0,0.0,0.0,0.0,0
2008-10-21,0,0.0,0.0,0.0,0
2008-10-22,0,0.0,0.0,0.0,0
2008-10-23,0,0.0,0.0,0.0,0
2008-10-24,0,0.0,0.0,0.0,0
2008-10-25,0,0.0,0.0,0.0,0
2008-10-26,0,0.0,0.0,0.0,0
2008-10-27,0,0.0,0.0,0.0,0
2008-10-28,0,0.0,0.0,0.0,0
2008-10-29,0,0.0,0.0,0.0,0
2008-10-30,0,0.0,0.0,0.0,0
2008-10-31,0,0.0,0.0,0.0,0
2008-11-01,0,0.0,0.0,0.0,0
2008-11-02,0,0.0,0.0,0.0,0
2008-11-03,0,0.0,0.0,0.0,0
2008-11-04,0,0.0,0.0,0.0,0
2008-11-05,0,0.0,0.0,0.0,0
2008-11-06,0,0.0,0.0,0.0,0
2008-11-07,0,0.0,0.0,0.0,0
2008-11-08,0,0.0,0.0,0.0,0
2008-11-09,1,314.5,69.0,17.4,1
2008-11-10,0,0.0,0.0,0.0,0
2008-11-11,0,0.0,0.0,0.0,0
2008-11-12,0,0.0,0.0,0.0,0
2008-11-13,0,0.0,0.0,0.0,0
2008-11-14,0,0.0,0.0,0.0,0
2008-11-15,0,0.0,0.0,0.0,0
2008-11-16,0,0.0,0.0,0.0,0
2008-11-17,0,0.0,0.0,0.0,0
2008-11-18,0,0.0,0.0,0.0,0
2008-11-19,0,0.0,0.0,0.0,0
2008-11-20,0,0.0,0.0,0.0,0
2008-11-21,0,0.0,0.0,0.0,0
2008-11-22,0,0.0,0.0,0.0,0
2008-11-23,0,0.0,0.0,0.0,0
2008-11-24,0,0.0,0.0,0.0,0
2008-11-25,0,0.0,0.0,0.0,0
2008-11-26,0,0.0,0.0,0.0,0
2008-11-27,0,0.0,0.0,0.0,0
2008-11-28,0,0.0,0.0,0.0,0
2008-11-29,0,0.0,0.0,0.0,0
2008-11-30,0,0.0,0.0,0.0,0
2008-12-01,0,0.0,0.0,0.0,0
2008-12-02,3,308.1666666666667,58.666666666666664,11.033333333333333,1
2008-12-03,0,0.0,0.0,0.0,0
2008-12-04,0,0.0,0.0,0.0,0
2008-12-05,0,0.0,0.0,0.0,0
2008-12-06,0,0.0,0.0,0.0,0
2008-12-07,0,0.0,0.0,0.0,0
2008-12-08,0,0.0,0.0,0.0,0
2008-12-09,0,0.0,0.0,0.0,0
2008-12-10,0,0.0,0.0,0.0,0
2008-12-11,0,0.0,0.0,0.0,0
2008-12-12,0,0.0,0.0,0.0,0
2008-12-13,0,0.0,0.0,0.0,0
2008-12-14,0,0.0,0.0,0.0,0
2008-12-15,0,0.0,0.0,0.0,0
2008-12-16,0,0.0,0.0,0.0,0
2008-12-17,0,0.0,0.0,0.0,0
2008-12-18,0,0.0,0.0,0.0,0
2008-12-19,0,0.0,0.0,0.0,0
2008-12-20,0,0.0,0.0,0.0,0
2008-12-21,0,0.0,0.0,0.0,0
2008-12-22,0,0.0,0.0,0.0,0
2008-12-23,0,0.0,0.0,0.0,0
2008-12-24,0,0.0,0.0,0.0,0
2008-12-25,0,0.0,0.0,0.0,0
2008-12-26,0,0.0,0.0,0.0,0
2008-12-27,1,300.4,15.0,4.9,1
2008-12-28,0,0.0,0.0,0.0,0
2008-12-29,0,0.0,0.0,0.0,0
2008-12-30,0,0.0,0.0,0.0,0
2008-12-31,0,0.0,0.0,0.0,0
2009-01-01,0,0.0,0.0,0.0,0
2009-01-02,0,0.0,0.0,0.0,0
2009-01-03,0,0.0,0.0,0.0,0
2009-01-04,0,0.0,0.0,0.0,0
2009-01-05,0,0.0,0.0,0.0,0
2009-01-06,0,0.0,0.0,0.0,0
2009-01-07,0,0.0,0.0,0.0,0
2009-01-08,2,324.2,78.5,18.35,1
2009-01-09,0,0.0,0.0,0.0,0
2009-01-10,0,0.0,0.0,0.0,0
2009-01-11,0,0.0,0.0,0.0,0
2009-01-12,4,341.05,91.25,138.175,1
2009-01-13,1,303.1,55.0,26.5,1
2009-01-14,0,0.0,0.0,0.0,0
2009-01-15,0,0.0,0.0,0.0,0
2009-01-16,0,0.0,0.0,0.0,0
2009-01-17,0,0.0,0.0,0.0,0
2009-01-18,0,0.0,0.0,0.0,0
2009-01-19,0,0.0,0.0,0.0,0
2009-01-20,0,0.0,0.0,0.0,0
2009-01-21,0,0.0,0.0,0.0,0
2009-01-22,0,0.0,0.0,0.0,0
2009-01-23,0,0.0,0.0,0.0,0
2009-01-24,0,0.0,0.0,0.0,0
2009-01-25,0,0.0,0.0,0.0,0
2009-01-26,0,0.0,0.0,0.0,0
2009-01-27,0,0.0,0.0,0.0,0
2009-01-28,0,0.0,0.0,0.0,0
2009-01-29,2,322.2,76.0,33.6,1
2009-01-30,0,0.0,0.0,0.0,0
2009-01-31,4,317.05,72.0,9.625,1
2009-02-01,0,0.0,0.0,0.0,0
2009-02-02,0,0.0,0.0,0.0,0
2009-02-03,0,0.0,0.0,0.0,0
2009-02-04,0,0.0,0.0,0.0,0
2009-02-05,0,0.0,0.0,0.0,0
2009-02-06,0,0.0,0.0,0.0,0
2009-02-07,0,0.0,0.0,0.0,0
2009-02-08,0,0.0,0.0,0.0,0
2009-02-09,0,0.0,0.0,0.0,0
2009-02-10,0,0.0,0.0,0.0,0
2009-02-11,0,0.0,0.0,0.0,0
2009-02-12,0,0.0,0.0,0.0,0
2009-02-13,0,0.0,0.0,0.0,0
2009-02-14,0,0.0,0.0,0.0,0
2009-02-15,2,311.25,68.0,56.45,1
2009-02-16,0,0.0,0.0,0.0,0
2009-02-17,0,0.0,0.0,0.0,0
2009-02-18,0,0.0,0.0,0.0,0
2009-02-19,0,0.0,0.0,0.0,0
2009-02-20,0,0.0,0.0,0.0,0
2009-02-21,0,0.0,0.0,0.0,0
2009-02-22,4,320.725,73.0,61.625,1
2009-02-23,0,0.0,0.0,0.0,0
2009-02-24,0,0.0,0.0,0.0,0
2009-02-25,0,0.0,0.0,0.0,0
2009-02-26,0,0.0,0.0,0.0,0
2009-02-27,0,0.0,0.0,0.0,0
2009-02-28,8,325.7375,72.125,100.07499999999999,1
2009-03-01,0,0.0,0.0,0.0,0
2009-03-02,0,0.0,0.0,0.0,0
2009-03-03,0,0.0,0.0,0.0,0
2009-03-04,0,0.0,0.0,0.0,0
2009-03-05,0,0.0,0.0,0.0,0
2009-03-06,0,0.0,0.0,0.0,0
2009-03-07,0,0.0,0.0,0.0,0
2009-03-08,0,0.0,0.0,0.0,0
2009-03-09,0,0.0,0.0,0.0,0
2009-03-10,0,0.0,0.0,0.0,0
2009-03-11,0,0.0,0.0,0.0,0
2009-03-12,0,0.0,0.0,0.0,0
2009-03-13,0,0.0,0.0,0.0,0
2009-03-14,0,0.0,0.0,0.0,0
2009-03-15,1,315.6,61.0,16.5,1
2009-03-16,2,320.20000000000005,72.0,30.5,1
2009-03-17,10,313.27,52.9,15.2,1
2009-03-18,1,311.5,61.0,21.1,1
2009-03-19,7,316.4142857142857,57.285714285714285,35.81428571428572,1
2009-03-20,8,319.0,66.75,41.3125,1
2009-03-21,0,0.0,0.0,0.0,0
2009-03-22,0,0.0,0.0,0.0,0
2009-03-23,0,0.0,0.0,0.0,0
2009-03-24,0,0.0,0.0,0.0,0
2009-03-25,0,0.0,0.0,0.0,0
2009-03-26,0,0.0,0.0,0.0,0
2009-03-27,0,0.0,0.0,0.0,0
2009-03-28,0,0.0,0.0,0.0,0
2009-03-29,0,0.0,0.0,0.0,0
2009-03-30,0,0.0,0.0,0.0,0
2009-03-31,0,0.0,0.0,0.0,0
2009-04-01,0,0.0,0.0,0.0,0
2009-04-02,0,0.0,0.0,0.0,0
2009-04-03,0,0.0,0.0,0.0,0
2009-04-04,0,0.0,0.0,0.0,0
2009-04-05,0,0.0,0.0,0.0,0
2009-04-06,0,0.0,0.0,0.0,0
2009-04-07,0,0.0,0.0,0.0,0
2009-04-08,0,0.0,0.0,0.0,0
2009-04-09,0,0.0,0.0,0.0,0
2009-04-10,0,0.0,0.0,0.0,0
2009-04-11,0,0.0,0.0,0.0,0
2009-04-12,0,0.0,0.0,0.0,0
2009-04-13,0,0.0,0.0,0.0,0
2009-04-14,0,0.0,0.0,0.0,0
2009-04-15,0,0.0,0.0,0.0,0
2009-04-16,0,0.0,0.0,0.0,0
2009-04-17,0,0.0,0.0,0.0,0
2009-04-18,0,0.0,0.0,0.0,0
2009-04-19,0,0.0,0.0,0.0,0
2009-04-20,0,0.0,0.0,0.0,0
2009-04-21,0,0.0,0.0,0.0,0
2009-04-22,0,0.0,0.0,0.0,0
2009-04-23,0,0.0,0.0,0.0,0
2009-04-24,0,0.0,0.0,0.0,0
2009-04-25,0,0.0,0.0,0.0,0
2009-04-26,0,0.0,0.0,0.0,0
2009-04-27,0,0.0,0.0,0.0,0
2009-04-28,0,0.0,0.0,0.0,0
2009-04-29,0,0.0,0.0,0.0,0
2009-04-30,0,0.0,0.0,0.0,0
2009-05-01,0,0.0,0.0,0.0,0
2009-05-02,0,0.0,0.0,0.0,0
2009-05-03,0,0.0,0.0,0.0,0
2009-05-04,0,0.0,0.0,0.0,0
2009-05-05,0,0.0,0.0,0.0,0
2009-05-06,0,0.0,0.0,0.0,0
2009-05-07,0,0.0,0.0,0.0,0
2009-05-08,0,0.0,0.0,0.0,0
2009-05-09,0,0.0,0.0,0.0,0
2009-05-10,0,0.0,0.0,0.0,0
2009-05-11,0,0.0,0.0,0.0,0
2009-05-12,0,0.0,0.0,0.0,0
2009-05-13,0,0.0,0.0,0.0,0
2009-05-14,0,0.0,0.0,0.0,0
2009-05-15,0,0.0,0.0,0.0,0
2009-05-16,0,0.0,0.0,0.0,0
2009-05-17,0,0.0,0.0,0.0,0
2009-05-18,0,0.0,0.0,0.0,0
2009-05-19,0,0.0,0.0,0.0,0
2009-05-20,0,0.0,0.0,0.0,0
2009-05-21,0,0.0,0.0,0.0,0
2009-05-22,0,0.0,0.0,0.0,0
2009-05-23,0,0.0,0.0,0.0,0
2009-05-24,0,0.0,0.0,0.0,0
2009-05-25,0,0.0,0.0,0.0,0
2009-05-26,0,0.0,0.0,0.0,0
2009-05-27,0,0.0,0.0,0.0,0
2009-05-28,0,0.0,0.0,0.0,0
2009-05-29,0,0.0,0.0,0.0,0
2009-05-30,0,0.0,0.0,0.0,0
2009-05-31,0,0.0,0.0,0.0,0
2009-06-01,0,0.0,0.0,0.0,0
2009-06-02,0,0.0,0.0,0.0,0
2009-06-03,0,0.0,0.0,0.0,0
2009-06-04,0,0.0,0.0,0.0,0
2009-06-05,0,0.0,0.0,0.0,0
2009-06-06,0,0.0,0.0,0.0,0
2009-06-07,0,0.0,0.0,0.0,0
2009-06-08,0,0.0,0.0,0.0,0
2009-06-09,0,0.0,0.0,0.0,0
2009-06-10,0,0.0,0.0,0.0,0
2009-06-11,0,0.0,0.0,0.0,0
2009-06-12,0,0.0,0.0,0.0,0
2009-06-13,0,0.0,0.0,0.0,0
2009-06-14,0,0.0,0.0,0.0,0
2009-06-15,0,0.0,0.0,0.0,0
2009-06-16,0,0.0,0.0,0.0,0
2009-06-17,0,0.0,0.0,0.0,0
2009-06-18,0,0.0,0.0,0.0,0
2009-06-19,0,0.0,0.0,0.0,0
2009-06-20,0,0.0,0.0,0.0,0
2009-06-21,0,0.0,0.0,0.0,0
2009-06-22,0,0.0,0.0,0.0,0
2009-06-23,0,0.0,0.0,0.0,0
2009-06-24,0,0.0,0.0,0.0,0
2009-06-25,0,0.0,0.0,0.0,0
2009-06-26,0,0.0,0.0,0.0,0
2009-06-27,0,0.0,0.0,0.0,0
2009-06-28,0,0.0,0.0,0.0,0
2009-06-29,0,0.0,0.0,0.0,0
2009-06-30,0,0.0,0.0,0.0,0
2009-07-01,0,0.0,0.0,0.0,0
2009-07-02,0,0.0,0.0,0.0,0
2009-07-03,0,0.0,0.0,0.0,0
2009-07-04,0,0.0,0.0,0.0,0
2009-07-05,0,0.0,0.0,0.0,0
2009-07-06,0,0.0,0.0,0.0,0
2009-07-07,0,0.0,0.0,0.0,0
2009-07-08,0,0.0,0.0,0.0,0
2009-07-09,0,0.0,0.0,0.0,0
2009-07-10,0,0.0,0.0,0.0,0
2009-07-11,0,0.0,0.0,0.0,0
2009-07-12,0,0.0,0.0,0.0,0
2009-07-13,0,0.0,0.0,0.0,0
2009-07-14,0,0.0,0.0,0.0,0
2009-07-15,0,0.0,0.0,0.0,0
2009-07-16,0,0.0,0.0,0.0,0
2009-07-17,0,0.0,0.0,0.0,0
2009-07-18,0,0.0,0.0,0.0,0
2009-07-19,0,0.0,0.0,0.0,0
2009-07-20,0,0.0,0.0,0.0,0
2009-07-21,0,0.0,0.0,0.0,0
2009-07-22,0,0.0,0.0,0.0,0
2009-07-23,0,0.0,0.0,0.0,0
2009-07-24,0,0.0,0.0,0.0,0
2009-07-25,0,0.0,0.0,0.0,0
2009-07-26,0,0.0,0.0,0.0,0
2009-07-27,0,0.0,0.0,0.0,0
2009-07-28,0,0.0,0.0,0.0,0
2009-07-29,0,0.0,0.0,0.0,0
2009-07-30,0,0.0,0.0,0.0,0
2009-07-31,0,0.0,0.0,0.0,0
2009-08-01,0,0.0,0.0,0.0,0
2009-08-02,0,0.0,0.0,0.0,0
2009-08-03,0,0.0,0.0,0.0,0
2009-08-04,0,0.0,0.0,0.0,0
2009-08-05,0,0.0,0.0,0.0,0
2009-08-06,0,0.0,0.0,0.0,0
2009-08-07,0,0.0,0.0,0.0,0
2009-08-08,0,0.0,0.0,0.0,0
2009-08-09,0,0.0,0.0,0.0,0
2009-08-10,0,0.0,0.0,0.0,0
2009-08-11,0,0.0,0.0,0.0,0
2009-08-12,0,0.0,0.0,0.0,0
2009-08-13,0,0.0,0.0,0.0,0
2009-08-14,0,0.0,0.0,0.0,0
2009-08-15,0,0.0,0.0,0.0,0
2009-08-16,0,0.0,0.0,0.0,0
2009-08-17,0,0.0,0.0,0.0,0
2009-08-18,0,0.0,0.0,0.0,0
2009-08-19,0,0.0,0.0,0.0,0
2009-08-20,0,0.0,0.0,0.0,0
2009-08-21,0,0.0,0.0,0.0,0
2009-08-22,0,0.0,0.0,0.0,0
2009-08-23,0,0.0,0.0,0.0,0
2009-08-24,0,0.0,0.0,0.0,0
2009-08-25,0,0.0,0.0,0.0,0
2009-08-26,0,0.0,0.0,0.0,0
2009-08-27,0,0.0,0.0,0.0,0
2009-08-28,0,0.0,0.0,0.0,0
2009-08-29,0,0.0,0.0,0.0,0
2009-08-30,0,0.0,0.0,0.0,0
2009-08-31,0,0.0,0.0,0.0,0
2009-09-01,0,0.0,0.0,0.0,0
2009-09-02,0,0.0,0.0,0.0,0
2009-09-03,0,0.0,0.0,0.0,0
2009-09-04,0,0.0,0.0,0.0,0
2009-09-05,0,0.0,0.0,0.0,0
2009-09-06,0,0.0,0.0,0.0,0
2009-09-07,0,0.0,0.0,0.0,0
2009-09-08,0,0.0,0.0,0.0,0
2009-09-09,0,0.0,0.0,0.0,0
2009-09-10,0,0.0,0.0,0.0,0
2009-09-11,0,0.0,0.0,0.0,0
2009-09-12,0,0.0,0.0,0.0,0
2009-09-13,0,0.0,0.0,0.0,0
2009-09-14,0,0.0,0.0,0.0,0
2009-09-15,0,0.0,0.0,0.0,0
2009-09-16,0,0.0,0.0,0.0,0
2009-09-17,0,0.0,0.0,0.0,0
2009-09-18,0,0.0,0.0,0.0,0
2009-09-19,0,0.0,0.0,0.0,0
2009-09-20,0,0.0,0.0,0.0,0
2009-09-21,0,0.0,0.0,0.0,0
2009-09-22,0,0.0,0.0,0.0,0
2009-09-23,0,0.0,0.0,0.0,0
2009-09-24,0,0.0,0.0,0.0,0
2009-09-25,0,0.0,0.0,0.0,0
2009-09-26,0,0.0,0.0,0.0,0
2009-09-27,0,0.0,0.0,0.0,0
2009-09-28,0,0.0,0.0,0.0,0
2009-09-29,0,0.0,0.0,0.0,0
2009-09-30,0,0.0,0.0,0.0,0
2009-10-01,0,0.0,0.0,0.0,0
2009-10-02,0,0.0,0.0,0.0,0
2009-10-03,0,0.0,0.0,0.0,0
2009-10-04,0,0.0,0.0,0.0,0
2009-10-05,0,0.0,0.0,0.0,0
2009-10-06,0,0.0,0.0,0.0,0
2009-10-07,0,0.0,0.0,0.0,0
2009-10-08,0,0.0,0.0,0.0,0
2009-10-09,0,0.0,0.0,0.0,0
2009-10-10,0,0.0,0.0,0.0,0
2009-10-11,0,0.0,0.0,0.0,0
2009-10-12,0,0.0,0.0,0.0,0
2009-10-13,0,0.0,0.0,0.0,0
2009-10-14,0,0.0,0.0,0.0,0
2009-10-15,0,0.0,0.0,0.0,0
2009-10-16,0,0.0,0.0,0.0,0
2009-10-17,0,0.0,0.0,0.0,0
2009-10-18,0,0.0,0.0,0.0,0
2009-10-19,0,0.0,0.0,0.0,0
2009-10-20,0,0.0,0.0,0.0,0
2009-10-21,0,0.0,0.0,0.0,0
2009-10-22,0,0.0,0.0,0.0,0
2009-10-23,0,0.0,0.0,0.0,0
2009-10-24,0,0.0,0.0,0.0,0
2009-10-25,0,0.0,0.0,0.0,0
2009-10-26,0,0.0,0.0,0.0,0
2009-10-27,0,0.0,0.0,0.0,0
2009-10-28,0,0.0,0.0,0.0,0
2009-10-29,0,0.0,0.0,0.0,0
2009-10-30,0,0.0,0.0,0.0,0
2009-10-31,0,0.0,0.0,0.0,0
2009-11-01,0,0.0,0.0,0.0,0
2009-11-02,0,0.0,0.0,0.0,0
2009-11-03,0,0.0,0.0,0.0,0
2009-11-04,0,0.0,0.0,0.0,0
2009-11-05,0,0.0,0.0,0.0,0
2009-11-06,0,0.0,0.0,0.0,0
2009-11-07,0,0.0,0.0,0.0,0
2009-11-08,0,0.0,0.0,0.0,0
2009-11-09,0,0.0,0.0,0.0,0
2009-11-10,0,0.0,0.0,0.0,0
2009-11-11,0,0.0,0.0,0.0,0
2009-11-12,0,0.0,0.0,0.0,0
2009-11-13,0,0.0,0.0,0.0,0
2009-11-14,0,0.0,0.0,0.0,0
2009-11-15,0,0.0,0.0,0.0,0
2009-11-16,0,0.0,0.0,0.0,0
2009-11-17,0,0.0,0.0,0.0,0
2009-11-18,0,0.0,0.0,0.0,0
2009-11-19,0,0.0,0.0,0.0,0
2009-11-20,0,0.0,0.0,0.0,0
2009-11-21,0,0.0,0.0,0.0,0
2009-11-22,0,0.0,0.0,0.0,0
2009-11-23,0,0.0,0.0,0.0,0
2009-11-24,0,0.0,0.0,0.0,0
2009-11-25,0,0.0,0.0,0.0,0
2009-11-26,0,0.0,0.0,0.0,0
2009-11-27,0,0.0,0.0,0.0,0
2009-11-28,0,0.0,0.0,0.0,0
2009-11-29,0,0.0,0.0,0.0,0
2009-11-30,0,0.0,0.0,0.0,0
2009-12-01,0,0.0,0.0,0.0,0
2009-12-02,0,0.0,0.0,0.0,0
2009-12-03,0,0.0,0.0,0.0,0
2009-12-04,0,0.0,0.0,0.0,0
2009-12-05,0,0.0,0.0,0.0,0
2009-12-06,0,0.0,0.0,0.0,0
2009-12-07,0,0.0,0.0,0.0,0
2009-12-08,0,0.0,0.0,0.0,0
2009-12-09,0,0.0,0.0,0.0,0
2009-12-10,0,0.0,0.0,0.0,0
2009-12-11,0,0.0,0.0,0.0,0
2009-12-12,0,0.0,0.0,0.0,0
2009-12-13,0,0.0,0.0,0.0,0
2009-12-14,0,0.0,0.0,0.0,0
2009-12-15,0,0.0,0.0,0.0,0
2009-12-16,0,0.0,0.0,0.0,0
2009-12-17,0,0.0,0.0,0.0,0
2009-12-18,0,0.0,0.0,0.0,0
2009-12-19,0,0.0,0.0,0.0,0
2009-12-20,0,0.0,0.0,0.0,0
2009-12-21,0,0.0,0.0,0.0,0
2009-12-22,0,0.0,0.0,0.0,0
2009-12-23,0,0.0,0.0,0.0,0
2009-12-24,0,0.0,0.0,0.0,0
2009-12-25,0,0.0,0.0,0.0,0
2009-12-26,0,0.0,0.0,0.0,0
2009-12-27,0,0.0,0.0,0.0,0
2009-12-28,0,0.0,0.0,0.0,0
2009-12-29,0,0.0,0.0,0.0,0
2009-12-30,0,0.0,0.0,0.0,0
2009-12-31,0,0.0,0.0,0.0,0
2010-01-01,0,0.0,0.0,0.0,0
2010-01-02,0,0.0,0.0,0.0,0
2010-01-03,0,0.0,0.0,0.0,0
2010-01-04,0,0.0,0.0,0.0,0
2010-01-05,0,0.0,0.0,0.0,0
2010-01-06,0,0.0,0.0,0.0,0
2010-01-07,0,0.0,0.0,0.0,0
2010-01-08,0,0.0,0.0,0.0,0
2010-01-09,0,0.0,0.0,0.0,0
2010-01-10,0,0.0,0.0,0.0,0
2010-01-11,0,0.0,0.0,0.0,0
2010-01-12,0,0.0,0.0,0.0,0
2010-01-13,0,0.0,0.0,0.0,0
2010-01-14,0,0.0,0.0,0.0,0
2010-01-15,0,0.0,0.0,0.0,0
2010-01-16,0,0.0,0.0,0.0,0
2010-01-17,0,0.0,0.0,0.0,0
2010-01-18,0,0.0,0.0,0.0,0
2010-01-19,0,0.0,0.0,0.0,0
2010-01-20,0,0.0,0.0,0.0,0
2010-01-21,0,0.0,0.0,0.0,0
2010-01-22,0,0.0,0.0,0.0,0
2010-01-23,0,0.0,0.0,0.0,0
2010-01-24,0,0.0,0.0,0.0,0
2010-01-25,0,0.0,0.0,0.0,0
2010-01-26,0,0.0,0.0,0.0,0
2010-01-27,0,0.0,0.0,0.0,0
2010-01-28,0,0.0,0.0,0.0,0
2010-01-29,0,0.0,0.0,0.0,0
2010-01-30,0,0.0,0.0,0.0,0
2010-01-31,0,0.0,0.0,0.0,0
2010-02-01,0,0.0,0.0,0.0,0
2010-02-02,0,0.0,0.0,0.0,0
2010-02-03,0,0.0,0.0,0.0,0
2010-02-04,0,0.0,0.0,0.0,0
2010-02-05,0,0.0,0.0,0.0,0
2010-02-06,0,0.0,0.0,0.0,0
2010-02-07,0,0.0,0.0,0.0,0
2010-02-08,0,0.0,0.0,0.0,0
2010-02-09,0,0.0,0.0,0.0,0
2010-02-10,0,0.0,0.0,0.0,0
2010-02-11,0,0.0,0.0,0.0,0
2010-02-12,0,0.0,0.0,0.0,0
2010-02-13,0,0.0,0.0,0.0,0
2010-02-14,0,0.0,0.0,0.0,0
2010-02-15,0,0.0,0.0,0.0,0
2010-02-16,0,0.0,0.0,0.0,0
2010-02-17,0,0.0,0.0,0.0,0
2010-02-18,0,0.0,0.0,0.0,0
2010-02-19,0,0.0,0.0,0.0,0
2010-02-20,0,0.0,0.0,0.0,0
2010-02-21,0,0.0,0.0,0.0,0
2010-02-22,0,0.0,0.0,0.0,0
2010-02-23,0,0.0,0.0,0.0,0
2010-02-24,0,0.0,0.0,0.0,0
2010-02-25,0,0.0,0.0,0.0,0
2010-02-26,0,0.0,0.0,0.0,0
2010-02-27,0,0.0,0.0,0.0,0
2010-02-28,0,0.0,0.0,0.0,0
2010-03-01,0,0.0,0.0,0.0,0
2010-03-02,0,0.0,0.0,0.0,0
2010-03-03,0,0.0,0.0,0.0,0
2010-03-04,0,0.0,0.0,0.0,0
2010-03-05,0,0.0,0.0,0.0,0
2010-03-06,0,0.0,0.0,0.0,0
2010-03-07,0,0.0,0.0,0.0,0
2010-03-08,0,0.0,0.0,0.0,0
2010-03-09,0,0.0,0.0,0.0,0
2010-03-10,0,0.0,0.0,0.0,0
2010-03-11,0,0.0,0.0,0.0,0
2010-03-12,0,0.0,0.0,0.0,0
2010-03-13,0,0.0,0.0,0.0,0
2010-03-14,0,0.0,0.0,0.0,0
2010-03-15,0,0.0,0.0,0.0,0
2010-03-16,0,0.0,0.0,0.0,0
2010-03-17,0,0.0,0.0,0.0,0
2010-03-18,0,0.0,0.0,0.0,0
2010-03-19,0,0.0,0.0,0.0,0
2010-03-20,0,0.0,0.0,0.0,0
2010-03-21,0,0.0,0.0,0.0,0
2010-03-22,0,0.0,0.0,0.0,0
2010-03-23,0,0.0,0.0,0.0,0
2010-03-24,0,0.0,0.0,0.0,0
2010-03-25,0,0.0,0.0,0.0,0
2010-03-26,0,0.0,0.0,0.0,0
2010-03-27,0,0.0,0.0,0.0,0
2010-03-28,0,0.0,0.0,0.0,0
2010-03-29,0,0.0,0.0,0.0,0
2010-03-30,0,0.0,0.0,0.0,0
2010-03-31,0,0.0,0.0,0.0,0
2010-04-01,0,0.0,0.0,0.0,0
2010-04-02,0,0.0,0.0,0.0,0
2010-04-03,0,0.0,0.0,0.0,0
2010-04-04,0,0.0,0.0,0.0,0
2010-04-05,0,0.0,0.0,0.0,0
2010-04-06,0,0.0,0.0,0.0,0
2010-04-07,0,0.0,0.0,0.0,0
2010-04-08,0,0.0,0.0,0.0,0
2010-04-09,0,0.0,0.0,0.0,0
2010-04-10,0,0.0,0.0,0.0,0
2010-04-11,0,0.0,0.0,0.0,0
2010-04-12,0,0.0,0.0,0.0,0
2010-04-13,0,0.0,0.0,0.0,0
2010-04-14,0,0.0,0.0,0.0,0
2010-04-15,0,0.0,0.0,0.0,0
2010-04-16,0,0.0,0.0,0.0,0
2010-04-17,0,0.0,0.0,0.0,0
2010-04-18,0,0.0,0.0,0.0,0
2010-04-19,0,0.0,0.0,0.0,0
2010-04-20,0,0.0,0.0,0.0,0
2010-04-21,0,0.0,0.0,0.0,0
2010-04-22,0,0.0,0.0,0.0,0
2010-04-23,0,0.0,0.0,0.0,0
2010-04-24,0,0.0,0.0,0.0,0
2010-04-25,0,0.0,0.0,0.0,0
2010-04-26,0,0.0,0.0,0.0,0
2010-04-27,0,0.0,0.0,0.0,0
2010-04-28,0,0.0,0.0,0.0,0
2010-04-29,0,0.0,0.0,0.0,0
2010-04-30,0,0.0,0.0,0.0,0
2010-05-01,0,0.0,0.0,0.0,0
2010-05-02,0,0.0,0.0,0.0,0
2010-05-03,0,0.0,0.0,0.0,0
2010-05-04,0,0.0,0.0,0.0,0
2010-05-05,0,0.0,0.0,0.0,0
2010-05-06,0,0.0,0.0,0.0,0
2010-05-07,0,0.0,0.0,0.0,0
2010-05-08,0,0.0,0.0,0.0,0
2010-05-09,0,0.0,0.0,0.0,0
2010-05-10,0,0.0,0.0,0.0,0
2010-05-11,0,0.0,0.0,0.0,0
2010-05-12,0,0.0,0.0,0.0,0
2010-05-13,0,0.0,0.0,0.0,0
2010-05-14,0,0.0,0.0,0.0,0
2010-05-15,0,0.0,0.0,0.0,0
2010-05-16,0,0.0,0.0,0.0,0
2010-05-17,0,0.0,0.0,0.0,0
2010-05-18,0,0.0,0.0,0.0,0
2010-05-19,0,0.0,0.0,0.0,0
2010-05-20,0,0.0,0.0,0.0,0
2010-05-21,0,0.0,0.0,0.0,0
2010-05-22,0,0.0,0.0,0.0,0
2010-05-23,0,0.0,0.0,0.0,0
2010-05-24,0,0.0,0.0,0.0,0
2010-05-25,0,0.0,0.0,0.0,0
2010-05-26,0,0.0,0.0,0.0,0
2010-05-27,0,0.0,0.0,0.0,0
2010-05-28,0,0.0,0.0,0.0,0
2010-05-29,0,0.0,0.0,0.0,0
2010-05-30,0,0.0,0.0,0.0,0
2010-05-31,0,0.0,0.0,0.0,0
2010-06-01,0,0.0,0.0,0.0,0
2010-06-02,0,0.0,0.0,0.0,0
2010-06-03,0,0.0,0.0,0.0,0
2010-06-04,0,0.0,0.0,0.0,0
2010-06-05,0,0.0,0.0,0.0,0
2010-06-06,0,0.0,0.0,0.0,0
2010-06-07,0,0.0,0.0,0.0,0
2010-06-08,0,0.0,0.0,0.0,0
2010-06-09,0,0.0,0.0,0.0,0
2010-06-10,0,0.0,0.0,0.0,0
2010-06-11,0,0.0,0.0,0.0,0
2010-06-12,0,0.0,0.0,0.0,0
2010-06-13,0,0.0,0.0,0.0,0
2010-06-14,0,0.0,0.0,0.0,0
2010-06-15,0,0.0,0.0,0.0,0
2010-06-16,0,0.0,0.0,0.0,0
2010-06-17,0,0.0,0.0,0.0,0
2010-06-18,0,0.0,0.0,0.0,0
2010-06-19,0,0.0,0.0,0.0,0
2010-06-20,0,0.0,0.0,0.0,0
2010-06-21,0,0.0,0.0,0.0,0
2010-06-22,0,0.0,0.0,0.0,0
2010-06-23,0,0.0,0.0,0.0,0
2010-06-24,0,0.0,0.0,0.0,0
2010-06-25,0,0.0,0.0,0.0,0
2010-06-26,0,0.0,0.0,0.0,0
2010-06-27,0,0.0,0.0,0.0,0
2010-06-28,0,0.0,0.0,0.0,0
2010-06-29,0,0.0,0.0,0.0,0
2010-06-30,0,0.0,0.0,0.0,0
2010-07-01,0,0.0,0.0,0.0,0
2010-07-02,0,0.0,0.0,0.0,0
2010-07-03,0,0.0,0.0,0.0,0
2010-07-04,0,0.0,0.0,0.0,0
2010-07-05,0,0.0,0.0,0.0,0
2010-07-06,0,0.0,0.0,0.0,0
2010-07-07,0,0.0,0.0,0.0,0
2010-07-08,0,0.0,0.0,0.0,0
2010-07-09,0,0.0,0.0,0.0,0
2010-07-10,0,0.0,0.0,0.0,0
2010-07-11,0,0.0,0.0,0.0,0
2010-07-12,0,0.0,0.0,0.0,0
2010-07-13,0,0.0,0.0,0.0,0
2010-07-14,0,0.0,0.0,0.0,0
2010-07-15,0,0.0,0.0,0.0,0
2010-07-16,0,0.0,0.0,0.0,0
2010-07-17,0,0.0,0.0,0.0,0
2010-07-18,0,0.0,0.0,0.0,0
2010-07-19,0,0.0,0.0,0.0,0
2010-07-20,0,0.0,0.0,0.0,0
2010-07-21,0,0.0,0.0,0.0,0
2010-07-22,0,0.0,0.0,0.0,0
2010-07-23,1,319.3,67.0,9.6,1
2010-07-24,0,0.0,0.0,0.0,0
2010-07-25,0,0.0,0.0,0.0,0
2010-07-26,1,342.9,79.0,81.2,1
2010-07-27,0,0.0,0.0,0.0,0
2010-07-28,0,0.0,0.0,0.0,0
2010-07-29,0,0.0,0.0,0.0,0
2010-07-30,1,329.6,79.0,17.6,1
2010-07-31,0,0.0,0.0,0.0,0
2010-08-01,0,0.0,0.0,0.0,0
2010-08-02,2,335.7,80.5,54.599999999999994,1
2010-08-03,0,0.0,0.0,0.0,0
2010-08-04,0,0.0,0.0,0.0,0
2010-08-05,2,353.25,95.0,62.3,1
2010-08-06,0,0.0,0.0,0.0,0
2010-08-07,0,0.0,0.0,0.0,0
2010-08-08,0,0.0,0.0,0.0,0
2010-08-09,0,0.0,0.0,0.0,0
2010-08-10,3,340.03333333333336,86.0,95.43333333333334,1
2010-08-11,3,325.4,62.0,49.03333333333333,1
2010-08-12,0,0.0,0.0,0.0,0
2010-08-13,0,0.0,0.0,0.0,0
2010-08-14,0,0.0,0.0,0.0,0
2010-08-15,0,0.0,0.0,0.0,0
2010-08-16,0,0.0,0.0,0.0,0
2010-08-17,0,0.0,0.0,0.0,0
2010-08-18,0,0.0,0.0,0.0,0
2010-08-19,0,0.0,0.0,0.0,0
2010-08-20,0,0.0,0.0,0.0,0
2010-08-21,1,323.7,44.0,10.4,1
2010-08-22,0,0.0,0.0,0.0,0
2010-08-23,0,0.0,0.0,0.0,0
2010-08-24,0,0.0,0.0,0.0,0
2010-08-25,0,0.0,0.0,0.0,0
2010-08-26,0,0.0,0.0,0.0,0
2010-08-27,2,340.20000000000005,87.0,95.5,1
2010-08-28,0,0.0,0.0,0.0,0
2010-08-29,0,0.0,0.0,0.0,0
2010-08-30,0,0.0,0.0,0.0,0
2010-08-31,0,0.0,0.0,0.0,0
2010-09-01,1,322.0,30.0,10.8,1
2010-09-02,0,0.0,0.0,0.0,0
2010-09-03,0,0.0,0.0,0.0,0
2010-09-04,0,0.0,0.0,0.0,0
2010-09-05,0,0.0,0.0,0.0,0
2010-09-06,0,0.0,0.0,0.0,0
2010-09-07,0,0.0,0.0,0.0,0
2010-09-08,0,0.0,0.0,0.0,0
2010-09-09,0,0.0,0.0,0.0,0
2010-09-10,1,316.2,55.0,9.1,1
2010-09-11,0,0.0,0.0,0.0,0
2010-09-12,0,0.0,0.0,0.0,0
2010-09-13,0,0.0,0.0,0.0,0
2010-09-14,0,0.0,0.0,0.0,0
2010-09-15,0,0.0,0.0,0.0,0
2010-09-16,1,316.7,44.0,5.3,1
2010-09-17,0,0.0,0.0,0.0,0
2010-09-18,1,313.3,45.0,8.8,1
2010-09-19,0,0.0,0.0,0.0,0
2010-09-20,0,0.0,0.0,0.0,0
2010-09-21,0,0.0,0.0,0.0,0
2010-09-22,0,0.0,0.0,0.0,0
2010-09-23,1,316.0,65.0,7.6,1
2010-09-24,0,0.0,0.0,0.0,0
2010-09-25,0,0.0,0.0,0.0,0
2010-09-26,0,0.0,0.0,0.0,0
2010-09-27,1,316.8,70.0,19.2,1
2010-09-28,0,0.0,0.0,0.0,0
2010-09-29,0,0.0,0.0,0.0,0
2010-09-30,0,0.0,0.0,0.0,0
2010-10-01,0,0.0,0.0,0.0,0
2010-10-02,1,313.9,58.0,5.8,1
2010-10-03,0,0.0,0.0,0.0,0
2010-10-04,1,315.9,60.0,11.5,1
2010-10-05,0,0.0,0.0,0.0,0
2010-10-06,0,0.0,0.0,0.0,0
2010-10-07,0,0.0,0.0,0.0,0
2010-10-08,0,0.0,0.0,0.0,0
2010-10-09,2,315.85,55.0,7.25,1
2010-10-10,0,0.0,0.0,0.0,0
2010-10-11,0,0.0,0.0,0.0,0
2010-10-12,0,0.0,0.0,0.0,0
2010-10-13,2,316.95,67.0,14.1,1
2010-10-14,0,0.0,0.0,0.0,0
2010-10-15,0,0.0,0.0,0.0,0
2010-10-16,0,0.0,0.0,0.0,0
2010-10-17,0,0.0,0.0,0.0,0
2010-10-18,0,0.0,0.0,0.0,0
2010-10-19,0,0.0,0.0,0.0,0
2010-10-20,0,0.0,0.0,0.0,0
2010-10-21,0,0.0,0.0,0.0,0
2010-10-22,0,0.0,0.0,0.0,0
2010-10-23,0,0.0,0.0,0.0,0
2010-10-24,0,0.0,0.0,0.0,0
2010-10-25,0,0.0,0.0,0.0,0
2010-10-26,0,0.0,0.0,0.0,0
2010-10-27,0,0.0,0.0,0.0,0
2010-10-28,0,0.0,0.0,0.0,0
2010-10-29,0,0.0,0.0,0.0,0
2010-10-30,0,0.0,0.0,0.0,0
2010-10-31,0,0.0,0.0,0.0,0
2010-11-01,0,0.0,0.0,0.0,0
2010-11-02,0,0.0,0.0,0.0,0
2010-11-03,0,0.0,0.0,0.0,0
2010-11-04,0,0.0,0.0,0.0,0
2010-11-05,0,0.0,0.0,0.0,0
2010-11-06,0,0.0,0.0,0.0,0
2010-11-07,0,0.0,0.0,0.0,0
2010-11-08,0,0.0,0.0,0.0,0
2010-11-09,0,0.0,0.0,0.0,0
2010-11-10,0,0.0,0.0,0.0,0
2010-11-11,2,320.29999999999995,71.5,15.1,1
2010-11-12,0,0.0,0.0,0.0,0
2010-11-13,0,0.0,0.0,0.0,0
2010-11-14,0,0.0,0.0,0.0,0
2010-11-15,0,0.0,0.0,0.0,0
2010-11-16,0,0.0,0.0,0.0,0
2010-11-17,0,0.0,0.0,0.0,0
2010-11-18,0,0.0,0.0,0.0,0
2010-11-19,2,312.20000000000005,67.0,9.85,1
2010-11-20,0,0.0,0.0,0.0,0
2010-11-21,0,0.0,0.0,0.0,0
2010-11-22,0,0.0,0.0,0.0,0
2010-11-23,0,0.0,0.0,0.0,0
2010-11-24,0,0.0,0.0,0.0,0
2010-11-25,0,0.0,0.0,0.0,0
2010-11-26,0,0.0,0.0,0.0,0
2010-11-27,0,0.0,0.0,0.0,0
2010-11-28,0,0.0,0.0,0.0,0
2010-11-29,0,0.0,0.0,0.0,0
2010-11-30,0,0.0,0.0,0.0,0
2010-12-01,0,0.0,0.0,0.0,0
2010-12-02,2,313.95000000000005,69.0,18.4,1
2010-12-03,0,0.0,0.0,0.0,0
2010-12-04,0,0.0,0.0,0.0,0
2010-12-05,0,0.0,0.0,0.0,0
2010-12-06,0,0.0,0.0,0.0,0
2010-12-07,0,0.0,0.0,0.0,0
2010-12-08,0,0.0,0.0,0.0,0
2010-12-09,2,310.6,68.5,19.2,1
2010-12-10,0,0.0,0.0,0.0,0
2010-12-11,0,0.0,0.0,0.0,0
2010-12-12,0,0.0,0.0,0.0,0
2010-12-13,0,0.0,0.0,0.0,0
2010-12-14,0,0.0,0.0,0.0,0
2010-12-15,0,0.0,0.0,0.0,0
2010-12-16,0,0.0,0.0,0.0,0
2010-12-17,0,0.0,0.0,0.0,0
2010-12-18,0,0.0,0.0,0.0,0
2010-12-19,0,0.0,0.0,0.0,0
2010-12-20,0,0.0,0.0,0.0,0
2010-12-21,0,0.0,0.0,0.0,0
2010-12-22,0,0.0,0.0,0.0,0
2010-12-23,0,0.0,0.0,0.0,0
2010-12-24,0,0.0,0.0,0.0,0
2010-12-25,0,0.0,0.0,0.0,0
2010-12-26,0,0.0,0.0,0.0,0
2010-12-27,0,0.0,0.0,0.0,0
2010-12-28,0,0.0,0.0,0.0,0
2010-12-29,0,0.0,0.0,0.0,0
2010-12-30,0,0.0,0.0,0.0,0
2010-12-31,0,0.0,0.0,0.0,0
2011-01-01,0,0.0,0.0,0.0,0
2011-01-02,0,0.0,0.0,0.0,0
2011-01-03,0,0.0,0.0,0.0,0
2011-01-04,0,0.0,0.0,0.0,0
2011-01-05,0,0.0,0.0,0.0,0
2011-01-06,0,0.0,0.0,0.0,0
2011-01-07,0,0.0,0.0,0.0,0
2011-01-08,0,0.0,0.0,0.0,0
2011-01-09,0,0.0,0.0,0.0,0
2011-01-10,0,0.0,0.0,0.0,0
2011-01-11,0,0.0,0.0,0.0,0
2011-01-12,0,0.0,0.0,0.0,0
2011-01-13,0,0.0,0.0,0.0,0
2011-01-14,0,0.0,0.0,0.0,0
2011-01-15,0,0.0,0.0,0.0,0
2011-01-16,0,0.0,0.0,0.0,0
2011-01-17,2,302.45,51.0,12.35,1
2011-01-18,0,0.0,0.0,0.0,0
2011-01-19,0,0.0,0.0,0.0,0
2011-01-20,0,0.0,0.0,0.0,0
2011-01-21,6,314.4166666666667,69.16666666666667,15.466666666666667,1
2011-01-22,0,0.0,0.0,0.0,0
2011-01-23,1,302.5,52.0,4.5,1
2011-01-24,0,0.0,0.0,0.0,0
2011-01-25,0,0.0,0.0,0.0,0
2011-01-26,2,306.70000000000005,58.5,13.149999999999999,1
2011-01-27,1,307.6,65.0,30.2,1
2011-01-28,0,0.0,0.0,0.0,0
2011-01-29,0,0.0,0.0,0.0,0
2011-01-30,4,323.45,70.0,19.099999999999998,1
2011-01-31,0,0.0,0.0,0.0,0
2011-02-01,0,0.0,0.0,0.0,0
2011-02-02,0,0.0,0.0,0.0,0
2011-02-03,0,0.0,0.0,0.0,0
2011-02-04,0,0.0,0.0,0.0,0
2011-02-05,2,305.65,59.5,9.45,1
2011-02-06,0,0.0,0.0,0.0,0
2011-02-07,0,0.0,0.0,0.0,0
2011-02-08,0,0.0,0.0,0.0,0
2011-02-09,0,0.0,0.0,0.0,0
2011-02-10,0,0.0,0.0,0.0,0
2011-02-11,2,311.65,69.0,17.5,1
2011-02-12,0,0.0,0.0,0.0,0
2011-02-13,4,334.625,83.0,49.050000000000004,1
2011-02-14,0,0.0,0.0,0.0,0
2011-02-15,0,0.0,0.0,0.0,0
2011-02-16,0,0.0,0.0,0.0,0
2011-02-17,0,0.0,0.0,0.0,0
2011-02-18,0,0.0,0.0,0.0,0
2011-02-19,0,0.0,0.0,0.0,0
2011-02-20,0,0.0,0.0,0.0,0
2011-02-21,0,0.0,0.0,0.0,0
2011-02-22,1,301.5,42.0,8.4,1
2011-02-23,0,0.0,0.0,0.0,0
2011-02-24,0,0.0,0.0,0.0,0
2011-02-25,0,0.0,0.0,0.0,0
2011-02-26,0,0.0,0.0,0.0,0
2011-02-27,0,0.0,0.0,0.0,0
2011-02-28,0,0.0,0.0,0.0,0
2011-03-01,0,0.0,0.0,0.0,0
2011-03-02,0,0.0,0.0,0.0,0
2011-03-03,0,0.0,0.0,0.0,0
2011-03-04,0,0.0,0.0,0.0,0
2011-03-05,0,0.0,0.0,0.0,0
2011-03-06,0,0.0,0.0,0.0,0
2011-03-07,0,0.0,0.0,0.0,0
2011-03-08,0,0.0,0.0,0.0,0
2011-03-09,1,306.0,38.0,7.3,1
2011-03-10,3,328.43333333333334,75.66666666666667,21.566666666666666,1
2011-03-11,0,0.0,0.0,0.0,0
2011-03-12,2,316.4,51.5,7.550000000000001,1
2011-03-13,0,0.0,0.0,0.0,0
2011-03-14,1,312.8,67.0,12.8,1
2011-03-15,2,334.54999999999995,85.0,56.9,1
2011-03-16,0,0.0,0.0,0.0,0
2011-03-17,0,0.0,0.0,0.0,0
2011-03-18,0,0.0,0.0,0.0,0
2011-03-19,0,0.0,0.0,0.0,0
2011-03-20,0,0.0,0.0,0.0,0
2011-03-21,0,0.0,0.0,0.0,0
2011-03-22,0,0.0,0.0,0.0,0
2011-03-23,1,318.4,57.0,21.7,1
2011-03-24,0,0.0,0.0,0.0,0
2011-03-25,0,0.0,0.0,0.0,0
2011-03-26,0,0.0,0.0,0.0,0
2011-03-27,0,0.0,0.0,0.0,0
2011-03-28,0,0.0,0.0,0.0,0
2011-03-29,0,0.0,0.0,0.0,0
2011-03-30,0,0.0,0.0,0.0,0
2011-03-31,0,0.0,0.0,0.0,0
2011-04-01,0,0.0,0.0,0.0,0
2011-04-02,0,0.0,0.0,0.0,0
2011-04-03,0,0.0,0.0,0.0,0
2011-04-04,0,0.0,0.0,0.0,0
2011-04-05,0,0.0,0.0,0.0,0
2011-04-06,0,0.0,0.0,0.0,0
2011-04-07,0,0.0,0.0,0.0,0
2011-04-08,0,0.0,0.0,0.0,0
2011-04-09,0,0.0,0.0,0.0,0
2011-04-10,0,0.0,0.0,0.0,0
2011-04-11,0,0.0,0.0,0.0,0
2011-04-12,0,0.0,0.0,0.0,0
2011-04-13,0,0.0,0.0,0.0,0
2011-04-14,0,0.0,0.0,0.0,0
2011-04-15,0,0.0,0.0,0.0,0
2011-04-16,0,0.0,0.0,0.0,0
2011-04-17,6,341.90000000000003,87.66666666666667,183.5,1
2011-04-18,0,0.0,0.0,0.0,0
2011-04-19,0,0.0,0.0,0.0,0
2011-04-20,0,0.0,0.0,0.0,0
2011-04-21,0,0.0,0.0,0.0,0
2011-04-22,0,0.0,0.0,0.0,0
2011-04-23,0,0.0,0.0,0.0,0
2011-04-24,0,0.0,0.0,0.0,0
2011-04-25,0,0.0,0.0,0.0,0
2011-04-26,0,0.0,0.0,0.0,0
2011-04-27,0,0.0,0.0,0.0,0
2011-04-28,0,0.0,0.0,0.0,0
2011-04-29,0,0.0,0.0,0.0,0
2011-04-30,0,0.0,0.0,0.0,0
2011-05-01,0,0.0,0.0,0.0,0
2011-05-02,0,0.0,0.0,0.0,0
2011-05-03,0,0.0,0.0,0.0,0
2011-05-04,0,0.0,0.0,0.0,0
2011-05-05,0,0.0,0.0,0.0,0
2011-05-06,0,0.0,0.0,0.0,0
2011-05-07,0,0.0,0.0,0.0,0
2011-05-08,0,0.0,0.0,0.0,0
2011-05-09,0,0.0,0.0,0.0,0
2011-05-10,0,0.0,0.0,0.0,0
2011-05-11,0,0.0,0.0,0.0,0
2011-05-12,0,0.0,0.0,0.0,0
2011-05-13,0,0.0,0.0,0.0,0
2011-05-14,0,0.0,0.0,0.0,0
2011-05-15,0,0.0,0.0,0.0,0
2011-05-16,0,0.0,0.0,0.0,0
2011-05-17,0,0.0,0.0,0.0,0
2011-05-18,0,0.0,0.0,0.0,0
2011-05-19,0,0.0,0.0,0.0,0
2011-05-20,0,0.0,0.0,0.0,0
2011-05-21,0,0.0,0.0,0.0,0
2011-05-22,0,0.0,0.0,0.0,0
2011-05-23,0,0.0,0.0,0.0,0
2011-05-24,0,0.0,0.0,0.0,0
2011-05-25,0,0.0,0.0,0.0,0
2011-05-26,0,0.0,0.0,0.0,0
2011-05-27,0,0.0,0.0,0.0,0
2011-05-28,0,0.0,0.0,0.0,0
2011-05-29,0,0.0,0.0,0.0,0
2011-05-30,0,0.0,0.0,0.0,0
2011-05-31,0,0.0,0.0,0.0,0
2011-06-01,0,0.0,0.0,0.0,0
2011-06-02,0,0.0,0.0,0.0,0
2011-06-03,0,0.0,0.0,0.0,0
2011-06-04,0,0.0,0.0,0.0,0
2011-06-05,0,0.0,0.0,0.0,0
2011-06-06,0,0.0,0.0,0.0,0
2011-06-07,0,0.0,0.0,0.0,0
2011-06-08,0,0.0,0.0,0.0,0
2011-06-09,0,0.0,0.0,0.0,0
2011-06-10,0,0.0,0.0,0.0,0
2011-06-11,0,0.0,0.0,0.0,0
2011-06-12,0,0.0,0.0,0.0,0
2011-06-13,0,0.0,0.0,0.0,0
2011-06-14,0,0.0,0.0,0.0,0
2011-06-15,0,0.0,0.0,0.0,0
2011-06-16,1,347.2,90.0,45.0,1
2011-06-17,0,0.0,0.0,0.0,0
2011-06-18,0,0.0,0.0,0.0,0
2011-06-19,0,0.0,0.0,0.0,0
2011-06-20,0,0.0,0.0,0.0,0
2011-06-21,0,0.0,0.0,0.0,0
2011-06-22,0,0.0,0.0,0.0,0
2011-06-23,0,0.0,0.0,0.0,0
2011-06-24,0,0.0,0.0,0.0,0
2011-06-25,0,0.0,0.0,0.0,0
2011-06-26,0,0.0,0.0,0.0,0
2011-06-27,0,0.0,0.0,0.0,0
2011-06-28,0,0.0,0.0,0.0,0
2011-06-29,0,0.0,0.0,0.0,0
2011-06-30,0,0.0,0.0,0.0,0
2011-07-01,0,0.0,0.0,0.0,0
2011-07-02,0,0.0,0.0,0.0,0
2011-07-03,0,0.0,0.0,0.0,0
2011-07-04,0,0.0,0.0,0.0,0
2011-07-05,0,0.0,0.0,0.0,0
2011-07-06,0,0.0,0.0,0.0,0
2011-07-07,0,0.0,0.0,0.0,0
2011-07-08,0,0.0,0.0,0.0,0
2011-07-09,0,0.0,0.0,0.0,0
2011-07-10,0,0.0,0.0,0.0,0
2011-07-11,0,0.0,0.0,0.0,0
2011-07-12,0,0.0,0.0,0.0,0
2011-07-13,0,0.0,0.0,0.0,0
2011-07-14,0,0.0,0.0,0.0,0
2011-07-15,0,0.0,0.0,0.0,0
2011-07-16,0,0.0,0.0,0.0,0
2011-07-17,0,0.0,0.0,0.0,0
2011-07-18,0,0.0,0.0,0.0,0
2011-07-19,0,0.0,0.0,0.0,0
2011-07-20,0,0.0,0.0,0.0,0
2011-07-21,0,0.0,0.0,0.0,0
2011-07-22,0,0.0,0.0,0.0,0
2011-07-23,0,0.0,0.0,0.0,0
2011-07-24,0,0.0,0.0,0.0,0
2011-07-25,0,0.0,0.0,0.0,0
2011-07-26,0,0.0,0.0,0.0,0
2011-07-27,0,0.0,0.0,0.0,0
2011-07-28,2,319.0,63.5,12.75,1
2011-07-29,1,323.3,13.0,31.4,1
2011-07-30,0,0.0,0.0,0.0,0
2011-07-31,0,0.0,0.0,0.0,0
2011-08-01,0,0.0,0.0,0.0,0
2011-08-02,0,0.0,0.0,0.0,0
2011-08-03,0,0.0,0.0,0.0,0
2011-08-04,0,0.0,0.0,0.0,0
2011-08-05,0,0.0,0.0,0.0,0
2011-08-06,6,316.03333333333336,89.0,12.466666666666667,1
2011-08-07,0,0.0,0.0,0.0,0
2011-08-08,0,0.0,0.0,0.0,0
2011-08-09,0,0.0,0.0,0.0,0
2011-08-10,0,0.0,0.0,0.0,0
2011-08-11,0,0.0,0.0,0.0,0
2011-08-12,0,0.0,0.0,0.0,0
2011-08-13,0,0.0,0.0,0.0,0
2011-08-14,0,0.0,0.0,0.0,0
2011-08-15,0,0.0,0.0,0.0,0
2011-08-16,0,0.0,0.0,0.0,0
2011-08-17,0,0.0,0.0,0.0,0
2011-08-18,1,306.3,57.0,17.2,1
2011-08-19,0,0.0,0.0,0.0,0
2011-08-20,0,0.0,0.0,0.0,0
2011-08-21,0,0.0,0.0,0.0,0
2011-08-22,0,0.0,0.0,0.0,0
2011-08-23,0,0.0,0.0,0.0,0
2011-08-24,0,0.0,0.0,0.0,0
2011-08-25,0,0.0,0.0,0.0,0
2011-08-26,0,0.0,0.0,0.0,0
2011-08-27,0,0.0,0.0,0.0,0
2011-08-28,0,0.0,0.0,0.0,0
2011-08-29,0,0.0,0.0,0.0,0
2011-08-30,0,0.0,0.0,0.0,0
2011-08-31,0,0.0,0.0,0.0,0
2011-09-01,0,0.0,0.0,0.0,0
2011-09-02,0,0.0,0.0,0.0,0
2011-09-03,0,0.0,0.0,0.0,0
2011-09-04,6,353.43333333333334,73.5,79.53333333333335,1
2011-09-05,159,342.07232704402514,85.05660377358491,154.87484276729558,1
2011-09-06,31,324.81935483870967,66.83870967741936,38.34193548387096,1
2011-09-07,0,0.0,0.0,0.0,0
2011-09-08,0,0.0,0.0,0.0,0
2011-09-09,0,0.0,0.0,0.0,0
2011-09-10,0,0.0,0.0,0.0,0
2011-09-11,0,0.0,0.0,0.0,0
2011-09-12,0,0.0,0.0,0.0,0
2011-09-13,0,0.0,0.0,0.0,0
2011-09-14,0,0.0,0.0,0.0,0
2011-09-15,0,0.0,0.0,0.0,0
2011-09-16,0,0.0,0.0,0.0,0
2011-09-17,0,0.0,0.0,0.0,0
2011-09-18,0,0.0,0.0,0.0,0
2011-09-19,0,0.0,0.0,0.0,0
2011-09-20,0,0.0,0.0,0.0,0
2011-09-21,0,0.0,0.0,0.0,0
2011-09-22,0,0.0,0.0,0.0,0
2011-09-23,0,0.0,0.0,0.0,0
2011-09-24,0,0.0,0.0,0.0,0
2011-09-25,0,0.0,0.0,0.0,0
2011-09-26,0,0.0,0.0,0.0,0
2011-09-27,0,0.0,0.0,0.0,0
2011-09-28,0,0.0,0.0,0.0,0
2011-09-29,0,0.0,0.0,0.0,0
2011-09-30,0,0.0,0.0,0.0,0
2011-10-01,0,0.0,0.0,0.0,0
2011-10-02,0,0.0,0.0,0.0,0
2011-10-03,0,0.0,0.0,0.0,0
2011-10-04,2,373.2,99.5,130.0,1
2011-10-05,0,0.0,0.0,0.0,0
2011-10-06,0,0.0,0.0,0.0,0
2011-10-07,0,0.0,0.0,0.0,0
2011-10-08,0,0.0,0.0,0.0,0
2011-10-09,0,0.0,0.0,0.0,0
2011-10-10,0,0.0,0.0,0.0,0
2011-10-11,0,0.0,0.0,0.0,0
2011-10-12,0,0.0,0.0,0.0,0
2011-10-13,0,0.0,0.0,0.0,0
2011-10-14,0,0.0,0.0,0.0,0
2011-10-15,0,0.0,0.0,0.0,0
2011-10-16,0,0.0,0.0,0.0,0
2011-10-17,0,0.0,0.0,0.0,0
2011-10-18,0,0.0,0.0,0.0,0
2011-10-19,0,0.0,0.0,0.0,0
2011-10-20,0,0.0,0.0,0.0,0
2011-10-21,0,0.0,0.0,0.0,0
2011-10-22,0,0.0,0.0,0.0,0
2011-10-23,0,0.0,0.0,0.0,0
2011-10-24,0,0.0,0.0,0.0,0
2011-10-25,0,0.0,0.0,0.0,0
2011-10-26,0,0.0,0.0,0.0,0
2011-10-27,0,0.0,0.0,0.0,0
2011-10-28,0,0.0,0.0,0.0,0
2011-10-29,0,0.0,0.0,0.0,0
2011-10-30,0,0.0,0.0,0.0,0
2011-10-31,0,0.0,0.0,0.0,0
2011-11-01,0,0.0,0.0,0.0,0
2011-11-02,0,0.0,0.0,0.0,0
2011-11-03,0,0.0,0.0,0.0,0
2011-11-04,0,0.0,0.0,0.0,0
2011-11-05,0,0.0,0.0,0.0,0
2011-11-06,0,0.0,0.0,0.0,0
2011-11-07,0,0.0,0.0,0.0,0
2011-11-08,0,0.0,0.0,0.0,0
2011-11-09,0,0.0,0.0,0.0,0
2011-11-10,0,0.0,0.0,0.0,0
2011-11-11,0,0.0,0.0,0.0,0
2011-11-12,0,0.0,0.0,0.0,0
2011-11-13,0,0.0,0.0,0.0,0
2011-11-14,0,0.0,0.0,0.0,0
2011-11-15,0,0.0,0.0,0.0,0
2011-11-16,2,312.9,64.5,10.6,1
2011-11-17,0,0.0,0.0,0.0,0
2011-11-18,0,0.0,0.0,0.0,0
2011-11-19,0,0.0,0.0,0.0,0
2011-11-20,0,0.0,0.0,0.0,0
2011-11-21,0,0.0,0.0,0.0,0
2011-11-22,4,304.475,55.25,4.7,1
2011-11-23,3,311.8,66.33333333333333,9.166666666666666,1
2011-11-24,6,316.34999999999997,73.0,22.566666666666666,1
2011-11-25,0,0.0,0.0,0.0,0
2011-11-26,0,0.0,0.0,0.0,0
2011-11-27,0,0.0,0.0,0.0,0
2011-11-28,10,316.1,71.3,29.65,1
2011-11-29,14,311.82142857142856,63.92857142857143,36.1,1
2011-11-30,10,308.45,52.1,33.3,1
2011-12-01,0,0.0,0.0,0.0,0
2011-12-02,0,0.0,0.0,0.0,0
2011-12-03,0,0.0,0.0,0.0,0
2011-12-04,0,0.0,0.0,0.0,0
2011-12-05,0,0.0,0.0,0.0,0
2011-12-06,0,0.0,0.0,0.0,0
2011-12-07,5,303.68,54.8,6.58,1
2011-12-08,1,325.6,73.0,26.0,1
2011-12-09,0,0.0,0.0,0.0,0
2011-12-10,0,0.0,0.0,0.0,0
2011-12-11,0,0.0,0.0,0.0,0
2011-12-12,0,0.0,0.0,0.0,0
2011-12-13,0,0.0,0.0,0.0,0
2011-12-14,0,0.0,0.0,0.0,0
2011-12-15,0,0.0,0.0,0.0,0
2011-12-16,0,0.0,0.0,0.0,0
2011-12-17,0,0.0,0.0,0.0,0
2011-12-18,0,0.0,0.0,0.0,0
2011-12-19,0,0.0,0.0,0.0,0
2011-12-20,0,0.0,0.0,0.0,0
2011-12-21,0,0.0,0.0,0.0,0
2011-12-22,2,306.2,59.0,9.65,1
2011-12-23,0,0.0,0.0,0.0,0
2011-12-24,0,0.0,0.0,0.0,0
2011-12-25,0,0.0,0.0,0.0,0
2011-12-26,1,303.3,55.0,10.0,1
2011-12-27,0,0.0,0.0,0.0,0
2011-12-28,0,0.0,0.0,0.0,0
2011-12-29,0,0.0,0.0,0.0,0
2011-12-30,1,321.8,80.0,19.9,1
2011-12-31,1,328.3,85.0,27.6,1
2012-01-01,0,0.0,0.0,0.0,0
2012-01-02,1,303.2,55.0,6.7,1
2012-01-03,1,302.4,46.0,4.8,1
2012-01-04,0,0.0,0.0,0.0,0
2012-01-05,4,313.8,73.25,23.85,1
2012-01-06,6,324.06666666666666,76.16666666666667,39.53333333333333,1
2012-01-07,2,306.45000000000005,63.0,6.300000000000001,1
2012-01-08,0,0.0,0.0,0.0,0
2012-01-09,0,0.0,0.0,0.0,0
2012-01-10,0,0.0,0.0,0.0,0
2012-01-11,3,306.03333333333336,62.666666666666664,9.666666666666666,1
2012-01-12,0,0.0,0.0,0.0,0
2012-01-13,4,306.35,20.0,14.475,1
2012-01-14,3,311.56666666666666,67.0,43.699999999999996,1
2012-01-15,0,0.0,0.0,0.0,0
2012-01-16,0,0.0,0.0,0.0,0
2012-01-17,0,0.0,0.0,0.0,0
2012-01-18,4,306.375,53.0,22.375,1
2012-01-19,2,303.0,41.0,17.45,1
2012-01-20,0,0.0,0.0,0.0,0
2012-01-21,0,0.0,0.0,0.0,0
2012-01-22,0,0.0,0.0,0.0,0
2012-01-23,0,0.0,0.0,0.0,0
2012-01-24,0,0.0,0.0,0.0,0
2012-01-25,0,0.0,0.0,0.0,0
2012-01-26,2,303.35,55.0,5.35,1
2012-01-27,1,301.6,48.0,5.0,1
2012-01-28,0,0.0,0.0,0.0,0
2012-01-29,3,315.90000000000003,63.0,37.13333333333333,1
2012-01-30,0,0.0,0.0,0.0,0
2012-01-31,1,312.1,68.0,8.9,1
2012-02-01,4,310.1,61.5,7.75,1
2012-02-02,0,0.0,0.0,0.0,0
2012-02-03,0,0.0,0.0,0.0,0
2012-02-04,0,0.0,0.0,0.0,0
2012-02-05,0,0.0,0.0,0.0,0
2012-02-06,0,0.0,0.0,0.0,0
2012-02-07,1,308.0,66.0,28.1,1
2012-02-08,0,0.0,0.0,0.0,0
2012-02-09,0,0.0,0.0,0.0,0
2012-02-10,0,0.0,0.0,0.0,0
2012-02-11,1,305.1,61.0,8.2,1
2012-02-12,0,0.0,0.0,0.0,0
2012-02-13,1,304.8,50.0,10.7,1
2012-02-14,1,305.4,61.0,11.7,1
2012-02-15,0,0.0,0.0,0.0,0
2012-02-16,0,0.0,0.0,0.0,0
2012-02-17,0,0.0,0.0,0.0,0
2012-02-18,0,0.0,0.0,0.0,0
2012-02-19,1,300.2,32.0,4.0,1
2012-02-20,0,0.0,0.0,0.0,0
2012-02-21,0,0.0,0.0,0.0,0
2012-02-22,0,0.0,0.0,0.0,0
2012-02-23,0,0.0,0.0,0.0,0
2012-02-24,0,0.0,0.0,0.0,0
2012-02-25,0,0.0,0.0,0.0,0
2012-02-26,1,310.7,52.0,8.4,1
2012-02-27,0,0.0,0.0,0.0,0
2012-02-28,0,0.0,0.0,0.0,0
2012-02-29,0,0.0,0.0,0.0,0
2012-03-01,0,0.0,0.0,0.0,0
2012-03-02,0,0.0,0.0,0.0,0
2012-03-03,0,0.0,0.0,0.0,0
2012-03-04,1,308.3,51.0,6.2,1
2012-03-05,0,0.0,0.0,0.0,0
2012-03-06,0,0.0,0.0,0.0,0
2012-03-07,0,0.0,0.0,0.0,0
2012-03-08,0,0.0,0.0,0.0,0
2012-03-09,0,0.0,0.0,0.0,0
2012-03-10,0,0.0,0.0,0.0,0
2012-03-11,0,0.0,0.0,0.0,0
2012-03-12,0,0.0,0.0,0.0,0
2012-03-13,0,0.0,0.0,0.0,0
2012-03-14,0,0.0,0.0,0.0,0
2012-03-15,0,0.0,0.0,0.0,0
2012-03-16,0,0.0,0.0,0.0,0
2012-03-17,0,0.0,0.0,0.0,0
2012-03-18,0,0.0,0.0,0.0,0
2012-03-19,0,0.0,0.0,0.0,0
2012-03-20,0,0.0,0.0,0.0,0
2012-03-21,0,0.0,0.0,0.0,0
2012-03-22,0,0.0,0.0,0.0,0
2012-03-23,0,0.0,0.0,0.0,0
2012-03-24,6,316.06666666666666,56.5,17.933333333333334,1
2012-03-25,0,0.0,0.0,0.0,0
2012-03-26,0,0.0,0.0,0.0,0
2012-03-27,0,0.0,0.0,0.0,0
2012-03-28,0,0.0,0.0,0.0,0
2012-03-29,0,0.0,0.0,0.0,0
2012-03-30,0,0.0,0.0,0.0,0
2012-03-31,0,0.0,0.0,0.0,0
2012-04-01,0,0.0,0.0,0.0,0
2012-04-02,0,0.0,0.0,0.0,0
2012-04-03,0,0.0,0.0,0.0,0
2012-04-04,0,0.0,0.0,0.0,0
2012-04-05,0,0.0,0.0,0.0,0
2012-04-06,0,0.0,0.0,0.0,0
2012-04-07,0,0.0,0.0,0.0,0
2012-04-08,0,0.0,0.0,0.0,0
2012-04-09,0,0.0,0.0,0.0,0
2012-04-10,0,0.0,0.0,0.0,0
2012-04-11,0,0.0,0.0,0.0,0
2012-04-12,0,0.0,0.0,0.0,0
2012-04-13,0,0.0,0.0,0.0,0
2012-04-14,0,0.0,0.0,0.0,0
2012-04-15,0,0.0,0.0,0.0,0
2012-04-16,0,0.0,0.0,0.0,0
2012-04-17,0,0.0,0.0,0.0,0
2012-04-18,1,312.5,49.0,12.2,1
2012-04-19,0,0.0,0.0,0.0,0
2012-04-20,0,0.0,0.0,0.0,0
2012-04-21,1,313.8,55.0,6.0,1
2012-04-22,1,319.3,44.0,6.5,1
2012-04-23,0,0.0,0.0,0.0,0
2012-04-24,0,0.0,0.0,0.0,0
2012-04-25,0,0.0,0.0,0.0,0
2012-04-26,0,0.0,0.0,0.0,0
2012-04-27,1,336.5,85.0,35.4,1
2012-04-28,0,0.0,0.0,0.0,0
2012-04-29,0,0.0,0.0,0.0,0
2012-04-30,0,0.0,0.0,0.0,0
2012-05-01,0,0.0,0.0,0.0,0
2012-05-02,0,0.0,0.0,0.0,0
2012-05-03,0,0.0,0.0,0.0,0
2012-05-04,0,0.0,0.0,0.0,0
2012-05-05,0,0.0,0.0,0.0,0
2012-05-06,0,0.0,0.0,0.0,0
2012-05-07,0,0.0,0.0,0.0,0
2012-05-08,0,0.0,0.0,0.0,0
2012-05-09,1,334.7,87.0,32.8,1
2012-05-10,0,0.0,0.0,0.0,0
2012-05-11,0,0.0,0.0,0.0,0
2012-05-12,0,0.0,0.0,0.0,0
2012-05-13,0,0.0,0.0,0.0,0
2012-05-14,0,0.0,0.0,0.0,0
2012-05-15,0,0.0,0.0,0.0,0
2012-05-16,2,315.85,60.5,6.75,1
2012-05-17,0,0.0,0.0,0.0,0
2012-05-18,0,0.0,0.0,0.0,0
2012-05-19,0,0.0,0.0,0.0,0
2012-05-20,0,0.0,0.0,0.0,0
2012-05-21,0,0.0,0.0,0.0,0
2012-05-22,0,0.0,0.0,0.0,0
2012-05-23,0,0.0,0.0,0.0,0
2012-05-24,0,0.0,0.0,0.0,0
2012-05-25,0,0.0,0.0,0.0,0
2012-05-26,0,0.0,0.0,0.0,0
2012-05-27,0,0.0,0.0,0.0,0
2012-05-28,0,0.0,0.0,0.0,0
2012-05-29,1,317.8,58.0,19.2,1
2012-05-30,0,0.0,0.0,0.0,0
2012-05-31,1,320.5,47.0,8.7,1
2012-06-01,2,324.6,56.0,9.05,1
2012-06-02,1,321.9,42.0,8.2,1
2012-06-03,0,0.0,0.0,0.0,0
2012-06-04,0,0.0,0.0,0.0,0
2012-06-05,0,0.0,0.0,0.0,0
2012-06-06,0,0.0,0.0,0.0,0
2012-06-07,0,0.0,0.0,0.0,0
2012-06-08,0,0.0,0.0,0.0,0
2012-06-09,0,0.0,0.0,0.0,0
2012-06-10,0,0.0,0.0,0.0,0
2012-06-11,0,0.0,0.0,0.0,0
2012-06-12,0,0.0,0.0,0.0,0
2012-06-13,0,0.0,0.0,0.0,0
2012-06-14,0,0.0,0.0,0.0,0
2012-06-15,0,0.0,0.0,0.0,0
2012-06-16,0,0.0,0.0,0.0,0
2012-06-17,0,0.0,0.0,0.0,0
2012-06-18,0,0.0,0.0,0.0,0
2012-06-19,0,0.0,0.0,0.0,0
2012-06-20,0,0.0,0.0,0.0,0
2012-06-21,0,0.0,0.0,0.0,0
2012-06-22,0,0.0,0.0,0.0,0
2012-06-23,0,0.0,0.0,0.0,0
2012-06-24,0,0.0,0.0,0.0,0
2012-06-25,0,0.0,0.0,0.0,0
2012-06-26,2,330.55,65.5,11.45,1
2012-06-27,0,0.0,0.0,0.0,0
2012-06-28,0,0.0,0.0,0.0,0
2012-06-29,0,0.0,0.0,0.0,0
2012-06-30,0,0.0,0.0,0.0,0
2012-07-01,0,0.0,0.0,0.0,0
2012-07-02,0,0.0,0.0,0.0,0
2012-07-03,0,0.0,0.0,0.0,0
2012-07-04,0,0.0,0.0,0.0,0
2012-07-05,0,0.0,0.0,0.0,0
2012-07-06,0,0.0,0.0,0.0,0
2012-07-07,0,0.0,0.0,0.0,0
2012-07-08,0,0.0,0.0,0.0,0
2012-07-09,0,0.0,0.0,0.0,0
2012-07-10,0,0.0,0.0,0.0,0
2012-07-11,0,0.0,0.0,0.0,0
2012-07-12,1,334.6,85.0,28.2,1
2012-07-13,0,0.0,0.0,0.0,0
2012-07-14,0,0.0,0.0,0.0,0
2012-07-15,0,0.0,0.0,0.0,0
2012-07-16,0,0.0,0.0,0.0,0
2012-07-17,0,0.0,0.0,0.0,0
2012-07-18,0,0.0,0.0,0.0,0
2012-07-19,0,0.0,0.0,0.0,0
2012-07-20,0,0.0,0.0,0.0,0
2012-07-21,0,0.0,0.0,0.0,0
2012-07-22,0,0.0,0.0,0.0,0
2012-07-23,0,0.0,0.0,0.0,0
2012-07-24,0,0.0,0.0,0.0,0
2012-07-25,0,0.0,0.0,0.0,0
2012-07-26,0,0.0,0.0,0.0,0
2012-07-27,0,0.0,0.0,0.0,0
2012-07-28,0,0.0,0.0,0.0,0
2012-07-29,0,0.0,0.0,0.0,0
2012-07-30,0,0.0,0.0,0.0,0
2012-07-31,0,0.0,0.0,0.0,0
2012-08-01,0,0.0,0.0,0.0,0
2012-08-02,0,0.0,0.0,0.0,0
2012-08-03,0,0.0,0.0,0.0,0
2012-08-04,0,0.0,0.0,0.0,0
2012-08-05,0,0.0,0.0,0.0,0
2012-08-06,0,0.0,0.0,0.0,0
2012-08-07,0,0.0,0.0,0.0,0
2012-08-08,0,0.0,0.0,0.0,0
2012-08-09,0,0.0,0.0,0.0,0
2012-08-10,0,0.0,0.0,0.0,0
2012-08-11,0,0.0,0.0,0.0,0
2012-08-12,0,0.0,0.0,0.0,0
2012-08-13,0,0.0,0.0,0.0,0
2012-08-14,0,0.0,0.0,0.0,0
2012-08-15,0,0.0,0.0,0.0,0
2012-08-16,0,0.0,0.0,0.0,0
2012-08-17,0,0.0,0.0,0.0,0
2012-08-18,0,0.0,0.0,0.0,0
2012-08-19,0,0.0,0.0,0.0,0
2012-08-20,0,0.0,0.0,0.0,0
2012-08-21,0,0.0,0.0,0.0,0
2012-08-22,0,0.0,0.0,0.0,0
2012-08-23,0,0.0,0.0,0.0,0
2012-08-24,0,0.0,0.0,0.0,0
2012-08-25,0,0.0,0.0,0.0,0
2012-08-26,0,0.0,0.0,0.0,0
2012-08-27,0,0.0,0.0,0.0,0
2012-08-28,1,329.6,78.0,19.7,1
2012-08-29,0,0.0,0.0,0.0,0
2012-08-30,0,0.0,0.0,0.0,0
2012-08-31,0,0.0,0.0,0.0,0
2012-09-01,0,0.0,0.0,0.0,0
2012-09-02,0,0.0,0.0,0.0,0
2012-09-03,0,0.0,0.0,0.0,0
2012-09-04,1,328.8,56.0,9.0,1
2012-09-05,0,0.0,0.0,0.0,0
2012-09-06,0,0.0,0.0,0.0,0
2012-09-07,0,0.0,0.0,0.0,0
2012-09-08,0,0.0,0.0,0.0,0
2012-09-09,0,0.0,0.0,0.0,0
2012-09-10,0,0.0,0.0,0.0,0
2012-09-11,1,326.7,41.0,8.6,1
2012-09-12,0,0.0,0.0,0.0,0
2012-09-13,0,0.0,0.0,0.0,0
2012-09-14,0,0.0,0.0,0.0,0
2012-09-15,0,0.0,0.0,0.0,0
2012-09-16,0,0.0,0.0,0.0,0
2012-09-17,0,0.0,0.0,0.0,0
2012-09-18,0,0.0,0.0,0.0,0
2012-09-19,1,314.0,51.0,7.5,1
2012-09-20,2,311.65,57.0,41.55,1
2012-09-21,0,0.0,0.0,0.0,0
2012-09-22,0,0.0,0.0,0.0,0
2012-09-23,0,0.0,0.0,0.0,0
2012-09-24,4,325.775,75.75,29.1,1
2012-09-25,3,318.6,70.66666666666667,25.866666666666664,1
2012-09-26,0,0.0,0.0,0.0,0
2012-09-27,0,0.0,0.0,0.0,0
2012-09-28,0,0.0,0.0,0.0,0
2012-09-29,0,0.0,0.0,0.0,0
2012-09-30,0,0.0,0.0,0.0,0
2012-10-01,0,0.0,0.0,0.0,0
2012-10-02,2,309.4,55.5,6.65,1
2012-10-03,0,0.0,0.0,0.0,0
2012-10-04,0,0.0,0.0,0.0,0
2012-10-05,1,314.5,59.0,8.3,1
2012-10-06,0,0.0,0.0,0.0,0
2012-10-07,0,0.0,0.0,0.0,0
2012-10-08,4,309.375,57.75,13.6,1
2012-10-09,0,0.0,0.0,0.0,0
2012-10-10,0,0.0,0.0,0.0,0
2012-10-11,0,0.0,0.0,0.0,0
2012-10-12,0,0.0,0.0,0.0,0
2012-10-13,0,0.0,0.0,0.0,0
2012-10-14,0,0.0,0.0,0.0,0
2012-10-15,0,0.0,0.0,0.0,0
2012-10-16,0,0.0,0.0,0.0,0
2012-10-17,1,315.3,61.0,10.1,1
2012-10-18,0,0.0,0.0,0.0,0
2012-10-19,0,0.0,0.0,0.0,0
2012-10-20,0,0.0,0.0,0.0,0
2012-10-21,0,0.0,0.0,0.0,0
2012-10-22,0,0.0,0.0,0.0,0
2012-10-23,0,0.0,0.0,0.0,0
2012-10-24,0,0.0,0.0,0.0,0
2012-10-25,0,0.0,0.0,0.0,0
2012-10-26,0,0.0,0.0,0.0,0
2012-10-27,0,0.0,0.0,0.0,0
2012-10-28,0,0.0,0.0,0.0,0
2012-10-29,0,0.0,0.0,0.0,0
2012-10-30,0,0.0,0.0,0.0,0
2012-10-31,0,0.0,0.0,0.0,0
2012-11-01,0,0.0,0.0,0.0,0
2012-11-02,0,0.0,0.0,0.0,0
2012-11-03,0,0.0,0.0,0.0,0
2012-11-04,0,0.0,0.0,0.0,0
2012-11-05,0,0.0,0.0,0.0,0
2012-11-06,0,0.0,0.0,0.0,0
2012-11-07,2,312.79999999999995,47.5,5.05,1
2012-11-08,1,323.5,78.0,16.3,1
2012-11-09,0,0.0,0.0,0.0,0
2012-11-10,0,0.0,0.0,0.0,0
2012-11-11,0,0.0,0.0,0.0,0
2012-11-12,0,0.0,0.0,0.0,0
2012-11-13,0,0.0,0.0,0.0,0
2012-11-14,2,309.1,67.5,35.85,1
2012-11-15,0,0.0,0.0,0.0,0
2012-11-16,0,0.0,0.0,0.0,0
2012-11-17,1,309.5,66.0,8.1,1
2012-11-18,0,0.0,0.0,0.0,0
2012-11-19,0,0.0,0.0,0.0,0
2012-11-20,0,0.0,0.0,0.0,0
2012-11-21,0,0.0,0.0,0.0,0
2012-11-22,0,0.0,0.0,0.0,0
2012-11-23,0,0.0,0.0,0.0,0
2012-11-24,0,0.0,0.0,0.0,0
2012-11-25,0,0.0,0.0,0.0,0
2012-11-26,0,0.0,0.0,0.0,0
2012-11-27,0,0.0,0.0,0.0,0
2012-11-28,2,304.45,55.0,10.95,1
2012-11-29,0,0.0,0.0,0.0,0
2012-11-30,0,0.0,0.0,0.0,0
2012-12-01,0,0.0,0.0,0.0,0
2012-12-02,0,0.0,0.0,0.0,0
2012-12-03,1,309.3,60.0,6.1,1
2012-12-04,0,0.0,0.0,0.0,0
2012-12-05,0,0.0,0.0,0.0,0
2012-12-06,0,0.0,0.0,0.0,0
2012-12-07,0,0.0,0.0,0.0,0
2012-12-08,0,0.0,0.0,0.0,0
2012-12-09,0,0.0,0.0,0.0,0
2012-12-10,0,0.0,0.0,0.0,0
2012-12-11,0,0.0,0.0,0.0,0
2012-12-12,6,344.76666666666665,91.5,241.9333333333333,1
2012-12-13,0,0.0,0.0,0.0,0
2012-12-14,0,0.0,0.0,0.0,0
2012-12-15,0,0.0,0.0,0.0,0
2012-12-16,0,0.0,0.0,0.0,0
2012-12-17,0,0.0,0.0,0.0,0
2012-12-18,0,0.0,0.0,0.0,0
2012-12-19,0,0.0,0.0,0.0,0
2012-12-20,1,307.7,72.0,11.3,1
2012-12-21,1,302.5,53.0,14.0,1
2012-12-22,0,0.0,0.0,0.0,0
2012-12-23,0,0.0,0.0,0.0,0
2012-12-24,0,0.0,0.0,0.0,0
2012-12-25,0,0.0,0.0,0.0,0
2012-12-26,0,0.0,0.0,0.0,0
2012-12-27,0,0.0,0.0,0.0,0
2012-12-28,0,0.0,0.0,0.0,0
2012-12-29,0,0.0,0.0,0.0,0
2012-12-30,0,0.0,0.0,0.0,0
2012-12-31,0,0.0,0.0,0.0,0
2013-01-01,0,0.0,0.0,0.0,0
2013-01-02,0,0.0,0.0,0.0,0
2013-01-03,0,0.0,0.0,0.0,0
2013-01-04,0,0.0,0.0,0.0,0
2013-01-05,0,0.0,0.0,0.0,0
2013-01-06,0,0.0,0.0,0.0,0
2013-01-07,0,0.0,0.0,0.0,0
2013-01-08,0,0.0,0.0,0.0,0
2013-01-09,0,0.0,0.0,0.0,0
2013-01-10,0,0.0,0.0,0.0,0
2013-01-11,0,0.0,0.0,0.0,0
2013-01-12,0,0.0,0.0,0.0,0
2013-01-13,0,0.0,0.0,0.0,0
2013-01-14,0,0.0,0.0,0.0,0
2013-01-15,0,0.0,0.0,0.0,0
2013-01-16,0,0.0,0.0,0.0,0
2013-01-17,4,337.575,89.5,48.775,1
2013-01-18,2,301.70000000000005,46.5,4.25,1
2013-01-19,0,0.0,0.0,0.0,0
2013-01-20,3,308.4666666666667,55.0,7.966666666666666,1
2013-01-21,1,308.9,62.0,6.8,1
2013-01-22,0,0.0,0.0,0.0,0
2013-01-23,2,305.85,55.5,9.25,1
2013-01-24,0,0.0,0.0,0.0,0
2013-01-25,0,0.0,0.0,0.0,0
2013-01-26,0,0.0,0.0,0.0,0
2013-01-27,0,0.0,0.0,0.0,0
2013-01-28,0,0.0,0.0,0.0,0
2013-01-29,0,0.0,0.0,0.0,0
2013-01-30,0,0.0,0.0,0.0,0
2013-01-31,4,306.475,56.25,13.15,1
2013-02-01,2,307.45000000000005,56.0,10.55,1
2013-02-02,0,0.0,0.0,0.0,0
2013-02-03,0,0.0,0.0,0.0,0
2013-02-04,0,0.0,0.0,0.0,0
2013-02-05,1,309.3,62.0,4.7,1
2013-02-06,0,0.0,0.0,0.0,0
2013-02-07,2,319.05,61.0,30.45,1
2013-02-08,0,0.0,0.0,0.0,0
2013-02-09,0,0.0,0.0,0.0,0
2013-02-10,0,0.0,0.0,0.0,0
2013-02-11,0,0.0,0.0,0.0,0
2013-02-12,1,303.8,57.0,5.3,1
2013-02-13,0,0.0,0.0,0.0,0
2013-02-14,0,0.0,0.0,0.0,0
2013-02-15,0,0.0,0.0,0.0,0
2013-02-16,1,301.1,39.0,7.6,1
2013-02-17,0,0.0,0.0,0.0,0
2013-02-18,0,0.0,0.0,0.0,0
2013-02-19,0,0.0,0.0,0.0,0
2013-02-20,0,0.0,0.0,0.0,0
2013-02-21,0,0.0,0.0,0.0,0
2013-02-22,0,0.0,0.0,0.0,0
2013-02-23,3,304.8333333333333,47.0,7.3,1
2013-02-24,0,0.0,0.0,0.0,0
2013-02-25,0,0.0,0.0,0.0,0
2013-02-26,0,0.0,0.0,0.0,0
2013-02-27,2,313.55,70.0,8.75,1
2013-02-28,1,311.2,62.0,68.7,1
2013-03-01,4,326.075,80.75,22.05,1
2013-03-02,0,0.0,0.0,0.0,0
2013-03-03,0,0.0,0.0,0.0,0
2013-03-04,0,0.0,0.0,0.0,0
2013-03-05,0,0.0,0.0,0.0,0
2013-03-06,0,0.0,0.0,0.0,0
2013-03-07,0,0.0,0.0,0.0,0
2013-03-08,0,0.0,0.0,0.0,0
2013-03-09,0,0.0,0.0,0.0,0
2013-03-10,0,0.0,0.0,0.0,0
2013-03-11,2,312.45,69.0,15.05,1
2013-03-12,2,310.6,59.5,13.100000000000001,1
2013-03-13,4,314.9,58.5,16.900000000000002,1
2013-03-14,4,317.125,70.75,23.675,1
2013-03-15,0,0.0,0.0,0.0,0
2013-03-16,0,0.0,0.0,0.0,0
2013-03-17,0,0.0,0.0,0.0,0
2013-03-18,0,0.0,0.0,0.0,0
2013-03-19,0,0.0,0.0,0.0,0
2013-03-20,4,308.525,48.0,13.225,1
2013-03-21,0,0.0,0.0,0.0,0
2013-03-22,0,0.0,0.0,0.0,0
2013-03-23,0,0.0,0.0,0.0,0
2013-03-24,0,0.0,0.0,0.0,0
2013-03-25,0,0.0,0.0,0.0,0
2013-03-26,3,311.2,55.333333333333336,22.5,1
2013-03-27,0,0.0,0.0,0.0,0
2013-03-28,0,0.0,0.0,0.0,0
2013-03-29,0,0.0,0.0,0.0,0
2013-03-30,0,0.0,0.0,0.0,0
2013-03-31,0,0.0,0.0,0.0,0
2013-04-01,0,0.0,0.0,0.0,0
2013-04-02,0,0.0,0.0,0.0,0
2013-04-03,0,0.0,0.0,0.0,0
2013-04-04,1,305.5,52.0,10.3,1
2013-04-05,2,309.05,14.0,15.5,1
2013-04-06,1,323.8,78.0,26.9,1
2013-04-07,0,0.0,0.0,0.0,0
2013-04-08,0,0.0,0.0,0.0,0
2013-04-09,0,0.0,0.0,0.0,0
2013-04-10,0,0.0,0.0,0.0,0
2013-04-11,1,312.8,64.0,10.6,1
2013-04-12,0,0.0,0.0,0.0,0
2013-04-13,0,0.0,0.0,0.0,0
2013-04-14,3,319.3666666666666,62.333333333333336,11.966666666666667,1
2013-04-15,0,0.0,0.0,0.0,0
2013-04-16,0,0.0,0.0,0.0,0
2013-04-17,0,0.0,0.0,0.0,0
2013-04-18,0,0.0,0.0,0.0,0
2013-04-19,0,0.0,0.0,0.0,0
2013-04-20,3,311.09999999999997,49.666666666666664,14.733333333333334,1
2013-04-21,1,313.6,52.0,12.1,1
2013-04-22,2,317.6,66.5,19.4,1
2013-04-23,0,0.0,0.0,0.0,0
2013-04-24,0,0.0,0.0,0.0,0
2013-04-25,0,0.0,0.0,0.0,0
2013-04-26,0,0.0,0.0,0.0,0
2013-04-27,0,0.0,0.0,0.0,0
2013-04-28,0,0.0,0.0,0.0,0
2013-04-29,0,0.0,0.0,0.0,0
2013-04-30,0,0.0,0.0,0.0,0
2013-05-01,0,0.0,0.0,0.0,0
2013-05-02,0,0.0,0.0,0.0,0
2013-05-03,0,0.0,0.0,0.0,0
2013-05-04,0,0.0,0.0,0.0,0
2013-05-05,0,0.0,0.0,0.0,0
2013-05-06,0,0.0,0.0,0.0,0
2013-05-07,1,318.0,59.0,12.6,1
2013-05-08,0,0.0,0.0,0.0,0
2013-05-09,0,0.0,0.0,0.0,0
2013-05-10,4,327.1,79.0,20.075000000000003,1
2013-05-11,3,322.40000000000003,58.333333333333336,16.0,1
2013-05-12,0,0.0,0.0,0.0,0
2013-05-13,0,0.0,0.0,0.0,0
2013-05-14,0,0.0,0.0,0.0,0
2013-05-15,3,314.8333333333333,54.666666666666664,24.933333333333334,1
2013-05-16,2,325.04999999999995,69.5,15.95,1
2013-05-17,0,0.0,0.0,0.0,0
2013-05-18,0,0.0,0.0,0.0,0
2013-05-19,0,0.0,0.0,0.0,0
2013-05-20,0,0.0,0.0,0.0,0
2013-05-21,0,0.0,0.0,0.0,0
2013-05-22,0,0.0,0.0,0.0,0
2013-05-23,0,0.0,0.0,0.0,0
2013-05-24,0,0.0,0.0,0.0,0
2013-05-25,0,0.0,0.0,0.0,0
2013-05-26,0,0.0,0.0,0.0,0
2013-05-27,0,0.0,0.0,0.0,0
2013-05-28,0,0.0,0.0,0.0,0
2013-05-29,0,0.0,0.0,0.0,0
2013-05-30,0,0.0,0.0,0.0,0
2013-05-31,0,0.0,0.0,0.0,0
2013-06-01,1,315.2,50.0,18.9,1
2013-06-02,0,0.0,0.0,0.0,0
2013-06-03,1,311.2,38.0,37.7,1
2013-06-04,0,0.0,0.0,0.0,0
2013-06-05,0,0.0,0.0,0.0,0
2013-06-06,0,0.0,0.0,0.0,0
2013-06-07,1,313.7,47.0,20.8,1
2013-06-08,0,0.0,0.0,0.0,0
2013-06-09,0,0.0,0.0,0.0,0
2013-06-10,0,0.0,0.0,0.0,0
2013-06-11,0,0.0,0.0,0.0,0
2013-06-12,0,0.0,0.0,0.0,0
2013-06-13,0,0.0,0.0,0.0,0
2013-06-14,0,0.0,0.0,0.0,0
2013-06-15,0,0.0,0.0,0.0,0
2013-06-16,0,0.0,0.0,0.0,0
2013-06-17,0,0.0,0.0,0.0,0
2013-06-18,0,0.0,0.0,0.0,0
2013-06-19,0,0.0,0.0,0.0,0
2013-06-20,0,0.0,0.0,0.0,0
2013-06-21,0,0.0,0.0,0.0,0
2013-06-22,0,0.0,0.0,0.0,0
2013-06-23,0,0.0,0.0,0.0,0
2013-06-24,0,0.0,0.0,0.0,0
2013-06-25,0,0.0,0.0,0.0,0
2013-06-26,0,0.0,0.0,0.0,0
2013-06-27,0,0.0,0.0,0.0,0
2013-06-28,0,0.0,0.0,0.0,0
2013-06-29,1,332.6,61.0,11.2,1
2013-06-30,0,0.0,0.0,0.0,0
2013-07-01,0,0.0,0.0,0.0,0
2013-07-02,0,0.0,0.0,0.0,0
2013-07-03,0,0.0,0.0,0.0,0
2013-07-04,0,0.0,0.0,0.0,0
2013-07-05,0,0.0,0.0,0.0,0
2013-07-06,0,0.0,0.0,0.0,0
2013-07-07,0,0.0,0.0,0.0,0
2013-07-08,0,0.0,0.0,0.0,0
2013-07-09,0,0.0,0.0,0.0,0
2013-07-10,0,0.0,0.0,0.0,0
2013-07-11,0,0.0,0.0,0.0,0
2013-07-12,0,0.0,0.0,0.0,0
2013-07-13,0,0.0,0.0,0.0,0
2013-07-14,0,0.0,0.0,0.0,0
2013-07-15,0,0.0,0.0,0.0,0
2013-07-16,0,0.0,0.0,0.0,0
2013-07-17,0,0.0,0.0,0.0,0
2013-07-18,0,0.0,0.0,0.0,0
2013-07-19,0,0.0,0.0,0.0,0
2013-07-20,0,0.0,0.0,0.0,0
2013-07-21,0,0.0,0.0,0.0,0
2013-07-22,0,0.0,0.0,0.0,0
2013-07-23,0,0.0,0.0,0.0,0
2013-07-24,0,0.0,0.0,0.0,0
2013-07-25,0,0.0,0.0,0.0,0
2013-07-26,0,0.0,0.0,0.0,0
2013-07-27,0,0.0,0.0,0.0,0
2013-07-28,0,0.0,0.0,0.0,0
2013-07-29,0,0.0,0.0,0.0,0
2013-07-30,0,0.0,0.0,0.0,0
2013-07-31,0,0.0,0.0,0.0,0
2013-08-01,0,0.0,0.0,0.0,0
2013-08-02,0,0.0,0.0,0.0,0
2013-08-03,0,0.0,0.0,0.0,0
2013-08-04,0,0.0,0.0,0.0,0
2013-08-05,0,0.0,0.0,0.0,0
2013-08-06,0,0.0,0.0,0.0,0
2013-08-07,0,0.0,0.0,0.0,0
2013-08-08,2,347.15,90.0,44.5,1
2013-08-09,1,330.0,66.0,20.9,1
2013-08-10,0,0.0,0.0,0.0,0
2013-08-11,0,0.0,0.0,0.0,0
2013-08-12,0,0.0,0.0,0.0,0
2013-08-13,0,0.0,0.0,0.0,0
2013-08-14,0,0.0,0.0,0.0,0
2013-08-15,0,0.0,0.0,0.0,0
2013-08-16,0,0.0,0.0,0.0,0
2013-08-17,0,0.0,0.0,0.0,0
2013-08-18,0,0.0,0.0,0.0,0
2013-08-19,0,0.0,0.0,0.0,0
2013-08-20,0,0.0,0.0,0.0,0
2013-08-21,0,0.0,0.0,0.0,0
2013-08-22,0,0.0,0.0,0.0,0
2013-08-23,0,0.0,0.0,0.0,0
2013-08-24,0,0.0,0.0,0.0,0
2013-08-25,0,0.0,0.0,0.0,0
2013-08-26,0,0.0,0.0,0.0,0
2013-08-27,0,0.0,0.0,0.0,0
2013-08-28,0,0.0,0.0,0.0,0
2013-08-29,0,0.0,0.0,0.0,0
2013-08-30,0,0.0,0.0,0.0,0
2013-08-31,0,0.0,0.0,0.0,0
2013-09-01,0,0.0,0.0,0.0,0
2013-09-02,0,0.0,0.0,0.0,0
2013-09-03,0,0.0,0.0,0.0,0
2013-09-04,0,0.0,0.0,0.0,0
2013-09-05,0,0.0,0.0,0.0,0
2013-09-06,0,0.0,0.0,0.0,0
2013-09-07,0,0.0,0.0,0.0,0
2013-09-08,0,0.0,0.0,0.0,0
2013-09-09,0,0.0,0.0,0.0,0
2013-09-10,0,0.0,0.0,0.0,0
2013-09-11,0,0.0,0.0,0.0,0
2013-09-12,0,0.0,0.0,0.0,0
2013-09-13,0,0.0,0.0,0.0,0
2013-09-14,0,0.0,0.0,0.0,0
2013-09-15,0,0.0,0.0,0.0,0
2013-09-16,0,0.0,0.0,0.0,0
2013-09-17,0,0.0,0.0,0.0,0
2013-09-18,0,0.0,0.0,0.0,0
2013-09-19,0,0.0,0.0,0.0,0
2013-09-20,0,0.0,0.0,0.0,0
2013-09-21,0,0.0,0.0,0.0,0
2013-09-22,0,0.0,0.0,0.0,0
2013-09-23,0,0.0,0.0,0.0,0
2013-09-24,1,318.8,54.0,7.6,1
2013-09-25,0,0.0,0.0,0.0,0
2013-09-26,0,0.0,0.0,0.0,0
2013-09-27,0,0.0,0.0,0.0,0
2013-09-28,0,0.0,0.0,0.0,0
2013-09-29,0,0.0,0.0,0.0,0
2013-09-30,0,0.0,0.0,0.0,0
2013-10-01,1,319.8,66.0,13.3,1
2013-10-02,0,0.0,0.0,0.0,0
2013-10-03,0,0.0,0.0,0.0,0
2013-10-04,0,0.0,0.0,0.0,0
2013-10-05,0,0.0,0.0,0.0,0
2013-10-06,0,0.0,0.0,0.0,0
2013-10-07,0,0.0,0.0,0.0,0
2013-10-08,0,0.0,0.0,0.0,0
2013-10-09,0,0.0,0.0,0.0,0
2013-10-10,0,0.0,0.0,0.0,0
2013-10-11,0,0.0,0.0,0.0,0
2013-10-12,0,0.0,0.0,0.0,0
2013-10-13,0,0.0,0.0,0.0,0
2013-10-14,0,0.0,0.0,0.0,0
2013-10-15,0,0.0,0.0,0.0,0
2013-10-16,0,0.0,0.0,0.0,0
2013-10-17,1,303.7,51.0,4.8,1
2013-10-18,0,0.0,0.0,0.0,0
2013-10-19,1,338.1,91.0,43.0,1
2013-10-20,0,0.0,0.0,0.0,0
2013-10-21,0,0.0,0.0,0.0,0
2013-10-22,0,0.0,0.0,0.0,0
2013-10-23,0,0.0,0.0,0.0,0
2013-10-24,0,0.0,0.0,0.0,0
2013-10-25,0,0.0,0.0,0.0,0
2013-10-26,0,0.0,0.0,0.0,0
2013-10-27,0,0.0,0.0,0.0,0
2013-10-28,0,0.0,0.0,0.0,0
2013-10-29,0,0.0,0.0,0.0,0
2013-10-30,0,0.0,0.0,0.0,0
2013-10-31,1,304.5,41.0,5.9,1
2013-11-01,1,311.4,63.0,7.7,1
2013-11-02,0,0.0,0.0,0.0,0
2013-11-03,2,311.35,64.5,7.3,1
2013-11-04,0,0.0,0.0,0.0,0
2013-11-05,0,0.0,0.0,0.0,0
2013-11-06,0,0.0,0.0,0.0,0
2013-11-07,0,0.0,0.0,0.0,0
2013-11-08,0,0.0,0.0,0.0,0
2013-11-09,0,0.0,0.0,0.0,0
2013-11-10,0,0.0,0.0,0.0,0
2013-11-11,0,0.0,0.0,0.0,0
2013-11-12,0,0.0,0.0,0.0,0
2013-11-13,0,0.0,0.0,0.0,0
2013-11-14,0,0.0,0.0,0.0,0
2013-11-15,0,0.0,0.0,0.0,0
2013-11-16,0,0.0,0.0,0.0,0
2013-11-17,0,0.0,0.0,0.0,0
2013-11-18,0,0.0,0.0,0.0,0
2013-11-19,0,0.0,0.0,0.0,0
2013-11-20,0,0.0,0.0,0.0,0
2013-11-21,0,0.0,0.0,0.0,0
2013-11-22,0,0.0,0.0,0.0,0
2013-11-23,0,0.0,0.0,0.0,0
2013-11-24,0,0.0,0.0,0.0,0
2013-11-25,0,0.0,0.0,0.0,0
2013-11-26,0,0.0,0.0,0.0,0
2013-11-27,4,303.75,51.75,8.1,1
2013-11-28,0,0.0,0.0,0.0,0
2013-11-29,0,0.0,0.0,0.0,0
2013-11-30,0,0.0,0.0,0.0,0
2013-12-01,0,0.0,0.0,0.0,0
2013-12-02,0,0.0,0.0,0.0,0
2013-12-03,1,305.3,56.0,6.3,1
2013-12-04,0,0.0,0.0,0.0,0
2013-12-05,0,0.0,0.0,0.0,0
2013-12-06,0,0.0,0.0,0.0,0
2013-12-07,0,0.0,0.0,0.0,0
2013-12-08,0,0.0,0.0,0.0,0
2013-12-09,0,0.0,0.0,0.0,0
2013-12-10,0,0.0,0.0,0.0,0
2013-12-11,0,0.0,0.0,0.0,0
2013-12-12,0,0.0,0.0,0.0,0
2013-12-13,0,0.0,0.0,0.0,0
2013-12-14,0,0.0,0.0,0.0,0
2013-12-15,0,0.0,0.0,0.0,0
2013-12-16,0,0.0,0.0,0.0,0
2013-12-17,0,0.0,0.0,0.0,0
2013-12-18,0,0.0,0.0,0.0,0
2013-12-19,0,0.0,0.0,0.0,0
2013-12-20,0,0.0,0.0,0.0,0
2013-12-21,0,0.0,0.0,0.0,0
2013-12-22,0,0.0,0.0,0.0,0
2013-12-23,0,0.0,0.0,0.0,0
2013-12-24,0,0.0,0.0,0.0,0
2013-12-25,0,0.0,0.0,0.0,0
2013-12-26,0,0.0,0.0,0.0,0
2013-12-27,0,0.0,0.0,0.0,0
2013-12-28,0,0.0,0.0,0.0,0
2013-12-29,0,0.0,0.0,0.0,0
2013-12-30,0,0.0,0.0,0.0,0
2013-12-31,0,0.0,0.0,0.0,0
2014-01-01,0,0.0,0.0,0.0,0
2014-01-02,0,0.0,0.0,0.0,0
2014-01-03,0,0.0,0.0,0.0,0
2014-01-04,0,0.0,0.0,0.0,0
2014-01-05,0,0.0,0.0,0.0,0
2014-01-06,0,0.0,0.0,0.0,0
2014-01-07,0,0.0,0.0,0.0,0
2014-01-08,0,0.0,0.0,0.0,0
2014-01-09,0,0.0,0.0,0.0,0
2014-01-10,0,0.0,0.0,0.0,0
2014-01-11,0,0.0,0.0,0.0,0
2014-01-12,0,0.0,0.0,0.0,0
2014-01-13,1,312.3,72.0,9.5,1
2014-01-14,2,305.1,57.5,19.55,1
2014-01-15,3,317.1666666666667,70.33333333333333,20.333333333333332,1
2014-01-16,0,0.0,0.0,0.0,0
2014-01-17,0,0.0,0.0,0.0,0
2014-01-18,4,303.725,49.25,11.0,1
2014-01-19,0,0.0,0.0,0.0,0
2014-01-20,0,0.0,0.0,0.0,0
2014-01-21,0,0.0,0.0,0.0,0
2014-01-22,0,0.0,0.0,0.0,0
2014-01-23,0,0.0,0.0,0.0,0
2014-01-24,0,0.0,0.0,0.0,0
2014-01-25,0,0.0,0.0,0.0,0
2014-01-26,0,0.0,0.0,0.0,0
2014-01-27,0,0.0,0.0,0.0,0
2014-01-28,0,0.0,0.0,0.0,0
2014-01-29,0,0.0,0.0,0.0,0
2014-01-30,0,0.0,0.0,0.0,0
2014-01-31,0,0.0,0.0,0.0,0
2014-02-01,0,0.0,0.0,0.0,0
2014-02-02,0,0.0,0.0,0.0,0
2014-02-03,0,0.0,0.0,0.0,0
2014-02-04,0,0.0,0.0,0.0,0
2014-02-05,0,0.0,0.0,0.0,0
2014-02-06,0,0.0,0.0,0.0,0
2014-02-07,0,0.0,0.0,0.0,0
2014-02-08,0,0.0,0.0,0.0,0
2014-02-09,0,0.0,0.0,0.0,0
2014-02-10,0,0.0,0.0,0.0,0
2014-02-11,0,0.0,0.0,0.0,0
2014-02-12,0,0.0,0.0,0.0,0
2014-02-13,0,0.0,0.0,0.0,0
2014-02-14,1,315.2,63.0,6.8,1
2014-02-15,0,0.0,0.0,0.0,0
2014-02-16,0,0.0,0.0,0.0,0
2014-02-17,1,309.8,47.0,21.8,1
2014-02-18,3,311.1666666666667,54.0,26.066666666666666,1
2014-02-19,0,0.0,0.0,0.0,0
2014-02-20,0,0.0,0.0,0.0,0
2014-02-21,0,0.0,0.0,0.0,0
2014-02-22,0,0.0,0.0,0.0,0
2014-02-23,0,0.0,0.0,0.0,0
2014-02-24,0,0.0,0.0,0.0,0
2014-02-25,0,0.0,0.0,0.0,0
2014-02-26,0,0.0,0.0,0.0,0
2014-02-27,0,0.0,0.0,0.0,0
2014-02-28,0,0.0,0.0,0.0,0
2014-03-01,0,0.0,0.0,0.0,0
2014-03-02,0,0.0,0.0,0.0,0
2014-03-03,0,0.0,0.0,0.0,0
2014-03-04,0,0.0,0.0,0.0,0
2014-03-05,0,0.0,0.0,0.0,0
2014-03-06,0,0.0,0.0,0.0,0
2014-03-07,0,0.0,0.0,0.0,0
2014-03-08,0,0.0,0.0,0.0,0
2014-03-09,0,0.0,0.0,0.0,0
2014-03-10,0,0.0,0.0,0.0,0
2014-03-11,1,311.3,51.0,5.0,1
2014-03-12,0,0.0,0.0,0.0,0
2014-03-13,0,0.0,0.0,0.0,0
2014-03-14,0,0.0,0.0,0.0,0
2014-03-15,0,0.0,0.0,0.0,0
2014-03-16,0,0.0,0.0,0.0,0
2014-03-17,0,0.0,0.0,0.0,0
2014-03-18,0,0.0,0.0,0.0,0
2014-03-19,0,0.0,0.0,0.0,0
2014-03-20,0,0.0,0.0,0.0,0
2014-03-21,0,0.0,0.0,0.0,0
2014-03-22,0,0.0,0.0,0.0,0
2014-03-23,0,0.0,0.0,0.0,0
2014-03-24,0,0.0,0.0,0.0,0
2014-03-25,0,0.0,0.0,0.0,0
2014-03-26,0,0.0,0.0,0.0,0
2014-03-27,0,0.0,0.0,0.0,0
2014-03-28,0,0.0,0.0,0.0,0
2014-03-29,0,0.0,0.0,0.0,0
2014-03-30,0,0.0,0.0,0.0,0
2014-03-31,0,0.0,0.0,0.0,0
2014-04-01,0,0.0,0.0,0.0,0
2014-04-02,0,0.0,0.0,0.0,0
2014-04-03,0,0.0,0.0,0.0,0
2014-04-04,0,0.0,0.0,0.0,0
2014-04-05,0,0.0,0.0,0.0,0
2014-04-06,0,0.0,0.0,0.0,0
2014-04-07,1,316.5,73.0,18.8,1
2014-04-08,1,313.0,65.0,25.9,1
2014-04-09,0,0.0,0.0,0.0,0
2014-04-10,0,0.0,0.0,0.0,0
2014-04-11,0,0.0,0.0,0.0,0
2014-04-12,0,0.0,0.0,0.0,0
2014-04-13,0,0.0,0.0,0.0,0
2014-04-14,0,0.0,0.0,0.0,0
2014-04-15,1,310.7,62.0,14.5,1
2014-04-16,0,0.0,0.0,0.0,0
2014-04-17,0,0.0,0.0,0.0,0
2014-04-18,0,0.0,0.0,0.0,0
2014-04-19,0,0.0,0.0,0.0,0
2014-04-20,0,0.0,0.0,0.0,0
2014-04-21,0,0.0,0.0,0.0,0
2014-04-22,0,0.0,0.0,0.0,0
2014-04-23,0,0.0,0.0,0.0,0
2014-04-24,0,0.0,0.0,0.0,0
2014-04-25,0,0.0,0.0,0.0,0
2014-04-26,0,0.0,0.0,0.0,0
2014-04-27,0,0.0,0.0,0.0,0
2014-04-28,0,0.0,0.0,0.0,0
2014-04-29,0,0.0,0.0,0.0,0
2014-04-30,0,0.0,0.0,0.0,0
2014-05-01,0,0.0,0.0,0.0,0
2014-05-02,0,0.0,0.0,0.0,0
2014-05-03,0,0.0,0.0,0.0,0
2014-05-04,0,0.0,0.0,0.0,0
2014-05-05,0,0.0,0.0,0.0,0
2014-05-06,0,0.0,0.0,0.0,0
2014-05-07,0,0.0,0.0,0.0,0
2014-05-08,0,0.0,0.0,0.0,0
2014-05-09,0,0.0,0.0,0.0,0
2014-05-10,1,315.4,45.0,13.8,1
2014-05-11,0,0.0,0.0,0.0,0
2014-05-12,2,324.45,74.5,15.7,1
2014-05-13,0,0.0,0.0,0.0,0
2014-05-14,0,0.0,0.0,0.0,0
2014-05-15,0,0.0,0.0,0.0,0
2014-05-16,0,0.0,0.0,0.0,0
2014-05-17,0,0.0,0.0,0.0,0
2014-05-18,0,0.0,0.0,0.0,0
2014-05-19,0,0.0,0.0,0.0,0
2014-05-20,0,0.0,0.0,0.0,0
2014-05-21,0,0.0,0.0,0.0,0
2014-05-22,0,0.0,0.0,0.0,0
2014-05-23,0,0.0,0.0,0.0,0
2014-05-24,0,0.0,0.0,0.0,0
2014-05-25,0,0.0,0.0,0.0,0
2014-05-26,0,0.0,0.0,0.0,0
2014-05-27,0,0.0,0.0,0.0,0
2014-05-28,0,0.0,0.0,0.0,0
2014-05-29,0,0.0,0.0,0.0,0
2014-05-30,0,0.0,0.0,0.0,0
2014-05-31,0,0.0,0.0,0.0,0
2014-06-01,0,0.0,0.0,0.0,0
2014-06-02,0,0.0,0.0,0.0,0
2014-06-03,0,0.0,0.0,0.0,0
2014-06-04,0,0.0,0.0,0.0,0
2014-06-05,0,0.0,0.0,0.0,0
2014-06-06,0,0.0,0.0,0.0,0
2014-06-07,0,0.0,0.0,0.0,0
2014-06-08,0,0.0,0.0,0.0,0
2014-06-09,0,0.0,0.0,0.0,0
2014-06-10,3,316.8666666666667,50.666666666666664,21.833333333333332,1
2014-06-11,0,0.0,0.0,0.0,0
2014-06-12,0,0.0,0.0,0.0,0
2014-06-13,1,325.1,71.0,11.5,1
2014-06-14,0,0.0,0.0,0.0,0
2014-06-15,0,0.0,0.0,0.0,0
2014-06-16,0,0.0,0.0,0.0,0
2014-06-17,0,0.0,0.0,0.0,0
2014-06-18,0,0.0,0.0,0.0,0
2014-06-19,0,0.0,0.0,0.0,0
2014-06-20,0,0.0,0.0,0.0,0
2014-06-21,0,0.0,0.0,0.0,0
2014-06-22,0,0.0,0.0,0.0,0
2014-06-23,0,0.0,0.0,0.0,0
2014-06-24,0,0.0,0.0,0.0,0
2014-06-25,0,0.0,0.0,0.0,0
2014-06-26,0,0.0,0.0,0.0,0
2014-06-27,0,0.0,0.0,0.0,0
2014-06-28,0,0.0,0.0,0.0,0
2014-06-29,0,0.0,0.0,0.0,0
2014-06-30,0,0.0,0.0,0.0,0
2014-07-01,0,0.0,0.0,0.0,0
2014-07-02,1,329.0,63.0,13.2,1
2014-07-03,0,0.0,0.0,0.0,0
2014-07-04,0,0.0,0.0,0.0,0
2014-07-05,0,0.0,0.0,0.0,0
2014-07-06,0,0.0,0.0,0.0,0
2014-07-07,1,318.6,20.0,7.2,1
2014-07-08,1,335.1,80.0,18.9,1
2014-07-09,1,327.6,73.0,12.5,1
2014-07-10,0,0.0,0.0,0.0,0
2014-07-11,0,0.0,0.0,0.0,0
2014-07-12,0,0.0,0.0,0.0,0
2014-07-13,0,0.0,0.0,0.0,0
2014-07-14,5,338.9,84.0,145.56,1
2014-07-15,0,0.0,0.0,0.0,0
2014-07-16,0,0.0,0.0,0.0,0
2014-07-17,0,0.0,0.0,0.0,0
2014-07-18,0,0.0,0.0,0.0,0
2014-07-19,0,0.0,0.0,0.0,0
2014-07-20,0,0.0,0.0,0.0,0
2014-07-21,1,318.8,61.0,17.9,1
2014-07-22,0,0.0,0.0,0.0,0
2014-07-23,0,0.0,0.0,0.0,0
2014-07-24,1,338.0,86.0,28.0,1
2014-07-25,2,323.20000000000005,54.5,9.7,1
2014-07-26,0,0.0,0.0,0.0,0
2014-07-27,1,322.3,52.0,7.4,1
2014-07-28,0,0.0,0.0,0.0,0
2014-07-29,0,0.0,0.0,0.0,0
2014-07-30,0,0.0,0.0,0.0,0
2014-07-31,0,0.0,0.0,0.0,0
2014-08-01,0,0.0,0.0,0.0,0
2014-08-02,0,0.0,0.0,0.0,0
2014-08-03,0,0.0,0.0,0.0,0
2014-08-04,0,0.0,0.0,0.0,0
2014-08-05,0,0.0,0.0,0.0,0
2014-08-06,0,0.0,0.0,0.0,0
2014-08-07,0,0.0,0.0,0.0,0
2014-08-08,0,0.0,0.0,0.0,0
2014-08-09,0,0.0,0.0,0.0,0
2014-08-10,0,0.0,0.0,0.0,0
2014-08-11,0,0.0,0.0,0.0,0
2014-08-12,0,0.0,0.0,0.0,0
2014-08-13,0,0.0,0.0,0.0,0
2014-08-14,0,0.0,0.0,0.0,0
2014-08-15,0,0.0,0.0,0.0,0
2014-08-16,0,0.0,0.0,0.0,0
2014-08-17,0,0.0,0.0,0.0,0
2014-08-18,0,0.0,0.0,0.0,0
2014-08-19,0,0.0,0.0,0.0,0
2014-08-20,1,315.3,57.0,24.0,1
2014-08-21,0,0.0,0.0,0.0,0
2014-08-22,0,0.0,0.0,0.0,0
2014-08-23,1,320.0,58.0,25.6,1
2014-08-24,0,0.0,0.0,0.0,0
2014-08-25,0,0.0,0.0,0.0,0
2014-08-26,0,0.0,0.0,0.0,0
2014-08-27,0,0.0,0.0,0.0,0
2014-08-28,0,0.0,0.0,0.0,0
2014-08-29,0,0.0,0.0,0.0,0
2014-08-30,0,0.0,0.0,0.0,0
2014-08-31,0,0.0,0.0,0.0,0
2014-09-01,0,0.0,0.0,0.0,0
2014-09-02,0,0.0,0.0,0.0,0
2014-09-03,0,0.0,0.0,0.0,0
2014-09-04,0,0.0,0.0,0.0,0
2014-09-05,0,0.0,0.0,0.0,0
2014-09-06,0,0.0,0.0,0.0,0
2014-09-07,0,0.0,0.0,0.0,0
2014-09-08,0,0.0,0.0,0.0,0
2014-09-09,0,0.0,0.0,0.0,0
2014-09-10,0,0.0,0.0,0.0,0
2014-09-11,0,0.0,0.0,0.0,0
2014-09-12,0,0.0,0.0,0.0,0
2014-09-13,0,0.0,0.0,0.0,0
2014-09-14,0,0.0,0.0,0.0,0
2014-09-15,0,0.0,0.0,0.0,0
2014-09-16,0,0.0,0.0,0.0,0
2014-09-17,0,0.0,0.0,0.0,0
2014-09-18,1,338.3,88.0,35.9,1
2014-09-19,0,0.0,0.0,0.0,0
2014-09-20,0,0.0,0.0,0.0,0
2014-09-21,0,0.0,0.0,0.0,0
2014-09-22,0,0.0,0.0,0.0,0
2014-09-23,1,314.7,66.0,16.6,1
2014-09-24,0,0.0,0.0,0.0,0
2014-09-25,0,0.0,0.0,0.0,0
2014-09-26,0,0.0,0.0,0.0,0
2014-09-27,0,0.0,0.0,0.0,0
2014-09-28,0,0.0,0.0,0.0,0
2014-09-29,0,0.0,0.0,0.0,0
2014-09-30,0,0.0,0.0,0.0,0
2014-10-01,1,313.8,48.0,12.3,1
2014-10-02,0,0.0,0.0,0.0,0
2014-10-03,0,0.0,0.0,0.0,0
2014-10-04,0,0.0,0.0,0.0,0
2014-10-05,0,0.0,0.0,0.0,0
2014-10-06,2,322.0,69.0,11.350000000000001,1
2014-10-07,0,0.0,0.0,0.0,0
2014-10-08,0,0.0,0.0,0.0,0
2014-10-09,0,0.0,0.0,0.0,0
2014-10-10,1,315.9,66.0,25.8,1
2014-10-11,0,0.0,0.0,0.0,0
2014-10-12,0,0.0,0.0,0.0,0
2014-10-13,0,0.0,0.0,0.0,0
2014-10-14,0,0.0,0.0,0.0,0
2014-10-15,0,0.0,0.0,0.0,0
2014-10-16,0,0.0,0.0,0.0,0
2014-10-17,1,314.4,60.0,16.4,1
2014-10-18,0,0.0,0.0,0.0,0
2014-10-19,0,0.0,0.0,0.0,0
2014-10-20,1,318.1,72.0,10.8,1
2014-10-21,0,0.0,0.0,0.0,0
2014-10-22,0,0.0,0.0,0.0,0
2014-10-23,0,0.0,0.0,0.0,0
2014-10-24,0,0.0,0.0,0.0,0
2014-10-25,0,0.0,0.0,0.0,0
2014-10-26,0,0.0,0.0,0.0,0
2014-10-27,0,0.0,0.0,0.0,0
2014-10-28,1,310.4,30.0,4.2,1
2014-10-29,0,0.0,0.0,0.0,0
2014-10-30,0,0.0,0.0,0.0,0
2014-10-31,0,0.0,0.0,0.0,0
2014-11-01,0,0.0,0.0,0.0,0
2014-11-02,0,0.0,0.0,0.0,0
2014-11-03,0,0.0,0.0,0.0,0
2014-11-04,0,0.0,0.0,0.0,0
2014-11-05,0,0.0,0.0,0.0,0
2014-11-06,0,0.0,0.0,0.0,0
2014-11-07,2,306.15,57.5,7.2,1
2014-11-08,0,0.0,0.0,0.0,0
2014-11-09,0,0.0,0.0,0.0,0
2014-11-10,0,0.0,0.0,0.0,0
2014-11-11,0,0.0,0.0,0.0,0
2014-11-12,0,0.0,0.0,0.0,0
2014-11-13,0,0.0,0.0,0.0,0
2014-11-14,0,0.0,0.0,0.0,0
2014-11-15,0,0.0,0.0,0.0,0
2014-11-16,0,0.0,0.0,0.0,0
2014-11-17,0,0.0,0.0,0.0,0
2014-11-18,0,0.0,0.0,0.0,0
2014-11-19,0,0.0,0.0,0.0,0
2014-11-20,0,0.0,0.0,0.0,0
2014-11-21,0,0.0,0.0,0.0,0
2014-11-22,0,0.0,0.0,0.0,0
2014-11-23,1,303.7,52.0,4.4,1
2014-11-24,0,0.0,0.0,0.0,0
2014-11-25,0,0.0,0.0,0.0,0
2014-11-26,3,312.2,65.33333333333333,23.7,1
2014-11-27,0,0.0,0.0,0.0,0
2014-11-28,0,0.0,0.0,0.0,0
2014-11-29,0,0.0,0.0,0.0,0
2014-11-30,0,0.0,0.0,0.0,0
2014-12-01,0,0.0,0.0,0.0,0
2014-12-02,0,0.0,0.0,0.0,0
2014-12-03,0,0.0,0.0,0.0,0
2014-12-04,0,0.0,0.0,0.0,0
2014-12-05,0,0.0,0.0,0.0,0
2014-12-06,0,0.0,0.0,0.0,0
2014-12-07,0,0.0,0.0,0.0,0
2014-12-08,3,306.4666666666667,62.333333333333336,5.333333333333333,1
2014-12-09,0,0.0,0.0,0.0,0
2014-12-10,0,0.0,0.0,0.0,0
2014-12-11,0,0.0,0.0,0.0,0
2014-12-12,0,0.0,0.0,0.0,0
2014-12-13,1,303.1,0.0,17.3,1
2014-12-14,0,0.0,0.0,0.0,0
2014-12-15,1,318.8,76.0,14.0,1
2014-12-16,1,302.2,51.0,4.9,1
2014-12-17,0,0.0,0.0,0.0,0
2014-12-18,0,0.0,0.0,0.0,0
2014-12-19,0,0.0,0.0,0.0,0
2014-12-20,0,0.0,0.0,0.0,0
2014-12-21,0,0.0,0.0,0.0,0
2014-12-22,0,0.0,0.0,0.0,0
2014-12-23,0,0.0,0.0,0.0,0
2014-12-24,0,0.0,0.0,0.0,0
2014-12-25,0,0.0,0.0,0.0,0
2014-12-26,0,0.0,0.0,0.0,0
2014-12-27,0,0.0,0.0,0.0,0
2014-12-28,0,0.0,0.0,0.0,0
2014-12-29,0,0.0,0.0,0.0,0
2014-12-30,0,0.0,0.0,0.0,0
2014-12-31,0,0.0,0.0,0.0,0
2015-01-01,0,0.0,0.0,0.0,0
2015-01-02,0,0.0,0.0,0.0,0
2015-01-03,0,0.0,0.0,0.0,0
2015-01-04,0,0.0,0.0,0.0,0
2015-01-05,1,302.6,53.0,13.2,1
2015-01-06,1,301.2,45.0,9.0,1
2015-01-07,1,303.2,54.0,9.3,1
2015-01-08,0,0.0,0.0,0.0,0
2015-01-09,0,0.0,0.0,0.0,0
2015-01-10,0,0.0,0.0,0.0,0
2015-01-11,0,0.0,0.0,0.0,0
2015-01-12,0,0.0,0.0,0.0,0
2015-01-13,0,0.0,0.0,0.0,0
2015-01-14,0,0.0,0.0,0.0,0
2015-01-15,0,0.0,0.0,0.0,0
2015-01-16,0,0.0,0.0,0.0,0
2015-01-17,0,0.0,0.0,0.0,0
2015-01-18,5,309.8,56.6,7.42,1
2015-01-19,2,304.20000000000005,58.0,6.55,1
2015-01-20,0,0.0,0.0,0.0,0
2015-01-21,0,0.0,0.0,0.0,0
2015-01-22,0,0.0,0.0,0.0,0
2015-01-23,0,0.0,0.0,0.0,0
2015-01-24,0,0.0,0.0,0.0,0
2015-01-25,0,0.0,0.0,0.0,0
2015-01-26,0,0.0,0.0,0.0,0
2015-01-27,1,330.9,85.0,36.6,1
2015-01-28,3,316.26666666666665,66.33333333333333,42.56666666666666,1
2015-01-29,0,0.0,0.0,0.0,0
2015-01-30,0,0.0,0.0,0.0,0
2015-01-31,0,0.0,0.0,0.0,0
2015-02-01,0,0.0,0.0,0.0,0
2015-02-02,0,0.0,0.0,0.0,0
2015-02-03,0,0.0,0.0,0.0,0
2015-02-04,0,0.0,0.0,0.0,0
2015-02-05,0,0.0,0.0,0.0,0
2015-02-06,0,0.0,0.0,0.0,0
2015-02-07,0,0.0,0.0,0.0,0
2015-02-08,0,0.0,0.0,0.0,0
2015-02-09,0,0.0,0.0,0.0,0
2015-02-10,3,318.23333333333335,68.66666666666667,12.166666666666666,1
2015-02-11,0,0.0,0.0,0.0,0
2015-02-12,1,307.5,60.0,8.4,1
2015-02-13,0,0.0,0.0,0.0,0
2015-02-14,0,0.0,0.0,0.0,0
2015-02-15,0,0.0,0.0,0.0,0
2015-02-16,0,0.0,0.0,0.0,0
2015-02-17,0,0.0,0.0,0.0,0
2015-02-18,2,322.85,81.0,20.15,1
2015-02-19,2,305.4,52.5,15.05,1
2015-02-20,0,0.0,0.0,0.0,0
2015-02-21,0,0.0,0.0,0.0,0
2015-02-22,0,0.0,0.0,0.0,0
2015-02-23,0,0.0,0.0,0.0,0
2015-02-24,0,0.0,0.0,0.0,0
2015-02-25,0,0.0,0.0,0.0,0
2015-02-26,0,0.0,0.0,0.0,0
2015-02-27,0,0.0,0.0,0.0,0
2015-02-28,0,0.0,0.0,0.0,0
2015-03-01,0,0.0,0.0,0.0,0
2015-03-02,0,0.0,0.0,0.0,0
2015-03-03,0,0.0,0.0,0.0,0
2015-03-04,0,0.0,0.0,0.0,0
2015-03-05,0,0.0,0.0,0.0,0
2015-03-06,1,301.8,49.0,4.7,1
2015-03-07,1,307.9,66.0,7.3,1
2015-03-08,0,0.0,0.0,0.0,0
2015-03-09,0,0.0,0.0,0.0,0
2015-03-10,0,0.0,0.0,0.0,0
2015-03-11,0,0.0,0.0,0.0,0
2015-03-12,0,0.0,0.0,0.0,0
2015-03-13,0,0.0,0.0,0.0,0
2015-03-14,0,0.0,0.0,0.0,0
2015-03-15,0,0.0,0.0,0.0,0
2015-03-16,0,0.0,0.0,0.0,0
2015-03-17,0,0.0,0.0,0.0,0
2015-03-18,0,0.0,0.0,0.0,0
2015-03-19,0,0.0,0.0,0.0,0
2015-03-20,0,0.0,0.0,0.0,0
2015-03-21,0,0.0,0.0,0.0,0
2015-03-22,0,0.0,0.0,0.0,0
2015-03-23,1,314.5,61.0,7.4,1
2015-03-24,0,0.0,0.0,0.0,0
2015-03-25,0,0.0,0.0,0.0,0
2015-03-26,0,0.0,0.0,0.0,0
2015-03-27,0,0.0,0.0,0.0,0
2015-03-28,0,0.0,0.0,0.0,0
2015-03-29,0,0.0,0.0,0.0,0
2015-03-30,0,0.0,0.0,0.0,0
2015-03-31,0,0.0,0.0,0.0,0
2015-04-01,0,0.0,0.0,0.0,0
2015-04-02,0,0.0,0.0,0.0,0
2015-04-03,0,0.0,0.0,0.0,0
2015-04-04,0,0.0,0.0,0.0,0
2015-04-05,0,0.0,0.0,0.0,0
2015-04-06,0,0.0,0.0,0.0,0
2015-04-07,1,324.2,77.0,14.3,1
2015-04-08,0,0.0,0.0,0.0,0
2015-04-09,0,0.0,0.0,0.0,0
2015-04-10,0,0.0,0.0,0.0,0
2015-04-11,0,0.0,0.0,0.0,0
2015-04-12,0,0.0,0.0,0.0,0
2015-04-13,1,317.1,49.0,8.1,1
2015-04-14,0,0.0,0.0,0.0,0
2015-04-15,0,0.0,0.0,0.0,0
2015-04-16,0,0.0,0.0,0.0,0
2015-04-17,0,0.0,0.0,0.0,0
2015-04-18,0,0.0,0.0,0.0,0
2015-04-19,0,0.0,0.0,0.0,0
2015-04-20,0,0.0,0.0,0.0,0
2015-04-21,0,0.0,0.0,0.0,0
2015-04-22,0,0.0,0.0,0.0,0
2015-04-23,0,0.0,0.0,0.0,0
2015-04-24,0,0.0,0.0,0.0,0
2015-04-25,0,0.0,0.0,0.0,0
2015-04-26,0,0.0,0.0,0.0,0
2015-04-27,0,0.0,0.0,0.0,0
2015-04-28,0,0.0,0.0,0.0,0
2015-04-29,0,0.0,0.0,0.0,0
2015-04-30,0,0.0,0.0,0.0,0
2015-05-01,0,0.0,0.0,0.0,0
2015-05-02,1,323.1,68.0,12.8,1
2015-05-03,0,0.0,0.0,0.0,0
2015-05-04,0,0.0,0.0,0.0,0
2015-05-05,0,0.0,0.0,0.0,0
2015-05-06,0,0.0,0.0,0.0,0
2015-05-07,0,0.0,0.0,0.0,0
2015-05-08,0,0.0,0.0,0.0,0
2015-05-09,0,0.0,0.0,0.0,0
2015-05-10,0,0.0,0.0,0.0,0
2015-05-11,0,0.0,0.0,0.0,0
2015-05-12,0,0.0,0.0,0.0,0
2015-05-13,0,0.0,0.0,0.0,0
2015-05-14,0,0.0,0.0,0.0,0
2015-05-15,0,0.0,0.0,0.0,0
2015-05-16,0,0.0,0.0,0.0,0
2015-05-17,0,0.0,0.0,0.0,0
2015-05-18,0,0.0,0.0,0.0,0
2015-05-19,0,0.0,0.0,0.0,0
2015-05-20,0,0.0,0.0,0.0,0
2015-05-21,0,0.0,0.0,0.0,0
2015-05-22,0,0.0,0.0,0.0,0
2015-05-23,0,0.0,0.0,0.0,0
2015-05-24,0,0.0,0.0,0.0,0
2015-05-25,0,0.0,0.0,0.0,0
2015-05-26,0,0.0,0.0,0.0,0
2015-05-27,0,0.0,0.0,0.0,0
2015-05-28,0,0.0,0.0,0.0,0
2015-05-29,0,0.0,0.0,0.0,0
2015-05-30,0,0.0,0.0,0.0,0
2015-05-31,0,0.0,0.0,0.0,0
2015-06-01,0,0.0,0.0,0.0,0
2015-06-02,0,0.0,0.0,0.0,0
2015-06-03,0,0.0,0.0,0.0,0
2015-06-04,1,338.2,88.0,45.2,1
2015-06-05,0,0.0,0.0,0.0,0
2015-06-06,0,0.0,0.0,0.0,0
2015-06-07,0,0.0,0.0,0.0,0
2015-06-08,0,0.0,0.0,0.0,0
2015-06-09,0,0.0,0.0,0.0,0
2015-06-10,0,0.0,0.0,0.0,0
2015-06-11,0,0.0,0.0,0.0,0
2015-06-12,0,0.0,0.0,0.0,0
2015-06-13,0,0.0,0.0,0.0,0
2015-06-14,0,0.0,0.0,0.0,0
2015-06-15,0,0.0,0.0,0.0,0
2015-06-16,0,0.0,0.0,0.0,0
2015-06-17,0,0.0,0.0,0.0,0
2015-06-18,0,0.0,0.0,0.0,0
2015-06-19,0,0.0,0.0,0.0,0
2015-06-20,0,0.0,0.0,0.0,0
2015-06-21,0,0.0,0.0,0.0,0
2015-06-22,0,0.0,0.0,0.0,0
2015-06-23,0,0.0,0.0,0.0,0
2015-06-24,0,0.0,0.0,0.0,0
2015-06-25,0,0.0,0.0,0.0,0
2015-06-26,0,0.0,0.0,0.0,0
2015-06-27,0,0.0,0.0,0.0,0
2015-06-28,0,0.0,0.0,0.0,0
2015-06-29,0,0.0,0.0,0.0,0
2015-06-30,0,0.0,0.0,0.0,0
2015-07-01,0,0.0,0.0,0.0,0
2015-07-02,0,0.0,0.0,0.0,0
2015-07-03,0,0.0,0.0,0.0,0
2015-07-04,0,0.0,0.0,0.0,0
2015-07-05,0,0.0,0.0,0.0,0
2015-07-06,0,0.0,0.0,0.0,0
2015-07-07,0,0.0,0.0,0.0,0
2015-07-08,0,0.0,0.0,0.0,0
2015-07-09,0,0.0,0.0,0.0,0
2015-07-10,0,0.0,0.0,0.0,0
2015-07-11,0,0.0,0.0,0.0,0
2015-07-12,0,0.0,0.0,0.0,0
2015-07-13,0,0.0,0.0,0.0,0
2015-07-14,0,0.0,0.0,0.0,0
2015-07-15,0,0.0,0.0,0.0,0
2015-07-16,0,0.0,0.0,0.0,0
2015-07-17,0,0.0,0.0,0.0,0
2015-07-18,0,0.0,0.0,0.0,0
2015-07-19,0,0.0,0.0,0.0,0
2015-07-20,0,0.0,0.0,0.0,0
2015-07-21,0,0.0,0.0,0.0,0
2015-07-22,0,0.0,0.0,0.0,0
2015-07-23,0,0.0,0.0,0.0,0
2015-07-24,0,0.0,0.0,0.0,0
2015-07-25,0,0.0,0.0,0.0,0
2015-07-26,0,0.0,0.0,0.0,0
2015-07-27,0,0.0,0.0,0.0,0
2015-07-28,0,0.0,0.0,0.0,0
2015-07-29,0,0.0,0.0,0.0,0
2015-07-30,0,0.0,0.0,0.0,0
2015-07-31,0,0.0,0.0,0.0,0
2015-08-01,0,0.0,0.0,0.0,0
2015-08-02,0,0.0,0.0,0.0,0
2015-08-03,0,0.0,0.0,0.0,0
2015-08-04,0,0.0,0.0,0.0,0
2015-08-05,0,0.0,0.0,0.0,0
2015-08-06,0,0.0,0.0,0.0,0
2015-08-07,0,0.0,0.0,0.0,0
2015-08-08,0,0.0,0.0,0.0,0
2015-08-09,0,0.0,0.0,0.0,0
2015-08-10,0,0.0,0.0,0.0,0
2015-08-11,0,0.0,0.0,0.0,0
2015-08-12,0,0.0,0.0,0.0,0
2015-08-13,0,0.0,0.0,0.0,0
2015-08-14,0,0.0,0.0,0.0,0
2015-08-15,0,0.0,0.0,0.0,0
2015-08-16,0,0.0,0.0,0.0,0
2015-08-17,0,0.0,0.0,0.0,0
2015-08-18,0,0.0,0.0,0.0,0
2015-08-19,0,0.0,0.0,0.0,0
2015-08-20,0,0.0,0.0,0.0,0
2015-08-21,0,0.0,0.0,0.0,0
2015-08-22,0,0.0,0.0,0.0,0
2015-08-23,0,0.0,0.0,0.0,0
2015-08-24,0,0.0,0.0,0.0,0
2015-08-25,0,0.0,0.0,0.0,0
2015-08-26,0,0.0,0.0,0.0,0
2015-08-27,0,0.0,0.0,0.0,0
2015-08-28,1,331.9,76.0,15.9,1
2015-08-29,0,0.0,0.0,0.0,0
2015-08-30,0,0.0,0.0,0.0,0
2015-08-31,0,0.0,0.0,0.0,0
2015-09-01,0,0.0,0.0,0.0,0
2015-09-02,0,0.0,0.0,0.0,0
2015-09-03,0,0.0,0.0,0.0,0
2015-09-04,0,0.0,0.0,0.0,0
2015-09-05,0,0.0,0.0,0.0,0
2015-09-06,0,0.0,0.0,0.0,0
2015-09-07,0,0.0,0.0,0.0,0
2015-09-08,0,0.0,0.0,0.0,0
2015-09-09,0,0.0,0.0,0.0,0
2015-09-10,0,0.0,0.0,0.0,0
2015-09-11,0,0.0,0.0,0.0,0
2015-09-12,0,0.0,0.0,0.0,0
2015-09-13,1,305.2,63.0,7.4,1
2015-09-14,1,321.5,65.0,8.1,1
2015-09-15,0,0.0,0.0,0.0,0
2015-09-16,0,0.0,0.0,0.0,0
2015-09-17,0,0.0,0.0,0.0,0
2015-09-18,1,330.6,77.0,38.7,1
2015-09-19,0,0.0,0.0,0.0,0
2015-09-20,0,0.0,0.0,0.0,0
2015-09-21,0,0.0,0.0,0.0,0
2015-09-22,0,0.0,0.0,0.0,0
2015-09-23,0,0.0,0.0,0.0,0
2015-09-24,1,335.8,86.0,41.7,1
2015-09-25,0,0.0,0.0,0.0,0
2015-09-26,0,0.0,0.0,0.0,0
2015-09-27,0,0.0,0.0,0.0,0
2015-09-28,0,0.0,0.0,0.0,0
2015-09-29,0,0.0,0.0,0.0,0
2015-09-30,0,0.0,0.0,0.0,0
2015-10-01,0,0.0,0.0,0.0,0
2015-10-02,0,0.0,0.0,0.0,0
2015-10-03,0,0.0,0.0,0.0,0
2015-10-04,0,0.0,0.0,0.0,0
2015-10-05,0,0.0,0.0,0.0,0
2015-10-06,0,0.0,0.0,0.0,0
2015-10-07,0,0.0,0.0,0.0,0
2015-10-08,0,0.0,0.0,0.0,0
2015-10-09,0,0.0,0.0,0.0,0
2015-10-10,0,0.0,0.0,0.0,0
2015-10-11,0,0.0,0.0,0.0,0
2015-10-12,0,0.0,0.0,0.0,0
2015-10-13,1,339.1,87.0,46.1,1
2015-10-14,0,0.0,0.0,0.0,0
2015-10-15,15,336.53333333333336,87.0,51.833333333333336,1
2015-10-16,0,0.0,0.0,0.0,0
2015-10-17,0,0.0,0.0,0.0,0
2015-10-18,0,0.0,0.0,0.0,0
2015-10-19,0,0.0,0.0,0.0,0
2015-10-20,0,0.0,0.0,0.0,0
2015-10-21,0,0.0,0.0,0.0,0
2015-10-22,0,0.0,0.0,0.0,0
2015-10-23,0,0.0,0.0,0.0,0
2015-10-24,0,0.0,0.0,0.0,0
2015-10-25,0,0.0,0.0,0.0,0
2015-10-26,0,0.0,0.0,0.0,0
2015-10-27,5,314.65999999999997,56.2,19.9,1
2015-10-28,0,0.0,0.0,0.0,0
2015-10-29,0,0.0,0.0,0.0,0
2015-10-30,0,0.0,0.0,0.0,0
2015-10-31,0,0.0,0.0,0.0,0
2015-11-01,0,0.0,0.0,0.0,0
2015-11-02,1,312.4,63.0,9.2,1
2015-11-03,1,307.0,50.0,4.9,1
2015-11-04,0,0.0,0.0,0.0,0
2015-11-05,0,0.0,0.0,0.0,0
2015-11-06,0,0.0,0.0,0.0,0
2015-11-07,0,0.0,0.0,0.0,0
2015-11-08,1,302.0,50.0,4.0,1
2015-11-09,0,0.0,0.0,0.0,0
2015-11-10,0,0.0,0.0,0.0,0
2015-11-11,0,0.0,0.0,0.0,0
2015-11-12,0,0.0,0.0,0.0,0
2015-11-13,0,0.0,0.0,0.0,0
2015-11-14,0,0.0,0.0,0.0,0
2015-11-15,0,0.0,0.0,0.0,0
2015-11-16,0,0.0,0.0,0.0,0
2015-11-17,0,0.0,0.0,0.0,0
2015-11-18,0,0.0,0.0,0.0,0
2015-11-19,0,0.0,0.0,0.0,0
2015-11-20,5,314.54,57.6,27.46,1
2015-11-21,0,0.0,0.0,0.0,0
2015-11-22,0,0.0,0.0,0.0,0
2015-11-23,5,303.02,51.0,11.58,1
2015-11-24,0,0.0,0.0,0.0,0
2015-11-25,0,0.0,0.0,0.0,0
2015-11-26,0,0.0,0.0,0.0,0
2015-11-27,0,0.0,0.0,0.0,0
2015-11-28,0,0.0,0.0,0.0,0
2015-11-29,0,0.0,0.0,0.0,0
2015-11-30,0,0.0,0.0,0.0,0
2015-12-01,0,0.0,0.0,0.0,0
2015-12-02,0,0.0,0.0,0.0,0
2015-12-03,1,313.2,73.0,12.2,1
2015-12-04,1,309.8,65.0,11.3,1
2015-12-05,2,302.0,47.5,5.6,1
2015-12-06,0,0.0,0.0,0.0,0
2015-12-07,1,301.4,46.0,7.8,1
2015-12-08,2,306.3,60.5,10.45,1
2015-12-09,0,0.0,0.0,0.0,0
2015-12-10,0,0.0,0.0,0.0,0
2015-12-11,1,306.1,60.0,5.1,1
2015-12-12,0,0.0,0.0,0.0,0
2015-12-13,0,0.0,0.0,0.0,0
2015-12-14,4,304.95,54.5,10.1,1
2015-12-15,0,0.0,0.0,0.0,0
2015-12-16,0,0.0,0.0,0.0,0
2015-12-17,0,0.0,0.0,0.0,0
2015-12-18,0,0.0,0.0,0.0,0
2015-12-19,2,301.2,45.0,4.7,1
2015-12-20,0,0.0,0.0,0.0,0
2015-12-21,0,0.0,0.0,0.0,0
2015-12-22,0,0.0,0.0,0.0,0
2015-12-23,1,306.1,58.0,8.6,1
2015-12-24,0,0.0,0.0,0.0,0
2015-12-25,0,0.0,0.0,0.0,0
2015-12-26,0,0.0,0.0,0.0,0
2015-12-27,0,0.0,0.0,0.0,0
2015-12-28,0,0.0,0.0,0.0,0
2015-12-29,1,310.8,70.0,18.9,1
2015-12-30,0,0.0,0.0,0.0,0
2015-12-31,0,0.0,0.0,0.0,0
2016-01-01,0,0.0,0.0,0.0,0
2016-01-02,0,0.0,0.0,0.0,0
2016-01-03,1,312.0,72.0,11.8,1
2016-01-04,2,310.15,68.0,11.75,1
2016-01-05,0,0.0,0.0,0.0,0
2016-01-06,0,0.0,0.0,0.0,0
2016-01-07,0,0.0,0.0,0.0,0
2016-01-08,0,0.0,0.0,0.0,0
2016-01-09,0,0.0,0.0,0.0,0
2016-01-10,0,0.0,0.0,0.0,0
2016-01-11,0,0.0,0.0,0.0,0
2016-01-12,0,0.0,0.0,0.0,0
2016-01-13,1,305.5,0.0,8.1,1
2016-01-14,0,0.0,0.0,0.0,0
2016-01-15,1,300.1,24.0,5.5,1
2016-01-16,0,0.0,0.0,0.0,0
2016-01-17,0,0.0,0.0,0.0,0
2016-01-18,0,0.0,0.0,0.0,0
2016-01-19,0,0.0,0.0,0.0,0
2016-01-20,0,0.0,0.0,0.0,0
2016-01-21,0,0.0,0.0,0.0,0
2016-01-22,0,0.0,0.0,0.0,0
2016-01-23,0,0.0,0.0,0.0,0
2016-01-24,0,0.0,0.0,0.0,0
2016-01-25,1,304.6,53.0,18.9,1
2016-01-26,0,0.0,0.0,0.0,0
2016-01-27,1,303.7,57.0,8.3,1
2016-01-28,1,309.3,64.0,6.7,1
2016-01-29,1,308.9,65.0,7.4,1
2016-01-30,0,0.0,0.0,0.0,0
2016-01-31,0,0.0,0.0,0.0,0
2016-02-01,0,0.0,0.0,0.0,0
2016-02-02,0,0.0,0.0,0.0,0
2016-02-03,0,0.0,0.0,0.0,0
2016-02-04,2,308.75,66.0,7.55,1
2016-02-05,1,302.2,51.0,40.6,1
2016-02-06,0,0.0,0.0,0.0,0
2016-02-07,0,0.0,0.0,0.0,0
2016-02-08,0,0.0,0.0,0.0,0
2016-02-09,0,0.0,0.0,0.0,0
2016-02-10,3,308.3666666666666,42.666666666666664,19.8,1
2016-02-11,2,316.65,66.0,10.4,1
2016-02-12,2,308.35,56.5,5.25,1
2016-02-13,1,316.9,71.0,10.6,1
2016-02-14,0,0.0,0.0,0.0,0
2016-02-15,0,0.0,0.0,0.0,0
2016-02-16,0,0.0,0.0,0.0,0
2016-02-17,0,0.0,0.0,0.0,0
2016-02-18,1,322.9,76.0,21.9,1
2016-02-19,0,0.0,0.0,0.0,0
2016-02-20,0,0.0,0.0,0.0,0
2016-02-21,0,0.0,0.0,0.0,0
2016-02-22,0,0.0,0.0,0.0,0
2016-02-23,0,0.0,0.0,0.0,0
2016-02-24,1,306.7,64.0,13.5,1
2016-02-25,3,307.8333333333333,56.333333333333336,10.633333333333333,1
2016-02-26,0,0.0,0.0,0.0,0
2016-02-27,0,0.0,0.0,0.0,0
2016-02-28,0,0.0,0.0,0.0,0
2016-02-29,0,0.0,0.0,0.0,0
2016-03-01,1,314.0,68.0,9.5,1
2016-03-02,1,322.5,78.0,24.8,1
2016-03-03,1,313.1,55.0,13.4,1
2016-03-04,0,0.0,0.0,0.0,0
2016-03-05,0,0.0,0.0,0.0,0
2016-03-06,0,0.0,0.0,0.0,0
2016-03-07,0,0.0,0.0,0.0,0
2016-03-08,0,0.0,0.0,0.0,0
2016-03-09,0,0.0,0.0,0.0,0
2016-03-10,0,0.0,0.0,0.0,0
2016-03-11,0,0.0,0.0,0.0,0
2016-03-12,1,311.1,65.0,14.1,1
2016-03-13,0,0.0,0.0,0.0,0
2016-03-14,6,315.25,56.166666666666664,34.78333333333333,1
2016-03-15,7,331.25714285714287,82.28571428571429,30.52857142857143,1
2016-03-16,0,0.0,0.0,0.0,0
2016-03-17,0,0.0,0.0,0.0,0
2016-03-18,0,0.0,0.0,0.0,0
2016-03-19,1,302.4,52.0,5.5,1
2016-03-20,1,301.0,38.0,7.4,1
2016-03-21,2,305.55,44.0,13.149999999999999,1
2016-03-22,0,0.0,0.0,0.0,0
2016-03-23,0,0.0,0.0,0.0,0
2016-03-24,0,0.0,0.0,0.0,0
2016-03-25,1,313.1,63.0,7.7,1
2016-03-26,0,0.0,0.0,0.0,0
2016-03-27,0,0.0,0.0,0.0,0
2016-03-28,0,0.0,0.0,0.0,0
2016-03-29,0,0.0,0.0,0.0,0
2016-03-30,0,0.0,0.0,0.0,0
2016-03-31,1,317.9,67.0,11.2,1
2016-04-01,0,0.0,0.0,0.0,0
2016-04-02,1,310.0,59.0,7.7,1
2016-04-03,0,0.0,0.0,0.0,0
2016-04-04,0,0.0,0.0,0.0,0
2016-04-05,0,0.0,0.0,0.0,0
2016-04-06,0,0.0,0.0,0.0,0
2016-04-07,0,0.0,0.0,0.0,0
2016-04-08,0,0.0,0.0,0.0,0
2016-04-09,0,0.0,0.0,0.0,0
2016-04-10,0,0.0,0.0,0.0,0
2016-04-11,0,0.0,0.0,0.0,0
2016-04-12,0,0.0,0.0,0.0,0
2016-04-13,0,0.0,0.0,0.0,0
2016-04-14,0,0.0,0.0,0.0,0
2016-04-15,0,0.0,0.0,0.0,0
2016-04-16,0,0.0,0.0,0.0,0
2016-04-17,0,0.0,0.0,0.0,0
2016-04-18,0,0.0,0.0,0.0,0
2016-04-19,0,0.0,0.0,0.0,0
2016-04-20,0,0.0,0.0,0.0,0
2016-04-21,0,0.0,0.0,0.0,0
2016-04-22,0,0.0,0.0,0.0,0
2016-04-23,0,0.0,0.0,0.0,0
2016-04-24,0,0.0,0.0,0.0,0
2016-04-25,0,0.0,0.0,0.0,0
2016-04-26,1,317.3,57.0,7.2,1
2016-04-27,0,0.0,0.0,0.0,0
2016-04-28,0,0.0,0.0,0.0,0
2016-04-29,0,0.0,0.0,0.0,0
2016-04-30,0,0.0,0.0,0.0,0
2016-05-01,0,0.0,0.0,0.0,0
2016-05-02,0,0.0,0.0,0.0,0
2016-05-03,0,0.0,0.0,0.0,0
2016-05-04,0,0.0,0.0,0.0,0
2016-05-05,0,0.0,0.0,0.0,0
2016-05-06,0,0.0,0.0,0.0,0
2016-05-07,0,0.0,0.0,0.0,0
2016-05-08,0,0.0,0.0,0.0,0
2016-05-09,0,0.0,0.0,0.0,0
2016-05-10,0,0.0,0.0,0.0,0
2016-05-11,0,0.0,0.0,0.0,0
2016-05-12,0,0.0,0.0,0.0,0
2016-05-13,0,0.0,0.0,0.0,0
2016-05-14,0,0.0,0.0,0.0,0
2016-05-15,0,0.0,0.0,0.0,0
2016-05-16,0,0.0,0.0,0.0,0
2016-05-17,0,0.0,0.0,0.0,0
2016-05-18,0,0.0,0.0,0.0,0
2016-05-19,0,0.0,0.0,0.0,0
2016-05-20,0,0.0,0.0,0.0,0
2016-05-21,0,0.0,0.0,0.0,0
2016-05-22,0,0.0,0.0,0.0,0
2016-05-23,0,0.0,0.0,0.0,0
2016-05-24,0,0.0,0.0,0.0,0
2016-05-25,0,0.0,0.0,0.0,0
2016-05-26,0,0.0,0.0,0.0,0
2016-05-27,0,0.0,0.0,0.0,0
2016-05-28,0,0.0,0.0,0.0,0
2016-05-29,0,0.0,0.0,0.0,0
2016-05-30,0,0.0,0.0,0.0,0
2016-05-31,0,0.0,0.0,0.0,0
2016-06-01,0,0.0,0.0,0.0,0
2016-06-02,0,0.0,0.0,0.0,0
2016-06-03,0,0.0,0.0,0.0,0
2016-06-04,0,0.0,0.0,0.0,0
2016-06-05,0,0.0,0.0,0.0,0
2016-06-06,0,0.0,0.0,0.0,0
2016-06-07,0,0.0,0.0,0.0,0
2016-06-08,0,0.0,0.0,0.0,0
2016-06-09,0,0.0,0.0,0.0,0
2016-06-10,0,0.0,0.0,0.0,0
2016-06-11,0,0.0,0.0,0.0,0
2016-06-12,0,0.0,0.0,0.0,0
2016-06-13,0,0.0,0.0,0.0,0
2016-06-14,0,0.0,0.0,0.0,0
2016-06-15,0,0.0,0.0,0.0,0
2016-06-16,0,0.0,0.0,0.0,0
2016-06-17,0,0.0,0.0,0.0,0
2016-06-18,0,0.0,0.0,0.0,0
2016-06-19,0,0.0,0.0,0.0,0
2016-06-20,0,0.0,0.0,0.0,0
2016-06-21,0,0.0,0.0,0.0,0
2016-06-22,0,0.0,0.0,0.0,0
2016-06-23,0,0.0,0.0,0.0,0
2016-06-24,0,0.0,0.0,0.0,0
2016-06-25,0,0.0,0.0,0.0,0
2016-06-26,0,0.0,0.0,0.0,0
2016-06-27,1,320.1,22.0,6.4,1
2016-06-28,0,0.0,0.0,0.0,0
2016-06-29,0,0.0,0.0,0.0,0
2016-06-30,0,0.0,0.0,0.0,0
2016-07-01,0,0.0,0.0,0.0,0
2016-07-02,0,0.0,0.0,0.0,0
2016-07-03,0,0.0,0.0,0.0,0
2016-07-04,0,0.0,0.0,0.0,0
2016-07-05,0,0.0,0.0,0.0,0
2016-07-06,0,0.0,0.0,0.0,0
2016-07-07,0,0.0,0.0,0.0,0
2016-07-08,0,0.0,0.0,0.0,0
2016-07-09,0,0.0,0.0,0.0,0
2016-07-10,0,0.0,0.0,0.0,0
2016-07-11,2,324.55,62.5,12.2,1
2016-07-12,0,0.0,0.0,0.0,0
2016-07-13,0,0.0,0.0,0.0,0
2016-07-14,0,0.0,0.0,0.0,0
2016-07-15,0,0.0,0.0,0.0,0
2016-07-16,0,0.0,0.0,0.0,0
2016-07-17,0,0.0,0.0,0.0,0
2016-07-18,0,0.0,0.0,0.0,0
2016-07-19,0,0.0,0.0,0.0,0
2016-07-20,0,0.0,0.0,0.0,0
2016-07-21,0,0.0,0.0,0.0,0
2016-07-22,0,0.0,0.0,0.0,0
2016-07-23,0,0.0,0.0,0.0,0
2016-07-24,0,0.0,0.0,0.0,0
2016-07-25,0,0.0,0.0,0.0,0
2016-07-26,0,0.0,0.0,0.0,0
2016-07-27,0,0.0,0.0,0.0,0
2016-07-28,0,0.0,0.0,0.0,0
2016-07-29,0,0.0,0.0,0.0,0
2016-07-30,0,0.0,0.0,0.0,0
2016-07-31,0,0.0,0.0,0.0,0
2016-08-01,0,0.0,0.0,0.0,0
2016-08-02,0,0.0,0.0,0.0,0
2016-08-03,0,0.0,0.0,0.0,0
2016-08-04,3,334.59999999999997,82.33333333333333,39.4,1
2016-08-05,0,0.0,0.0,0.0,0
2016-08-06,0,0.0,0.0,0.0,0
2016-08-07,0,0.0,0.0,0.0,0
2016-08-08,0,0.0,0.0,0.0,0
2016-08-09,0,0.0,0.0,0.0,0
2016-08-10,0,0.0,0.0,0.0,0
2016-08-11,1,325.5,70.0,27.3,1
2016-08-12,0,0.0,0.0,0.0,0
2016-08-13,0,0.0,0.0,0.0,0
2016-08-14,0,0.0,0.0,0.0,0
2016-08-15,0,0.0,0.0,0.0,0
2016-08-16,0,0.0,0.0,0.0,0
2016-08-17,0,0.0,0.0,0.0,0
2016-08-18,0,0.0,0.0,0.0,0
2016-08-19,0,0.0,0.0,0.0,0
2016-08-20,0,0.0,0.0,0.0,0
2016-08-21,0,0.0,0.0,0.0,0
2016-08-22,0,0.0,0.0,0.0,0
2016-08-23,0,0.0,0.0,0.0,0
2016-08-24,0,0.0,0.0,0.0,0
2016-08-25,0,0.0,0.0,0.0,0
2016-08-26,0,0.0,0.0,0.0,0
2016-08-27,0,0.0,0.0,0.0,0
2016-08-28,0,0.0,0.0,0.0,0
2016-08-29,0,0.0,0.0,0.0,0
2016-08-30,1,317.1,69.0,9.4,1
2016-08-31,3,319.3333333333333,59.0,10.033333333333333,1
2016-09-01,0,0.0,0.0,0.0,0
2016-09-02,1,312.4,56.0,20.7,1
2016-09-03,0,0.0,0.0,0.0,0
2016-09-04,0,0.0,0.0,0.0,0
2016-09-05,0,0.0,0.0,0.0,0
2016-09-06,0,0.0,0.0,0.0,0
2016-09-07,0,0.0,0.0,0.0,0
2016-09-08,0,0.0,0.0,0.0,0
2016-09-09,0,0.0,0.0,0.0,0
2016-09-10,1,313.8,60.0,9.2,1
2016-09-11,0,0.0,0.0,0.0,0
2016-09-12,0,0.0,0.0,0.0,0
2016-09-13,0,0.0,0.0,0.0,0
2016-09-14,0,0.0,0.0,0.0,0
2016-09-15,0,0.0,0.0,0.0,0
2016-09-16,0,0.0,0.0,0.0,0
2016-09-17,0,0.0,0.0,0.0,0
2016-09-18,0,0.0,0.0,0.0,0
2016-09-19,0,0.0,0.0,0.0,0
2016-09-20,0,0.0,0.0,0.0,0
2016-09-21,0,0.0,0.0,0.0,0
2016-09-22,0,0.0,0.0,0.0,0
2016-09-23,0,0.0,0.0,0.0,0
2016-09-24,1,320.7,71.0,10.5,1
2016-09-25,0,0.0,0.0,0.0,0
2016-09-26,0,0.0,0.0,0.0,0
2016-09-27,0,0.0,0.0,0.0,0
2016-09-28,0,0.0,0.0,0.0,0
2016-09-29,0,0.0,0.0,0.0,0
2016-09-30,0,0.0,0.0,0.0,0
2016-10-01,0,0.0,0.0,0.0,0
2016-10-02,0,0.0,0.0,0.0,0
2016-10-03,1,315.2,59.0,7.2,1
2016-10-04,0,0.0,0.0,0.0,0
2016-10-05,0,0.0,0.0,0.0,0
2016-10-06,1,314.0,57.0,11.8,1
2016-10-07,0,0.0,0.0,0.0,0
2016-10-08,0,0.0,0.0,0.0,0
2016-10-09,0,0.0,0.0,0.0,0
2016-10-10,0,0.0,0.0,0.0,0
2016-10-11,0,0.0,0.0,0.0,0
2016-10-12,0,0.0,0.0,0.0,0
2016-10-13,0,0.0,0.0,0.0,0
2016-10-14,0,0.0,0.0,0.0,0
2016-10-15,0,0.0,0.0,0.0,0
2016-10-16,0,0.0,0.0,0.0,0
2016-10-17,0,0.0,0.0,0.0,0
2016-10-18,0,0.0,0.0,0.0,0
2016-10-19,0,0.0,0.0,0.0,0
2016-10-20,0,0.0,0.0,0.0,0
2016-10-21,0,0.0,0.0,0.0,0
2016-10-22,0,0.0,0.0,0.0,0
2016-10-23,0,0.0,0.0,0.0,0
2016-10-24,0,0.0,0.0,0.0,0
2016-10-25,0,0.0,0.0,0.0,0
2016-10-26,1,315.5,45.0,8.7,1
2016-10-27,0,0.0,0.0,0.0,0
2016-10-28,0,0.0,0.0,0.0,0
2016-10-29,0,0.0,0.0,0.0,0
2016-10-30,0,0.0,0.0,0.0,0
2016-10-31,0,0.0,0.0,0.0,0
2016-11-01,0,0.0,0.0,0.0,0
2016-11-02,0,0.0,0.0,0.0,0
2016-11-03,0,0.0,0.0,0.0,0
2016-11-04,0,0.0,0.0,0.0,0
2016-11-05,0,0.0,0.0,0.0,0
2016-11-06,0,0.0,0.0,0.0,0
2016-11-07,0,0.0,0.0,0.0,0
2016-11-08,0,0.0,0.0,0.0,0
2016-11-09,0,0.0,0.0,0.0,0
2016-11-10,0,0.0,0.0,0.0,0
2016-11-11,1,308.3,66.0,8.1,1
2016-11-12,0,0.0,0.0,0.0,0
2016-11-13,0,0.0,0.0,0.0,0
2016-11-14,0,0.0,0.0,0.0,0
2016-11-15,0,0.0,0.0,0.0,0
2016-11-16,0,0.0,0.0,0.0,0
2016-11-17,1,306.6,51.0,5.0,1
2016-11-18,0,0.0,0.0,0.0,0
2016-11-19,0,0.0,0.0,0.0,0
2016-11-20,0,0.0,0.0,0.0,0
2016-11-21,0,0.0,0.0,0.0,0
2016-11-22,0,0.0,0.0,0.0,0
2016-11-23,0,0.0,0.0,0.0,0
2016-11-24,1,305.9,59.0,9.3,1
2016-11-25,0,0.0,0.0,0.0,0
2016-11-26,0,0.0,0.0,0.0,0
2016-11-27,0,0.0,0.0,0.0,0
2016-11-28,0,0.0,0.0,0.0,0
2016-11-29,0,0.0,0.0,0.0,0
2016-11-30,0,0.0,0.0,0.0,0
2016-12-01,0,0.0,0.0,0.0,0
2016-12-02,0,0.0,0.0,0.0,0
2016-12-03,0,0.0,0.0,0.0,0
2016-12-04,0,0.0,0.0,0.0,0
2016-12-05,0,0.0,0.0,0.0,0
2016-12-06,0,0.0,0.0,0.0,0
2016-12-07,0,0.0,0.0,0.0,0
2016-12-08,0,0.0,0.0,0.0,0
2016-12-09,0,0.0,0.0,0.0,0
2016-12-10,0,0.0,0.0,0.0,0
2016-12-11,0,0.0,0.0,0.0,0
2016-12-12,0,0.0,0.0,0.0,0
2016-12-13,0,0.0,0.0,0.0,0
2016-12-14,0,0.0,0.0,0.0,0
2016-12-15,0,0.0,0.0,0.0,0
2016-12-16,0,0.0,0.0,0.0,0
2016-12-17,0,0.0,0.0,0.0,0
2016-12-18,0,0.0,0.0,0.0,0
2016-12-19,0,0.0,0.0,0.0,0
2016-12-20,2,300.8,41.5,3.5,1
2016-12-21,1,302.8,54.0,4.3,1
2016-12-22,1,306.3,63.0,6.5,1
2016-12-23,0,0.0,0.0,0.0,0
2016-12-24,0,0.0,0.0,0.0,0
2016-12-25,0,0.0,0.0,0.0,0
2016-12-26,1,309.1,62.0,19.7,1
2016-12-27,0,0.0,0.0,0.0,0
2016-12-28,0,0.0,0.0,0.0,0
2016-12-29,0,0.0,0.0,0.0,0
2016-12-30,0,0.0,0.0,0.0,0
2016-12-31,0,0.0,0.0,0.0,0
2017-01-01,0,0.0,0.0,0.0,0
2017-01-02,0,0.0,0.0,0.0,0
2017-01-03,0,0.0,0.0,0.0,0
2017-01-04,0,0.0,0.0,0.0,0
2017-01-05,0,0.0,0.0,0.0,0
2017-01-06,0,0.0,0.0,0.0,0
2017-01-07,0,0.0,0.0,0.0,0
2017-01-08,0,0.0,0.0,0.0,0
2017-01-09,0,0.0,0.0,0.0,0
2017-01-10,2,305.5,41.0,6.95,1
2017-01-11,0,0.0,0.0,0.0,0
2017-01-12,0,0.0,0.0,0.0,0
2017-01-13,2,307.05,62.0,7.35,1
2017-01-14,0,0.0,0.0,0.0,0
2017-01-15,0,0.0,0.0,0.0,0
2017-01-16,0,0.0,0.0,0.0,0
2017-01-17,0,0.0,0.0,0.0,0
2017-01-18,0,0.0,0.0,0.0,0
2017-01-19,0,0.0,0.0,0.0,0
2017-01-20,0,0.0,0.0,0.0,0
2017-01-21,1,320.3,77.0,14.3,1
2017-01-22,0,0.0,0.0,0.0,0
2017-01-23,2,320.75,77.0,17.7,1
2017-01-24,2,312.0,69.5,11.85,1
2017-01-25,0,0.0,0.0,0.0,0
2017-01-26,4,306.025,61.0,13.0,1
2017-01-27,0,0.0,0.0,0.0,0
2017-01-28,0,0.0,0.0,0.0,0
2017-01-29,3,310.1666666666667,66.0,10.0,1
2017-01-30,0,0.0,0.0,0.0,0
2017-01-31,0,0.0,0.0,0.0,0
2017-02-01,1,310.5,57.0,8.2,1
2017-02-02,2,311.65,70.5,26.9,1
2017-02-03,0,0.0,0.0,0.0,0
2017-02-04,0,0.0,0.0,0.0,0
2017-02-05,0,0.0,0.0,0.0,0
2017-02-06,0,0.0,0.0,0.0,0
2017-02-07,2,311.7,67.5,6.55,1
2017-02-08,0,0.0,0.0,0.0,0
2017-02-09,0,0.0,0.0,0.0,0
2017-02-10,0,0.0,0.0,0.0,0
2017-02-11,3,320.26666666666665,67.66666666666667,21.8,1
2017-02-12,0,0.0,0.0,0.0,0
2017-02-13,0,0.0,0.0,0.0,0
2017-02-14,0,0.0,0.0,0.0,0
2017-02-15,2,324.29999999999995,69.0,20.9,1
2017-02-16,4,306.325,61.75,6.375,1
2017-02-17,0,0.0,0.0,0.0,0
2017-02-18,0,0.0,0.0,0.0,0
2017-02-19,0,0.0,0.0,0.0,0
2017-02-20,0,0.0,0.0,0.0,0
2017-02-21,2,308.55,60.5,7.95,1
2017-02-22,2,312.45,48.5,5.75,1
2017-02-23,0,0.0,0.0,0.0,0
2017-02-24,1,317.9,72.0,12.0,1
2017-02-25,0,0.0,0.0,0.0,0
2017-02-26,0,0.0,0.0,0.0,0
2017-02-27,0,0.0,0.0,0.0,0
2017-02-28,0,0.0,0.0,0.0,0
2017-03-01,0,0.0,0.0,0.0,0
2017-03-02,0,0.0,0.0,0.0,0
2017-03-03,0,0.0,0.0,0.0,0
2017-03-04,0,0.0,0.0,0.0,0
2017-03-05,0,0.0,0.0,0.0,0
2017-03-06,0,0.0,0.0,0.0,0
2017-03-07,0,0.0,0.0,0.0,0
2017-03-08,0,0.0,0.0,0.0,0
2017-03-09,0,0.0,0.0,0.0,0
2017-03-10,0,0.0,0.0,0.0,0
2017-03-11,0,0.0,0.0,0.0,0
2017-03-12,0,0.0,0.0,0.0,0
2017-03-13,0,0.0,0.0,0.0,0
2017-03-14,0,0.0,0.0,0.0,0
2017-03-15,0,0.0,0.0,0.0,0
2017-03-16,0,0.0,0.0,0.0,0
2017-03-17,0,0.0,0.0,0.0,0
2017-03-18,0,0.0,0.0,0.0,0
2017-03-19,0,0.0,0.0,0.0,0
2017-03-20,1,310.4,41.0,4.4,1
2017-03-21,6,330.6166666666667,79.33333333333333,33.56666666666667,1
2017-03-22,0,0.0,0.0,0.0,0
2017-03-23,0,0.0,0.0,0.0,0
2017-03-24,0,0.0,0.0,0.0,0
2017-03-25,0,0.0,0.0,0.0,0
2017-03-26,0,0.0,0.0,0.0,0
2017-03-27,2,315.55,58.0,7.5,1
2017-03-28,0,0.0,0.0,0.0,0
2017-03-29,2,309.5,52.5,6.15,1
2017-03-30,0,0.0,0.0,0.0,0
2017-03-31,0,0.0,0.0,0.0,0
2017-04-01,0,0.0,0.0,0.0,0
2017-04-02,0,0.0,0.0,0.0,0
2017-04-03,0,0.0,0.0,0.0,0
2017-04-04,0,0.0,0.0,0.0,0
2017-04-05,0,0.0,0.0,0.0,0
2017-04-06,0,0.0,0.0,0.0,0
2017-04-07,0,0.0,0.0,0.0,0
2017-04-08,0,0.0,0.0,0.0,0
2017-04-09,0,0.0,0.0,0.0,0
2017-04-10,0,0.0,0.0,0.0,0
2017-04-11,0,0.0,0.0,0.0,0
2017-04-12,0,0.0,0.0,0.0,0
2017-04-13,0,0.0,0.0,0.0,0
2017-04-14,0,0.0,0.0,0.0,0
2017-04-15,0,0.0,0.0,0.0,0
2017-04-16,0,0.0,0.0,0.0,0
2017-04-17,0,0.0,0.0,0.0,0
2017-04-18,0,0.0,0.0,0.0,0
2017-04-19,0,0.0,0.0,0.0,0
2017-04-20,0,0.0,0.0,0.0,0
2017-04-21,0,0.0,0.0,0.0,0
2017-04-22,0,0.0,0.0,0.0,0
2017-04-23,0,0.0,0.0,0.0,0
2017-04-24,0,0.0,0.0,0.0,0
2017-04-25,0,0.0,0.0,0.0,0
2017-04-26,0,0.0,0.0,0.0,0
2017-04-27,0,0.0,0.0,0.0,0
2017-04-28,0,0.0,0.0,0.0,0
2017-04-29,0,0.0,0.0,0.0,0
2017-04-30,0,0.0,0.0,0.0,0
2017-05-01,0,0.0,0.0,0.0,0
2017-05-02,0,0.0,0.0,0.0,0
2017-05-03,0,0.0,0.0,0.0,0
2017-05-04,0,0.0,0.0,0.0,0
2017-05-05,1,319.6,64.0,8.6,1
2017-05-06,0,0.0,0.0,0.0,0
2017-05-07,0,0.0,0.0,0.0,0
2017-05-08,0,0.0,0.0,0.0,0
2017-05-09,0,0.0,0.0,0.0,0
2017-05-10,0,0.0,0.0,0.0,0
2017-05-11,0,0.0,0.0,0.0,0
2017-05-12,0,0.0,0.0,0.0,0
2017-05-13,0,0.0,0.0,0.0,0
2017-05-14,0,0.0,0.0,0.0,0
2017-05-15,0,0.0,0.0,0.0,0
2017-05-16,0,0.0,0.0,0.0,0
2017-05-17,0,0.0,0.0,0.0,0
2017-05-18,0,0.0,0.0,0.0,0
2017-05-19,0,0.0,0.0,0.0,0
2017-05-20,0,0.0,0.0,0.0,0
2017-05-21,0,0.0,0.0,0.0,0
2017-05-22,0,0.0,0.0,0.0,0
2017-05-23,0,0.0,0.0,0.0,0
2017-05-24,0,0.0,0.0,0.0,0
2017-05-25,0,0.0,0.0,0.0,0
2017-05-26,0,0.0,0.0,0.0,0
2017-05-27,0,0.0,0.0,0.0,0
2017-05-28,0,0.0,0.0,0.0,0
2017-05-29,0,0.0,0.0,0.0,0
2017-05-30,0,0.0,0.0,0.0,0
2017-05-31,0,0.0,0.0,0.0,0
2017-06-01,0,0.0,0.0,0.0,0
2017-06-02,0,0.0,0.0,0.0,0
2017-06-03,0,0.0,0.0,0.0,0
2017-06-04,0,0.0,0.0,0.0,0
2017-06-05,0,0.0,0.0,0.0,0
2017-06-06,0,0.0,0.0,0.0,0
2017-06-07,0,0.0,0.0,0.0,0
2017-06-08,0,0.0,0.0,0.0,0
2017-06-09,0,0.0,0.0,0.0,0
2017-06-10,0,0.0,0.0,0.0,0
2017-06-11,0,0.0,0.0,0.0,0
2017-06-12,0,0.0,0.0,0.0,0
2017-06-13,0,0.0,0.0,0.0,0
2017-06-14,0,0.0,0.0,0.0,0
2017-06-15,0,0.0,0.0,0.0,0
2017-06-16,0,0.0,0.0,0.0,0
2017-06-17,0,0.0,0.0,0.0,0
2017-06-18,0,0.0,0.0,0.0,0
2017-06-19,0,0.0,0.0,0.0,0
2017-06-20,0,0.0,0.0,0.0,0
2017-06-21,0,0.0,0.0,0.0,0
2017-06-22,0,0.0,0.0,0.0,0
2017-06-23,0,0.0,0.0,0.0,0
2017-06-24,0,0.0,0.0,0.0,0
2017-06-25,0,0.0,0.0,0.0,0
2017-06-26,0,0.0,0.0,0.0,0
2017-06-27,0,0.0,0.0,0.0,0
2017-06-28,0,0.0,0.0,0.0,0
2017-06-29,0,0.0,0.0,0.0,0
2017-06-30,0,0.0,0.0,0.0,0
2017-07-01,0,0.0,0.0,0.0,0
2017-07-02,0,0.0,0.0,0.0,0
2017-07-03,0,0.0,0.0,0.0,0
2017-07-04,0,0.0,0.0,0.0,0
2017-07-05,0,0.0,0.0,0.0,0
2017-07-06,0,0.0,0.0,0.0,0
2017-07-07,0,0.0,0.0,0.0,0
2017-07-08,0,0.0,0.0,0.0,0
2017-07-09,0,0.0,0.0,0.0,0
2017-07-10,0,0.0,0.0,0.0,0
2017-07-11,0,0.0,0.0,0.0,0
2017-07-12,0,0.0,0.0,0.0,0
2017-07-13,0,0.0,0.0,0.0,0
2017-07-14,0,0.0,0.0,0.0,0
2017-07-15,0,0.0,0.0,0.0,0
2017-07-16,0,0.0,0.0,0.0,0
2017-07-17,0,0.0,0.0,0.0,0
2017-07-18,0,0.0,0.0,0.0,0
2017-07-19,0,0.0,0.0,0.0,0
2017-07-20,0,0.0,0.0,0.0,0
2017-07-21,0,0.0,0.0,0.0,0
2017-07-22,0,0.0,0.0,0.0,0
2017-07-23,0,0.0,0.0,0.0,0
2017-07-24,0,0.0,0.0,0.0,0
2017-07-25,0,0.0,0.0,0.0,0
2017-07-26,0,0.0,0.0,0.0,0
2017-07-27,0,0.0,0.0,0.0,0
2017-07-28,0,0.0,0.0,0.0,0
2017-07-29,0,0.0,0.0,0.0,0
2017-07-30,0,0.0,0.0,0.0,0
2017-07-31,0,0.0,0.0,0.0,0
2017-08-01,0,0.0,0.0,0.0,0
2017-08-02,0,0.0,0.0,0.0,0
2017-08-03,0,0.0,0.0,0.0,0
2017-08-04,0,0.0,0.0,0.0,0
2017-08-05,0,0.0,0.0,0.0,0
2017-08-06,0,0.0,0.0,0.0,0
2017-08-07,0,0.0,0.0,0.0,0
2017-08-08,0,0.0,0.0,0.0,0
2017-08-09,0,0.0,0.0,0.0,0
2017-08-10,0,0.0,0.0,0.0,0
2017-08-11,0,0.0,0.0,0.0,0
2017-08-12,0,0.0,0.0,0.0,0
2017-08-13,0,0.0,0.0,0.0,0
2017-08-14,0,0.0,0.0,0.0,0
2017-08-15,0,0.0,0.0,0.0,0
2017-08-16,0,0.0,0.0,0.0,0
2017-08-17,0,0.0,0.0,0.0,0
2017-08-18,0,0.0,0.0,0.0,0
2017-08-19,0,0.0,0.0,0.0,0
2017-08-20,0,0.0,0.0,0.0,0
2017-08-21,0,0.0,0.0,0.0,0
2017-08-22,0,0.0,0.0,0.0,0
2017-08-23,0,0.0,0.0,0.0,0
2017-08-24,0,0.0,0.0,0.0,0
2017-08-25,0,0.0,0.0,0.0,0
2017-08-26,0,0.0,0.0,0.0,0
2017-08-27,0,0.0,0.0,0.0,0
2017-08-28,0,0.0,0.0,0.0,0
2017-08-29,0,0.0,0.0,0.0,0
2017-08-30,0,0.0,0.0,0.0,0
2017-08-31,0,0.0,0.0,0.0,0
2017-09-01,0,0.0,0.0,0.0,0
2017-09-02,0,0.0,0.0,0.0,0
2017-09-03,0,0.0,0.0,0.0,0
2017-09-04,0,0.0,0.0,0.0,0
2017-09-05,0,0.0,0.0,0.0,0
2017-09-06,0,0.0,0.0,0.0,0
2017-09-07,0,0.0,0.0,0.0,0
2017-09-08,0,0.0,0.0,0.0,0
2017-09-09,0,0.0,0.0,0.0,0
2017-09-10,0,0.0,0.0,0.0,0
2017-09-11,0,0.0,0.0,0.0,0
2017-09-12,0,0.0,0.0,0.0,0
2017-09-13,0,0.0,0.0,0.0,0
2017-09-14,0,0.0,0.0,0.0,0
2017-09-15,0,0.0,0.0,0.0,0
2017-09-16,0,0.0,0.0,0.0,0
2017-09-17,0,0.0,0.0,0.0,0
2017-09-18,0,0.0,0.0,0.0,0
2017-09-19,0,0.0,0.0,0.0,0
2017-09-20,0,0.0,0.0,0.0,0
2017-09-21,0,0.0,0.0,0.0,0
2017-09-22,0,0.0,0.0,0.0,0
2017-09-23,0,0.0,0.0,0.0,0
2017-09-24,0,0.0,0.0,0.0,0
2017-09-25,0,0.0,0.0,0.0,0
2017-09-26,0,0.0,0.0,0.0,0
2017-09-27,0,0.0,0.0,0.0,0
2017-09-28,0,0.0,0.0,0.0,0
2017-09-29,0,0.0,0.0,0.0,0
2017-09-30,0,0.0,0.0,0.0,0
2017-10-01,0,0.0,0.0,0.0,0
2017-10-02,0,0.0,0.0,0.0,0
2017-10-03,0,0.0,0.0,0.0,0
2017-10-04,0,0.0,0.0,0.0,0
2017-10-05,0,0.0,0.0,0.0,0
2017-10-06,0,0.0,0.0,0.0,0
2017-10-07,0,0.0,0.0,0.0,0
2017-10-08,0,0.0,0.0,0.0,0
2017-10-09,0,0.0,0.0,0.0,0
2017-10-10,0,0.0,0.0,0.0,0
2017-10-11,0,0.0,0.0,0.0,0
2017-10-12,0,0.0,0.0,0.0,0
2017-10-13,0,0.0,0.0,0.0,0
2017-10-14,0,0.0,0.0,0.0,0
2017-10-15,0,0.0,0.0,0.0,0
2017-10-16,0,0.0,0.0,0.0,0
2017-10-17,0,0.0,0.0,0.0,0
2017-10-18,0,0.0,0.0,0.0,0
2017-10-19,0,0.0,0.0,0.0,0
2017-10-20,0,0.0,0.0,0.0,0
2017-10-21,0,0.0,0.0,0.0,0
2017-10-22,0,0.0,0.0,0.0,0
2017-10-23,0,0.0,0.0,0.0,0
2017-10-24,0,0.0,0.0,0.0,0
2017-10-25,0,0.0,0.0,0.0,0
2017-10-26,0,0.0,0.0,0.0,0
2017-10-27,0,0.0,0.0,0.0,0
2017-10-28,0,0.0,0.0,0.0,0
2017-10-29,0,0.0,0.0,0.0,0
2017-10-30,0,0.0,0.0,0.0,0
2017-10-31,0,0.0,0.0,0.0,0
2017-11-01,0,0.0,0.0,0.0,0
2017-11-02,0,0.0,0.0,0.0,0
2017-11-03,0,0.0,0.0,0.0,0
2017-11-04,0,0.0,0.0,0.0,0
2017-11-05,0,0.0,0.0,0.0,0
2017-11-06,0,0.0,0.0,0.0,0
2017-11-07,0,0.0,0.0,0.0,0
2017-11-08,0,0.0,0.0,0.0,0
2017-11-09,0,0.0,0.0,0.0,0
2017-11-10,0,0.0,0.0,0.0,0
2017-11-11,0,0.0,0.0,0.0,0
2017-11-12,0,0.0,0.0,0.0,0
2017-11-13,0,0.0,0.0,0.0,0
2017-11-14,0,0.0,0.0,0.0,0
2017-11-15,0,0.0,0.0,0.0,0
2017-11-16,0,0.0,0.0,0.0,0
2017-11-17,0,0.0,0.0,0.0,0
2017-11-18,0,0.0,0.0,0.0,0
2017-11-19,0,0.0,0.0,0.0,0
2017-11-20,0,0.0,0.0,0.0,0
2017-11-21,0,0.0,0.0,0.0,0
2017-11-22,0,0.0,0.0,0.0,0
2017-11-23,0,0.0,0.0,0.0,0
2017-11-24,0,0.0,0.0,0.0,0
2017-11-25,0,0.0,0.0,0.0,0
2017-11-26,0,0.0,0.0,0.0,0
2017-11-27,0,0.0,0.0,0.0,0
2017-11-28,0,0.0,0.0,0.0,0
2017-11-29,0,0.0,0.0,0.0,0
2017-11-30,0,0.0,0.0,0.0,0
2017-12-01,0,0.0,0.0,0.0,0
2017-12-02,0,0.0,0.0,0.0,0
2017-12-03,0,0.0,0.0,0.0,0
2017-12-04,0,0.0,0.0,0.0,0
2017-12-05,0,0.0,0.0,0.0,0
2017-12-06,0,0.0,0.0,0.0,0
2017-12-07,0,0.0,0.0,0.0,0
2017-12-08,0,0.0,0.0,0.0,0
2017-12-09,0,0.0,0.0,0.0,0
2017-12-10,0,0.0,0.0,0.0,0
2017-12-11,0,0.0,0.0,0.0,0
2017-12-12,0,0.0,0.0,0.0,0
2017-12-13,0,0.0,0.0,0.0,0
2017-12-14,0,0.0,0.0,0.0,0
2017-12-15,0,0.0,0.0,0.0,0
2017-12-16,0,0.0,0.0,0.0,0
2017-12-17,0,0.0,0.0,0.0,0
2017-12-18,0,0.0,0.0,0.0,0
2017-12-19,0,0.0,0.0,0.0,0
2017-12-20,0,0.0,0.0,0.0,0
2017-12-21,0,0.0,0.0,0.0,0
2017-12-22,0,0.0,0.0,0.0,0
2017-12-23,0,0.0,0.0,0.0,0
2017-12-24,0,0.0,0.0,0.0,0
2017-12-25,0,0.0,0.0,0.0,0
2017-12-26,0,0.0,0.0,0.0,0
2017-12-27,0,0.0,0.0,0.0,0
2017-12-28,0,0.0,0.0,0.0,0
2017-12-29,0,0.0,0.0,0.0,0
2017-12-30,0,0.0,0.0,0.0,0
2017-12-31,0,0.0,0.0,0.0,0
2018-01-01,0,0.0,0.0,0.0,0
2018-01-02,0,0.0,0.0,0.0,0
2018-01-03,0,0.0,0.0,0.0,0
2018-01-04,0,0.0,0.0,0.0,0
2018-01-05,0,0.0,0.0,0.0,0
2018-01-06,0,0.0,0.0,0.0,0
2018-01-07,0,0.0,0.0,0.0,0
2018-01-08,0,0.0,0.0,0.0,0
2018-01-09,0,0.0,0.0,0.0,0
2018-01-10,0,0.0,0.0,0.0,0
2018-01-11,0,0.0,0.0,0.0,0
2018-01-12,0,0.0,0.0,0.0,0
2018-01-13,0,0.0,0.0,0.0,0
2018-01-14,0,0.0,0.0,0.0,0
2018-01-15,0,0.0,0.0,0.0,0
2018-01-16,0,0.0,0.0,0.0,0
2018-01-17,0,0.0,0.0,0.0,0
2018-01-18,0,0.0,0.0,0.0,0
2018-01-19,0,0.0,0.0,0.0,0
2018-01-20,0,0.0,0.0,0.0,0
2018-01-21,0,0.0,0.0,0.0,0
2018-01-22,0,0.0,0.0,0.0,0
2018-01-23,0,0.0,0.0,0.0,0
2018-01-24,0,0.0,0.0,0.0,0
2018-01-25,0,0.0,0.0,0.0,0
2018-01-26,0,0.0,0.0,0.0,0
2018-01-27,0,0.0,0.0,0.0,0
2018-01-28,0,0.0,0.0,0.0,0
2018-01-29,0,0.0,0.0,0.0,0
2018-01-30,0,0.0,0.0,0.0,0
2018-01-31,0,0.0,0.0,0.0,0
2018-02-01,0,0.0,0.0,0.0,0
2018-02-02,0,0.0,0.0,0.0,0
2018-02-03,0,0.0,0.0,0.0,0
2018-02-04,0,0.0,0.0,0.0,0
2018-02-05,0,0.0,0.0,0.0,0
2018-02-06,0,0.0,0.0,0.0,0
2018-02-07,0,0.0,0.0,0.0,0
2018-02-08,0,0.0,0.0,0.0,0
2018-02-09,0,0.0,0.0,0.0,0
2018-02-10,0,0.0,0.0,0.0,0
2018-02-11,0,0.0,0.0,0.0,0
2018-02-12,0,0.0,0.0,0.0,0
2018-02-13,0,0.0,0.0,0.0,0
2018-02-14,0,0.0,0.0,0.0,0
2018-02-15,0,0.0,0.0,0.0,0
2018-02-16,0,0.0,0.0,0.0,0
2018-02-17,0,0.0,0.0,0.0,0
2018-02-18,0,0.0,0.0,0.0,0
2018-02-19,0,0.0,0.0,0.0,0
2018-02-20,0,0.0,0.0,0.0,0
2018-02-21,0,0.0,0.0,0.0,0
2018-02-22,0,0.0,0.0,0.0,0
2018-02-23,0,0.0,0.0,0.0,0
2018-02-24,0,0.0,0.0,0.0,0
2018-02-25,0,0.0,0.0,0.0,0
2018-02-26,0,0.0,0.0,0.0,0
2018-02-27,0,0.0,0.0,0.0,0
2018-02-28,0,0.0,0.0,0.0,0
2018-03-01,0,0.0,0.0,0.0,0
2018-03-02,0,0.0,0.0,0.0,0
2018-03-03,0,0.0,0.0,0.0,0
2018-03-04,0,0.0,0.0,0.0,0
2018-03-05,0,0.0,0.0,0.0,0
2018-03-06,0,0.0,0.0,0.0,0
2018-03-07,0,0.0,0.0,0.0,0
2018-03-08,0,0.0,0.0,0.0,0
2018-03-09,0,0.0,0.0,0.0,0
2018-03-10,0,0.0,0.0,0.0,0
2018-03-11,0,0.0,0.0,0.0,0
2018-03-12,0,0.0,0.0,0.0,0
2018-03-13,0,0.0,0.0,0.0,0
2018-03-14,0,0.0,0.0,0.0,0
2018-03-15,0,0.0,0.0,0.0,0
2018-03-16,0,0.0,0.0,0.0,0
2018-03-17,0,0.0,0.0,0.0,0
2018-03-18,0,0.0,0.0,0.0,0
2018-03-19,0,0.0,0.0,0.0,0
2018-03-20,0,0.0,0.0,0.0,0
2018-03-21,0,0.0,0.0,0.0,0
2018-03-22,0,0.0,0.0,0.0,0
2018-03-23,0,0.0,0.0,0.0,0
2018-03-24,0,0.0,0.0,0.0,0
2018-03-25,0,0.0,0.0,0.0,0
2018-03-26,0,0.0,0.0,0.0,0
2018-03-27,0,0.0,0.0,0.0,0
2018-03-28,0,0.0,0.0,0.0,0
2018-03-29,0,0.0,0.0,0.0,0
2018-03-30,0,0.0,0.0,0.0,0
2018-03-31,0,0.0,0.0,0.0,0
2018-04-01,0,0.0,0.0,0.0,0
2018-04-02,0,0.0,0.0,0.0,0
2018-04-03,0,0.0,0.0,0.0,0
2018-04-04,0,0.0,0.0,0.0,0
2018-04-05,0,0.0,0.0,0.0,0
2018-04-06,0,0.0,0.0,0.0,0
2018-04-07,0,0.0,0.0,0.0,0
2018-04-08,0,0.0,0.0,0.0,0
2018-04-09,0,0.0,0.0,0.0,0
2018-04-10,0,0.0,0.0,0.0,0
2018-04-11,0,0.0,0.0,0.0,0
2018-04-12,0,0.0,0.0,0.0,0
2018-04-13,0,0.0,0.0,0.0,0
2018-04-14,0,0.0,0.0,0.0,0
2018-04-15,0,0.0,0.0,0.0,0
2018-04-16,0,0.0,0.0,0.0,0
2018-04-17,0,0.0,0.0,0.0,0
2018-04-18,0,0.0,0.0,0.0,0
2018-04-19,0,0.0,0.0,0.0,0
2018-04-20,0,0.0,0.0,0.0,0
2018-04-21,0,0.0,0.0,0.0,0
2018-04-22,0,0.0,0.0,0.0,0
2018-04-23,0,0.0,0.0,0.0,0
2018-04-24,0,0.0,0.0,0.0,0
2018-04-25,0,0.0,0.0,0.0,0
2018-04-26,0,0.0,0.0,0.0,0
2018-04-27,0,0.0,0.0,0.0,0
2018-04-28,0,0.0,0.0,0.0,0
2018-04-29,0,0.0,0.0,0.0,0
2018-04-30,0,0.0,0.0,0.0,0
2018-05-01,0,0.0,0.0,0.0,0
2018-05-02,0,0.0,0.0,0.0,0
2018-05-03,0,0.0,0.0,0.0,0
2018-05-04,0,0.0,0.0,0.0,0
2018-05-05,1,313.3,47.0,7.6,1
2018-05-06,0,0.0,0.0,0.0,0
2018-05-07,0,0.0,0.0,0.0,0
2018-05-08,0,0.0,0.0,0.0,0
2018-05-09,0,0.0,0.0,0.0,0
2018-05-10,0,0.0,0.0,0.0,0
2018-05-11,0,0.0,0.0,0.0,0
2018-05-12,0,0.0,0.0,0.0,0
2018-05-13,0,0.0,0.0,0.0,0
2018-05-14,0,0.0,0.0,0.0,0
2018-05-15,1,322.4,53.0,11.9,1
2018-05-16,0,0.0,0.0,0.0,0
2018-05-17,0,0.0,0.0,0.0,0
2018-05-18,0,0.0,0.0,0.0,0
2018-05-19,0,0.0,0.0,0.0,0
2018-05-20,0,0.0,0.0,0.0,0
2018-05-21,0,0.0,0.0,0.0,0
2018-05-22,0,0.0,0.0,0.0,0
2018-05-23,0,0.0,0.0,0.0,0
2018-05-24,0,0.0,0.0,0.0,0
2018-05-25,0,0.0,0.0,0.0,0
2018-05-26,0,0.0,0.0,0.0,0
2018-05-27,0,0.0,0.0,0.0,0
2018-05-28,0,0.0,0.0,0.0,0
2018-05-29,0,0.0,0.0,0.0,0
2018-05-30,1,331.4,62.0,18.0,1
2018-05-31,0,0.0,0.0,0.0,0
2018-06-01,0,0.0,0.0,0.0,0
2018-06-02,0,0.0,0.0,0.0,0
2018-06-03,0,0.0,0.0,0.0,0
2018-06-04,0,0.0,0.0,0.0,0
2018-06-05,0,0.0,0.0,0.0,0
2018-06-06,0,0.0,0.0,0.0,0
2018-06-07,0,0.0,0.0,0.0,0
2018-06-08,0,0.0,0.0,0.0,0
2018-06-09,0,0.0,0.0,0.0,0
2018-06-10,0,0.0,0.0,0.0,0
2018-06-11,0,0.0,0.0,0.0,0
2018-06-12,0,0.0,0.0,0.0,0
2018-06-13,0,0.0,0.0,0.0,0
2018-06-14,0,0.0,0.0,0.0,0
2018-06-15,0,0.0,0.0,0.0,0
2018-06-16,0,0.0,0.0,0.0,0
2018-06-17,0,0.0,0.0,0.0,0
2018-06-18,0,0.0,0.0,0.0,0
2018-06-19,0,0.0,0.0,0.0,0
2018-06-20,0,0.0,0.0,0.0,0
2018-06-21,0,0.0,0.0,0.0,0
2018-06-22,0,0.0,0.0,0.0,0
2018-06-23,0,0.0,0.0,0.0,0
2018-06-24,0,0.0,0.0,0.0,0
2018-06-25,0,0.0,0.0,0.0,0
2018-06-26,0,0.0,0.0,0.0,0
2018-06-27,1,328.8,66.0,9.6,1
2018-06-28,1,332.9,77.0,23.2,1
2018-06-29,0,0.0,0.0,0.0,0
2018-06-30,0,0.0,0.0,0.0,0
2018-07-01,0,0.0,0.0,0.0,0
2018-07-02,0,0.0,0.0,0.0,0
2018-07-03,0,0.0,0.0,0.0,0
2018-07-04,0,0.0,0.0,0.0,0
2018-07-05,0,0.0,0.0,0.0,0
2018-07-06,0,0.0,0.0,0.0,0
2018-07-07,0,0.0,0.0,0.0,0
2018-07-08,0,0.0,0.0,0.0,0
2018-07-09,0,0.0,0.0,0.0,0
2018-07-10,0,0.0,0.0,0.0,0
2018-07-11,0,0.0,0.0,0.0,0
2018-07-12,0,0.0,0.0,0.0,0
2018-07-13,0,0.0,0.0,0.0,0
2018-07-14,0,0.0,0.0,0.0,0
2018-07-15,0,0.0,0.0,0.0,0
2018-07-16,0,0.0,0.0,0.0,0
2018-07-17,0,0.0,0.0,0.0,0
2018-07-18,0,0.0,0.0,0.0,0
2018-07-19,0,0.0,0.0,0.0,0
2018-07-20,0,0.0,0.0,0.0,0
2018-07-21,0,0.0,0.0,0.0,0
2018-07-22,0,0.0,0.0,0.0,0
2018-07-23,0,0.0,0.0,0.0,0
2018-07-24,0,0.0,0.0,0.0,0
2018-07-25,0,0.0,0.0,0.0,0
2018-07-26,0,0.0,0.0,0.0,0
2018-07-27,0,0.0,0.0,0.0,0
2018-07-28,0,0.0,0.0,0.0,0
2018-07-29,0,0.0,0.0,0.0,0
2018-07-30,0,0.0,0.0,0.0,0
2018-07-31,0,0.0,0.0,0.0,0
2018-08-01,0,0.0,0.0,0.0,0
2018-08-02,0,0.0,0.0,0.0,0
2018-08-03,0,0.0,0.0,0.0,0
2018-08-04,0,0.0,0.0,0.0,0
2018-08-05,0,0.0,0.0,0.0,0
2018-08-06,0,0.0,0.0,0.0,0
2018-08-07,0,0.0,0.0,0.0,0
2018-08-08,0,0.0,0.0,0.0,0
2018-08-09,0,0.0,0.0,0.0,0
2018-08-10,0,0.0,0.0,0.0,0
2018-08-11,0,0.0,0.0,0.0,0
2018-08-12,0,0.0,0.0,0.0,0
2018-08-13,0,0.0,0.0,0.0,0
2018-08-14,0,0.0,0.0,0.0,0
2018-08-15,0,0.0,0.0,0.0,0
2018-08-16,0,0.0,0.0,0.0,0
2018-08-17,0,0.0,0.0,0.0,0
2018-08-18,0,0.0,0.0,0.0,0
2018-08-19,0,0.0,0.0,0.0,0
2018-08-20,0,0.0,0.0,0.0,0
2018-08-21,0,0.0,0.0,0.0,0
2018-08-22,0,0.0,0.0,0.0,0
2018-08-23,1,326.9,44.0,9.1,1
2018-08-24,0,0.0,0.0,0.0,0
2018-08-25,0,0.0,0.0,0.0,0
2018-08-26,0,0.0,0.0,0.0,0
2018-08-27,0,0.0,0.0,0.0,0
2018-08-28,0,0.0,0.0,0.0,0
2018-08-29,0,0.0,0.0,0.0,0
2018-08-30,0,0.0,0.0,0.0,0
2018-08-31,0,0.0,0.0,0.0,0
2018-09-01,0,0.0,0.0,0.0,0
2018-09-02,0,0.0,0.0,0.0,0
2018-09-03,0,0.0,0.0,0.0,0
2018-09-04,0,0.0,0.0,0.0,0
2018-09-05,0,0.0,0.0,0.0,0
2018-09-06,0,0.0,0.0,0.0,0
2018-09-07,0,0.0,0.0,0.0,0
2018-09-08,0,0.0,0.0,0.0,0
2018-09-09,0,0.0,0.0,0.0,0
2018-09-10,0,0.0,0.0,0.0,0
2018-09-11,0,0.0,0.0,0.0,0
2018-09-12,0,0.0,0.0,0.0,0
2018-09-13,0,0.0,0.0,0.0,0
2018-09-14,0,0.0,0.0,0.0,0
2018-09-15,0,0.0,0.0,0.0,0
2018-09-16,0,0.0,0.0,0.0,0
2018-09-17,0,0.0,0.0,0.0,0
2018-09-18,0,0.0,0.0,0.0,0
2018-09-19,0,0.0,0.0,0.0,0
2018-09-20,0,0.0,0.0,0.0,0
2018-09-21,0,0.0,0.0,0.0,0
2018-09-22,0,0.0,0.0,0.0,0
2018-09-23,0,0.0,0.0,0.0,0
2018-09-24,0,0.0,0.0,0.0,0
2018-09-25,0,0.0,0.0,0.0,0
2018-09-26,0,0.0,0.0,0.0,0
2018-09-27,0,0.0,0.0,0.0,0
2018-09-28,0,0.0,0.0,0.0,0
2018-09-29,0,0.0,0.0,0.0,0
2018-09-30,0,0.0,0.0,0.0,0
2018-10-01,1,311.6,58.0,5.4,1
2018-10-02,0,0.0,0.0,0.0,0
2018-10-03,0,0.0,0.0,0.0,0
2018-10-04,0,0.0,0.0,0.0,0
2018-10-05,0,0.0,0.0,0.0,0
2018-10-06,0,0.0,0.0,0.0,0
2018-10-07,0,0.0,0.0,0.0,0
2018-10-08,0,0.0,0.0,0.0,0
2018-10-09,0,0.0,0.0,0.0,0
2018-10-10,0,0.0,0.0,0.0,0
2018-10-11,0,0.0,0.0,0.0,0
2018-10-12,0,0.0,0.0,0.0,0
2018-10-13,0,0.0,0.0,0.0,0
2018-10-14,0,0.0,0.0,0.0,0
2018-10-15,0,0.0,0.0,0.0,0
2018-10-16,0,0.0,0.0,0.0,0
2018-10-17,0,0.0,0.0,0.0,0
2018-10-18,0,0.0,0.0,0.0,0
2018-10-19,0,0.0,0.0,0.0,0
2018-10-20,0,0.0,0.0,0.0,0
2018-10-21,0,0.0,0.0,0.0,0
2018-10-22,0,0.0,0.0,0.0,0
2018-10-23,0,0.0,0.0,0.0,0
2018-10-24,0,0.0,0.0,0.0,0
2018-10-25,0,0.0,0.0,0.0,0
2018-10-26,0,0.0,0.0,0.0,0
2018-10-27,0,0.0,0.0,0.0,0
2018-10-28,0,0.0,0.0,0.0,0
2018-10-29,0,0.0,0.0,0.0,0
2018-10-30,0,0.0,0.0,0.0,0
2018-10-31,0,0.0,0.0,0.0,0
2018-11-01,6,310.18333333333334,56.5,33.516666666666666,1
2018-11-02,1,310.7,67.0,8.4,1
2018-11-03,0,0.0,0.0,0.0,0
2018-11-04,0,0.0,0.0,0.0,0
2018-11-05,3,307.7,63.333333333333336,14.033333333333333,1
2018-11-06,0,0.0,0.0,0.0,0
2018-11-07,0,0.0,0.0,0.0,0
2018-11-08,0,0.0,0.0,0.0,0
2018-11-09,0,0.0,0.0,0.0,0
2018-11-10,0,0.0,0.0,0.0,0
2018-11-11,0,0.0,0.0,0.0,0
2018-11-12,0,0.0,0.0,0.0,0
2018-11-13,0,0.0,0.0,0.0,0
2018-11-14,0,0.0,0.0,0.0,0
2018-11-15,0,0.0,0.0,0.0,0
2018-11-16,1,302.6,53.0,4.2,1
2018-11-17,1,304.5,35.0,4.0,1
2018-11-18,0,0.0,0.0,0.0,0
2018-11-19,0,0.0,0.0,0.0,0
2018-11-20,0,0.0,0.0,0.0,0
2018-11-21,0,0.0,0.0,0.0,0
2018-11-22,0,0.0,0.0,0.0,0
2018-11-23,0,0.0,0.0,0.0,0
2018-11-24,0,0.0,0.0,0.0,0
2018-11-25,0,0.0,0.0,0.0,0
2018-11-26,0,0.0,0.0,0.0,0
2018-11-27,0,0.0,0.0,0.0,0
2018-11-28,0,0.0,0.0,0.0,0
2018-11-29,0,0.0,0.0,0.0,0
2018-11-30,0,0.0,0.0,0.0,0
2018-12-01,0,0.0,0.0,0.0,0
2018-12-02,3,303.40000000000003,54.333333333333336,5.133333333333334,1
2018-12-03,0,0.0,0.0,0.0,0
2018-12-04,2,307.25,59.0,9.45,1
2018-12-05,0,0.0,0.0,0.0,0
2018-12-06,0,0.0,0.0,0.0,0
2018-12-07,0,0.0,0.0,0.0,0
2018-12-08,0,0.0,0.0,0.0,0
2018-12-09,0,0.0,0.0,0.0,0
2018-12-10,0,0.0,0.0,0.0,0
2018-12-11,0,0.0,0.0,0.0,0
2018-12-12,0,0.0,0.0,0.0,0
2018-12-13,0,0.0,0.0,0.0,0
2018-12-14,0,0.0,0.0,0.0,0
2018-12-15,0,0.0,0.0,0.0,0
2018-12-16,0,0.0,0.0,0.0,0
2018-12-17,0,0.0,0.0,0.0,0
2018-12-18,0,0.0,0.0,0.0,0
2018-12-19,1,308.6,0.0,9.4,1
2018-12-20,0,0.0,0.0,0.0,0
2018-12-21,0,0.0,0.0,0.0,0
2018-12-22,0,0.0,0.0,0.0,0
2018-12-23,0,0.0,0.0,0.0,0
2018-12-24,0,0.0,0.0,0.0,0
2018-12-25,0,0.0,0.0,0.0,0
2018-12-26,0,0.0,0.0,0.0,0
2018-12-27,0,0.0,0.0,0.0,0
2018-12-28,0,0.0,0.0,0.0,0
2018-12-29,0,0.0,0.0,0.0,0
2018-12-30,0,0.0,0.0,0.0,0
2018-12-31,0,0.0,0.0,0.0,0
2019-01-01,0,0.0,0.0,0.0,0
2019-01-02,0,0.0,0.0,0.0,0
2019-01-03,0,0.0,0.0,0.0,0
2019-01-04,0,0.0,0.0,0.0,0
2019-01-05,0,0.0,0.0,0.0,0
2019-01-06,0,0.0,0.0,0.0,0
2019-01-07,0,0.0,0.0,0.0,0
2019-01-08,0,0.0,0.0,0.0,0
2019-01-09,0,0.0,0.0,0.0,0
2019-01-10,0,0.0,0.0,0.0,0
2019-01-11,0,0.0,0.0,0.0,0
2019-01-12,0,0.0,0.0,0.0,0
2019-01-13,0,0.0,0.0,0.0,0
2019-01-14,0,0.0,0.0,0.0,0
2019-01-15,0,0.0,0.0,0.0,0
2019-01-16,0,0.0,0.0,0.0,0
2019-01-17,0,0.0,0.0,0.0,0
2019-01-18,0,0.0,0.0,0.0,0
2019-01-19,0,0.0,0.0,0.0,0
2019-01-20,0,0.0,0.0,0.0,0
2019-01-21,0,0.0,0.0,0.0,0
2019-01-22,0,0.0,0.0,0.0,0
2019-01-23,0,0.0,0.0,0.0,0
2019-01-24,0,0.0,0.0,0.0,0
2019-01-25,0,0.0,0.0,0.0,0
2019-01-26,0,0.0,0.0,0.0,0
2019-01-27,0,0.0,0.0,0.0,0
2019-01-28,0,0.0,0.0,0.0,0
2019-01-29,3,309.0,66.0,13.333333333333334,1
2019-01-30,0,0.0,0.0,0.0,0
2019-01-31,0,0.0,0.0,0.0,0
2019-02-01,0,0.0,0.0,0.0,0
2019-02-02,0,0.0,0.0,0.0,0
2019-02-03,0,0.0,0.0,0.0,0
2019-02-04,0,0.0,0.0,0.0,0
2019-02-05,0,0.0,0.0,0.0,0
2019-02-06,0,0.0,0.0,0.0,0
2019-02-07,0,0.0,0.0,0.0,0
2019-02-08,0,0.0,0.0,0.0,0
2019-02-09,0,0.0,0.0,0.0,0
2019-02-10,0,0.0,0.0,0.0,0
2019-02-11,0,0.0,0.0,0.0,0
2019-02-12,3,307.9666666666667,52.0,6.866666666666667,1
2019-02-13,0,0.0,0.0,0.0,0
2019-02-14,0,0.0,0.0,0.0,0
2019-02-15,0,0.0,0.0,0.0,0
2019-02-16,0,0.0,0.0,0.0,0
2019-02-17,0,0.0,0.0,0.0,0
2019-02-18,0,0.0,0.0,0.0,0
2019-02-19,0,0.0,0.0,0.0,0
2019-02-20,0,0.0,0.0,0.0,0
2019-02-21,0,0.0,0.0,0.0,0
2019-02-22,0,0.0,0.0,0.0,0
2019-02-23,0,0.0,0.0,0.0,0
2019-02-24,1,303.1,55.0,8.2,1
2019-02-25,0,0.0,0.0,0.0,0
2019-02-26,1,300.6,31.0,7.5,1
2019-02-27,0,0.0,0.0,0.0,0
2019-02-28,0,0.0,0.0,0.0,0
2019-03-01,0,0.0,0.0,0.0,0
2019-03-02,0,0.0,0.0,0.0,0
2019-03-03,0,0.0,0.0,0.0,0
2019-03-04,0,0.0,0.0,0.0,0
2019-03-05,0,0.0,0.0,0.0,0
2019-03-06,2,304.05,58.0,26.6,1
2019-03-07,0,0.0,0.0,0.0,0
2019-03-08,0,0.0,0.0,0.0,0
2019-03-09,1,320.3,71.0,9.9,1
2019-03-10,0,0.0,0.0,0.0,0
2019-03-11,0,0.0,0.0,0.0,0
2019-03-12,0,0.0,0.0,0.0,0
2019-03-13,0,0.0,0.0,0.0,0
2019-03-14,0,0.0,0.0,0.0,0
2019-03-15,0,0.0,0.0,0.0,0
2019-03-16,0,0.0,0.0,0.0,0
2019-03-17,0,0.0,0.0,0.0,0
2019-03-18,2,320.1,70.5,13.399999999999999,1
2019-03-19,0,0.0,0.0,0.0,0
2019-03-20,1,312.3,58.0,11.6,1
2019-03-21,0,0.0,0.0,0.0,0
2019-03-22,0,0.0,0.0,0.0,0
2019-03-23,0,0.0,0.0,0.0,0
2019-03-24,0,0.0,0.0,0.0,0
2019-03-25,0,0.0,0.0,0.0,0
2019-03-26,0,0.0,0.0,0.0,0
2019-03-27,0,0.0,0.0,0.0,0
2019-03-28,0,0.0,0.0,0.0,0
2019-03-29,0,0.0,0.0,0.0,0
2019-03-30,0,0.0,0.0,0.0,0
2019-03-31,0,0.0,0.0,0.0,0
2019-04-01,0,0.0,0.0,0.0,0
2019-04-02,0,0.0,0.0,0.0,0
2019-04-03,0,0.0,0.0,0.0,0
2019-04-04,0,0.0,0.0,0.0,0
2019-04-05,0,0.0,0.0,0.0,0
2019-04-06,0,0.0,0.0,0.0,0
2019-04-07,0,0.0,0.0,0.0,0
2019-04-08,0,0.0,0.0,0.0,0
2019-04-09,0,0.0,0.0,0.0,0
2019-04-10,0,0.0,0.0,0.0,0
2019-04-11,0,0.0,0.0,0.0,0
2019-04-12,0,0.0,0.0,0.0,0
2019-04-13,0,0.0,0.0,0.0,0
2019-04-14,0,0.0,0.0,0.0,0
2019-04-15,0,0.0,0.0,0.0,0
2019-04-16,0,0.0,0.0,0.0,0
2019-04-17,0,0.0,0.0,0.0,0
2019-04-18,0,0.0,0.0,0.0,0
2019-04-19,0,0.0,0.0,0.0,0
2019-04-20,2,316.6,65.5,11.45,1
2019-04-21,0,0.0,0.0,0.0,0
2019-04-22,0,0.0,0.0,0.0,0
2019-04-23,0,0.0,0.0,0.0,0
2019-04-24,0,0.0,0.0,0.0,0
2019-04-25,1,309.6,40.0,5.2,1
2019-04-26,0,0.0,0.0,0.0,0
2019-04-27,0,0.0,0.0,0.0,0
2019-04-28,0,0.0,0.0,0.0,0
2019-04-29,0,0.0,0.0,0.0,0
2019-04-30,0,0.0,0.0,0.0,0
2019-05-01,0,0.0,0.0,0.0,0
2019-05-02,0,0.0,0.0,0.0,0
2019-05-03,0,0.0,0.0,0.0,0
2019-05-04,0,0.0,0.0,0.0,0
2019-05-05,0,0.0,0.0,0.0,0
2019-05-06,0,0.0,0.0,0.0,0
2019-05-07,0,0.0,0.0,0.0,0
2019-05-08,0,0.0,0.0,0.0,0
2019-05-09,0,0.0,0.0,0.0,0
2019-05-10,0,0.0,0.0,0.0,0
2019-05-11,0,0.0,0.0,0.0,0
2019-05-12,0,0.0,0.0,0.0,0
2019-05-13,0,0.0,0.0,0.0,0
2019-05-14,0,0.0,0.0,0.0,0
2019-05-15,0,0.0,0.0,0.0,0
2019-05-16,0,0.0,0.0,0.0,0
2019-05-17,0,0.0,0.0,0.0,0
2019-05-18,0,0.0,0.0,0.0,0
2019-05-19,0,0.0,0.0,0.0,0
2019-05-20,0,0.0,0.0,0.0,0
2019-05-21,0,0.0,0.0,0.0,0
2019-05-22,0,0.0,0.0,0.0,0
2019-05-23,0,0.0,0.0,0.0,0
2019-05-24,0,0.0,0.0,0.0,0
2019-05-25,0,0.0,0.0,0.0,0
2019-05-26,0,0.0,0.0,0.0,0
2019-05-27,0,0.0,0.0,0.0,0
2019-05-28,0,0.0,0.0,0.0,0
2019-05-29,0,0.0,0.0,0.0,0
2019-05-30,0,0.0,0.0,0.0,0
2019-05-31,0,0.0,0.0,0.0,0
2019-06-01,0,0.0,0.0,0.0,0
2019-06-02,0,0.0,0.0,0.0,0
2019-06-03,0,0.0,0.0,0.0,0
2019-06-04,0,0.0,0.0,0.0,0
2019-06-05,0,0.0,0.0,0.0,0
2019-06-06,0,0.0,0.0,0.0,0
2019-06-07,0,0.0,0.0,0.0,0
2019-06-08,0,0.0,0.0,0.0,0
2019-06-09,0,0.0,0.0,0.0,0
2019-06-10,0,0.0,0.0,0.0,0
2019-06-11,0,0.0,0.0,0.0,0
2019-06-12,0,0.0,0.0,0.0,0
2019-06-13,0,0.0,0.0,0.0,0
2019-06-14,0,0.0,0.0,0.0,0
2019-06-15,0,0.0,0.0,0.0,0
2019-06-16,0,0.0,0.0,0.0,0
2019-06-17,0,0.0,0.0,0.0,0
2019-06-18,0,0.0,0.0,0.0,0
2019-06-19,0,0.0,0.0,0.0,0
2019-06-20,0,0.0,0.0,0.0,0
2019-06-21,0,0.0,0.0,0.0,0
2019-06-22,0,0.0,0.0,0.0,0
2019-06-23,0,0.0,0.0,0.0,0
2019-06-24,0,0.0,0.0,0.0,0
2019-06-25,0,0.0,0.0,0.0,0
2019-06-26,0,0.0,0.0,0.0,0
2019-06-27,0,0.0,0.0,0.0,0
2019-06-28,0,0.0,0.0,0.0,0
2019-06-29,0,0.0,0.0,0.0,0
2019-06-30,0,0.0,0.0,0.0,0
2019-07-01,0,0.0,0.0,0.0,0
2019-07-02,0,0.0,0.0,0.0,0
2019-07-03,0,0.0,0.0,0.0,0
2019-07-04,0,0.0,0.0,0.0,0
2019-07-05,0,0.0,0.0,0.0,0
2019-07-06,0,0.0,0.0,0.0,0
2019-07-07,0,0.0,0.0,0.0,0
2019-07-08,1,321.9,55.0,8.4,1
2019-07-09,0,0.0,0.0,0.0,0
2019-07-10,0,0.0,0.0,0.0,0
2019-07-11,0,0.0,0.0,0.0,0
2019-07-12,0,0.0,0.0,0.0,0
2019-07-13,0,0.0,0.0,0.0,0
2019-07-14,0,0.0,0.0,0.0,0
2019-07-15,0,0.0,0.0,0.0,0
2019-07-16,0,0.0,0.0,0.0,0
2019-07-17,0,0.0,0.0,0.0,0
2019-07-18,0,0.0,0.0,0.0,0
2019-07-19,3,333.9666666666667,83.66666666666667,71.13333333333334,1
2019-07-20,1,315.9,47.0,16.6,1
2019-07-21,0,0.0,0.0,0.0,0
2019-07-22,2,335.6,82.0,20.35,1
2019-07-23,0,0.0,0.0,0.0,0
2019-07-24,2,326.85,66.0,14.399999999999999,1
2019-07-25,3,320.5333333333333,52.0,23.166666666666668,1
2019-07-26,2,323.2,62.5,22.25,1
2019-07-27,0,0.0,0.0,0.0,0
2019-07-28,0,0.0,0.0,0.0,0
2019-07-29,0,0.0,0.0,0.0,0
2019-07-30,1,316.3,47.0,54.7,1
2019-07-31,0,0.0,0.0,0.0,0
2019-08-01,0,0.0,0.0,0.0,0
2019-08-02,0,0.0,0.0,0.0,0
2019-08-03,0,0.0,0.0,0.0,0
2019-08-04,0,0.0,0.0,0.0,0
2019-08-05,0,0.0,0.0,0.0,0
2019-08-06,0,0.0,0.0,0.0,0
2019-08-07,0,0.0,0.0,0.0,0
2019-08-08,0,0.0,0.0,0.0,0
2019-08-09,0,0.0,0.0,0.0,0
2019-08-10,0,0.0,0.0,0.0,0
2019-08-11,2,326.4,60.0,21.0,1
2019-08-12,1,326.6,44.0,15.2,1
2019-08-13,4,325.79999999999995,62.25,25.475,1
2019-08-14,0,0.0,0.0,0.0,0
2019-08-15,0,0.0,0.0,0.0,0
2019-08-16,0,0.0,0.0,0.0,0
2019-08-17,0,0.0,0.0,0.0,0
2019-08-18,0,0.0,0.0,0.0,0
2019-08-19,0,0.0,0.0,0.0,0
2019-08-20,0,0.0,0.0,0.0,0
2019-08-21,0,0.0,0.0,0.0,0
2019-08-22,0,0.0,0.0,0.0,0
2019-08-23,0,0.0,0.0,0.0,0
2019-08-24,0,0.0,0.0,0.0,0
2019-08-25,1,325.3,26.0,13.3,1
2019-08-26,0,0.0,0.0,0.0,0
2019-08-27,0,0.0,0.0,0.0,0
2019-08-28,0,0.0,0.0,0.0,0
2019-08-29,0,0.0,0.0,0.0,0
2019-08-30,0,0.0,0.0,0.0,0
2019-08-31,0,0.0,0.0,0.0,0
2019-09-01,0,0.0,0.0,0.0,0
2019-09-02,0,0.0,0.0,0.0,0
2019-09-03,0,0.0,0.0,0.0,0
2019-09-04,0,0.0,0.0,0.0,0
2019-09-05,0,0.0,0.0,0.0,0
2019-09-06,0,0.0,0.0,0.0,0
2019-09-07,0,0.0,0.0,0.0,0
2019-09-08,1,308.7,69.0,6.5,1
2019-09-09,0,0.0,0.0,0.0,0
2019-09-10,0,0.0,0.0,0.0,0
2019-09-11,0,0.0,0.0,0.0,0
2019-09-12,0,0.0,0.0,0.0,0
2019-09-13,0,0.0,0.0,0.0,0
2019-09-14,0,0.0,0.0,0.0,0
2019-09-15,0,0.0,0.0,0.0,0
2019-09-16,0,0.0,0.0,0.0,0
2019-09-17,0,0.0,0.0,0.0,0
2019-09-18,0,0.0,0.0,0.0,0
2019-09-19,0,0.0,0.0,0.0,0
2019-09-20,0,0.0,0.0,0.0,0
2019-09-21,0,0.0,0.0,0.0,0
2019-09-22,0,0.0,0.0,0.0,0
2019-09-23,0,0.0,0.0,0.0,0
2019-09-24,0,0.0,0.0,0.0,0
2019-09-25,0,0.0,0.0,0.0,0
2019-09-26,1,321.1,45.0,8.2,1
2019-09-27,0,0.0,0.0,0.0,0
2019-09-28,0,0.0,0.0,0.0,0
2019-09-29,0,0.0,0.0,0.0,0
2019-09-30,0,0.0,0.0,0.0,0
2019-10-01,0,0.0,0.0,0.0,0
2019-10-02,0,0.0,0.0,0.0,0
2019-10-03,0,0.0,0.0,0.0,0
2019-10-04,0,0.0,0.0,0.0,0
2019-10-05,0,0.0,0.0,0.0,0
2019-10-06,0,0.0,0.0,0.0,0
2019-10-07,0,0.0,0.0,0.0,0
2019-10-08,1,322.5,67.0,11.1,1
2019-10-09,0,0.0,0.0,0.0,0
2019-10-10,0,0.0,0.0,0.0,0
2019-10-11,0,0.0,0.0,0.0,0
2019-10-12,0,0.0,0.0,0.0,0
2019-10-13,0,0.0,0.0,0.0,0
2019-10-14,0,0.0,0.0,0.0,0
2019-10-15,0,0.0,0.0,0.0,0
2019-10-16,0,0.0,0.0,0.0,0
2019-10-17,0,0.0,0.0,0.0,0
2019-10-18,0,0.0,0.0,0.0,0
2019-10-19,0,0.0,0.0,0.0,0
2019-10-20,0,0.0,0.0,0.0,0
2019-10-21,0,0.0,0.0,0.0,0
2019-10-22,0,0.0,0.0,0.0,0
2019-10-23,4,309.375,43.75,10.575,1
2019-10-24,0,0.0,0.0,0.0,0
2019-10-25,0,0.0,0.0,0.0,0
2019-10-26,2,304.25,47.5,11.35,1
2019-10-27,0,0.0,0.0,0.0,0
2019-10-28,0,0.0,0.0,0.0,0
2019-10-29,0,0.0,0.0,0.0,0
2019-10-30,0,0.0,0.0,0.0,0
2019-10-31,3,302.1333333333334,46.333333333333336,17.333333333333332,1
2019-11-01,3,310.8,64.66666666666667,16.3,1
2019-11-02,1,305.3,54.0,5.1,1
2019-11-03,1,308.8,64.0,6.1,1
2019-11-04,9,323.97777777777776,76.77777777777777,30.21111111111111,1
2019-11-05,0,0.0,0.0,0.0,0
2019-11-06,0,0.0,0.0,0.0,0
2019-11-07,1,306.3,68.0,13.1,1
2019-11-08,0,0.0,0.0,0.0,0
2019-11-09,0,0.0,0.0,0.0,0
2019-11-10,0,0.0,0.0,0.0,0
2019-11-11,0,0.0,0.0,0.0,0
2019-11-12,0,0.0,0.0,0.0,0
2019-11-13,0,0.0,0.0,0.0,0
2019-11-14,0,0.0,0.0,0.0,0
2019-11-15,2,301.85,14.5,17.3,1
2019-11-16,0,0.0,0.0,0.0,0
2019-11-17,0,0.0,0.0,0.0,0
2019-11-18,0,0.0,0.0,0.0,0
2019-11-19,3,317.3,65.66666666666667,17.133333333333333,1
2019-11-20,0,0.0,0.0,0.0,0
2019-11-21,0,0.0,0.0,0.0,0
2019-11-22,0,0.0,0.0,0.0,0
2019-11-23,1,303.2,55.0,6.8,1
2019-11-24,0,0.0,0.0,0.0,0
2019-11-25,0,0.0,0.0,0.0,0
2019-11-26,0,0.0,0.0,0.0,0
2019-11-27,0,0.0,0.0,0.0,0
2019-11-28,0,0.0,0.0,0.0,0
2019-11-29,0,0.0,0.0,0.0,0
2019-11-30,0,0.0,0.0,0.0,0
2019-12-01,0,0.0,0.0,0.0,0
2019-12-02,3,303.43333333333334,55.333333333333336,11.466666666666669,1
2019-12-03,0,0.0,0.0,0.0,0
2019-12-04,1,305.5,61.0,6.5,1
2019-12-05,0,0.0,0.0,0.0,0
2019-12-06,3,324.8,80.66666666666667,21.53333333333333,1
2019-12-07,1,308.8,67.0,7.7,1
2019-12-08,0,0.0,0.0,0.0,0
2019-12-09,0,0.0,0.0,0.0,0
2019-12-10,0,0.0,0.0,0.0,0
2019-12-11,0,0.0,0.0,0.0,0
2019-12-12,0,0.0,0.0,0.0,0
2019-12-13,0,0.0,0.0,0.0,0
2019-12-14,2,309.25,66.5,8.05,1
2019-12-15,0,0.0,0.0,0.0,0
2019-12-16,0,0.0,0.0,0.0,0
2019-12-17,0,0.0,0.0,0.0,0
2019-12-18,0,0.0,0.0,0.0,0
2019-12-19,0,0.0,0.0,0.0,0
2019-12-20,0,0.0,0.0,0.0,0
2019-12-21,1,301.7,48.0,5.4,1
2019-12-22,0,0.0,0.0,0.0,0
2019-12-23,0,0.0,0.0,0.0,0
2019-12-24,0,0.0,0.0,0.0,0
2019-12-25,0,0.0,0.0,0.0,0
2019-12-26,0,0.0,0.0,0.0,0
2019-12-27,1,310.0,58.0,11.5,1
2019-12-28,0,0.0,0.0,0.0,0
2019-12-29,0,0.0,0.0,0.0,0
2019-12-30,0,0.0,0.0,0.0,0
2019-12-31,0,0.0,0.0,0.0,0
2020-01-01,0,0.0,0.0,0.0,0
2020-01-02,0,0.0,0.0,0.0,0
2020-01-03,0,0.0,0.0,0.0,0
2020-01-04,0,0.0,0.0,0.0,0
2020-01-05,0,0.0,0.0,0.0,0
2020-01-06,0,0.0,0.0,0.0,0
2020-01-07,0,0.0,0.0,0.0,0
2020-01-08,2,304.65,59.0,5.2,1
2020-01-09,0,0.0,0.0,0.0,0
2020-01-10,0,0.0,0.0,0.0,0
2020-01-11,0,0.0,0.0,0.0,0
2020-01-12,0,0.0,0.0,0.0,0
2020-01-13,0,0.0,0.0,0.0,0
2020-01-14,0,0.0,0.0,0.0,0
2020-01-15,0,0.0,0.0,0.0,0
2020-01-16,0,0.0,0.0,0.0,0
2020-01-17,0,0.0,0.0,0.0,0
2020-01-18,0,0.0,0.0,0.0,0
2020-01-19,0,0.0,0.0,0.0,0
2020-01-20,0,0.0,0.0,0.0,0
2020-01-21,0,0.0,0.0,0.0,0
2020-01-22,0,0.0,0.0,0.0,0
2020-01-23,0,0.0,0.0,0.0,0
2020-01-24,0,0.0,0.0,0.0,0
2020-01-25,0,0.0,0.0,0.0,0
2020-01-26,0,0.0,0.0,0.0,0
2020-01-27,0,0.0,0.0,0.0,0
2020-01-28,2,315.15,70.0,19.25,1
2020-01-29,0,0.0,0.0,0.0,0
2020-01-30,0,0.0,0.0,0.0,0
2020-01-31,0,0.0,0.0,0.0,0
2020-02-01,1,326.2,83.0,27.1,1
2020-02-02,1,306.9,59.0,7.9,1
2020-02-03,0,0.0,0.0,0.0,0
2020-02-04,0,0.0,0.0,0.0,0
2020-02-05,0,0.0,0.0,0.0,0
2020-02-06,6,312.84999999999997,56.166666666666664,14.666666666666666,1
2020-02-07,5,307.91999999999996,63.0,15.38,1
2020-02-08,1,304.0,13.0,3.6,1
2020-02-09,0,0.0,0.0,0.0,0
2020-02-10,0,0.0,0.0,0.0,0
2020-02-11,0,0.0,0.0,0.0,0
2020-02-12,0,0.0,0.0,0.0,0
2020-02-13,0,0.0,0.0,0.0,0
2020-02-14,0,0.0,0.0,0.0,0
2020-02-15,0,0.0,0.0,0.0,0
2020-02-16,0,0.0,0.0,0.0,0
2020-02-17,0,0.0,0.0,0.0,0
2020-02-18,0,0.0,0.0,0.0,0
2020-02-19,0,0.0,0.0,0.0,0
2020-02-20,0,0.0,0.0,0.0,0
2020-02-21,0,0.0,0.0,0.0,0
2020-02-22,0,0.0,0.0,0.0,0
2020-02-23,0,0.0,0.0,0.0,0
2020-02-24,0,0.0,0.0,0.0,0
2020-02-25,1,303.7,54.0,5.7,1
2020-02-26,0,0.0,0.0,0.0,0
2020-02-27,1,300.9,43.0,5.5,1
2020-02-28,0,0.0,0.0,0.0,0
2020-02-29,1,309.3,64.0,11.5,1
2020-03-01,0,0.0,0.0,0.0,0
2020-03-02,0,0.0,0.0,0.0,0
2020-03-03,0,0.0,0.0,0.0,0
2020-03-04,0,0.0,0.0,0.0,0
2020-03-05,3,306.59999999999997,58.666666666666664,7.166666666666667,1
2020-03-06,0,0.0,0.0,0.0,0
2020-03-07,0,0.0,0.0,0.0,0
2020-03-08,0,0.0,0.0,0.0,0
2020-03-09,0,0.0,0.0,0.0,0
2020-03-10,0,0.0,0.0,0.0,0
2020-03-11,0,0.0,0.0,0.0,0
2020-03-12,0,0.0,0.0,0.0,0
2020-03-13,0,0.0,0.0,0.0,0
2020-03-14,0,0.0,0.0,0.0,0
2020-03-15,0,0.0,0.0,0.0,0
2020-03-16,0,0.0,0.0,0.0,0
2020-03-17,0,0.0,0.0,0.0,0
2020-03-18,0,0.0,0.0,0.0,0
2020-03-19,0,0.0,0.0,0.0,0
2020-03-20,0,0.0,0.0,0.0,0
2020-03-21,0,0.0,0.0,0.0,0
2020-03-22,0,0.0,0.0,0.0,0
2020-03-23,0,0.0,0.0,0.0,0
2020-03-24,0,0.0,0.0,0.0,0
2020-03-25,1,315.8,53.0,6.9,1
2020-03-26,0,0.0,0.0,0.0,0
2020-03-27,0,0.0,0.0,0.0,0
2020-03-28,0,0.0,0.0,0.0,0
2020-03-29,0,0.0,0.0,0.0,0
2020-03-30,0,0.0,0.0,0.0,0
2020-03-31,0,0.0,0.0,0.0,0
2020-04-01,0,0.0,0.0,0.0,0
2020-04-02,0,0.0,0.0,0.0,0
2020-04-03,0,0.0,0.0,0.0,0
2020-04-04,0,0.0,0.0,0.0,0
2020-04-05,0,0.0,0.0,0.0,0
2020-04-06,0,0.0,0.0,0.0,0
2020-04-07,0,0.0,0.0,0.0,0
2020-04-08,0,0.0,0.0,0.0,0
2020-04-09,0,0.0,0.0,0.0,0
2020-04-10,0,0.0,0.0,0.0,0
2020-04-11,0,0.0,0.0,0.0,0
2020-04-12,0,0.0,0.0,0.0,0
2020-04-13,0,0.0,0.0,0.0,0
2020-04-14,0,0.0,0.0,0.0,0
2020-04-15,0,0.0,0.0,0.0,0
2020-04-16,0,0.0,0.0,0.0,0
2020-04-17,0,0.0,0.0,0.0,0
2020-04-18,0,0.0,0.0,0.0,0
2020-04-19,1,322.9,71.0,12.6,1
2020-04-20,3,334.43333333333334,82.33333333333333,31.833333333333332,1
2020-04-21,0,0.0,0.0,0.0,0
2020-04-22,0,0.0,0.0,0.0,0
2020-04-23,0,0.0,0.0,0.0,0
2020-04-24,0,0.0,0.0,0.0,0
2020-04-25,0,0.0,0.0,0.0,0
2020-04-26,0,0.0,0.0,0.0,0
2020-04-27,0,0.0,0.0,0.0,0
2020-04-28,0,0.0,0.0,0.0,0
2020-04-29,1,313.0,0.0,7.1,1
2020-04-30,2,315.9,50.0,9.149999999999999,1
2020-05-01,0,0.0,0.0,0.0,0
2020-05-02,1,314.6,53.0,13.1,1
2020-05-03,0,0.0,0.0,0.0,0
2020-05-04,0,0.0,0.0,0.0,0
2020-05-05,0,0.0,0.0,0.0,0
2020-05-06,0,0.0,0.0,0.0,0
2020-05-07,0,0.0,0.0,0.0,0
2020-05-08,0,0.0,0.0,0.0,0
2020-05-09,0,0.0,0.0,0.0,0
2020-05-10,0,0.0,0.0,0.0,0
2020-05-11,0,0.0,0.0,0.0,0
2020-05-12,0,0.0,0.0,0.0,0
2020-05-13,0,0.0,0.0,0.0,0
2020-05-14,2,329.2,77.0,19.15,1
2020-05-15,0,0.0,0.0,0.0,0
2020-05-16,0,0.0,0.0,0.0,0
2020-05-17,0,0.0,0.0,0.0,0
2020-05-18,2,316.3,51.0,15.05,1
2020-05-19,0,0.0,0.0,0.0,0
2020-05-20,0,0.0,0.0,0.0,0
2020-05-21,0,0.0,0.0,0.0,0
2020-05-22,0,0.0,0.0,0.0,0
2020-05-23,0,0.0,0.0,0.0,0
2020-05-24,0,0.0,0.0,0.0,0
2020-05-25,0,0.0,0.0,0.0,0
2020-05-26,4,317.475,64.75,29.200000000000003,1
2020-05-27,0,0.0,0.0,0.0,0
2020-05-28,0,0.0,0.0,0.0,0
2020-05-29,0,0.0,0.0,0.0,0
2020-05-30,0,0.0,0.0,0.0,0
2020-05-31,0,0.0,0.0,0.0,0
2020-06-01,0,0.0,0.0,0.0,0
2020-06-02,0,0.0,0.0,0.0,0
2020-06-03,0,0.0,0.0,0.0,0
2020-06-04,0,0.0,0.0,0.0,0
2020-06-05,0,0.0,0.0,0.0,0
2020-06-06,0,0.0,0.0,0.0,0
2020-06-07,1,323.5,69.0,10.1,1
2020-06-08,0,0.0,0.0,0.0,0
2020-06-09,0,0.0,0.0,0.0,0
2020-06-10,0,0.0,0.0,0.0,0
2020-06-11,0,0.0,0.0,0.0,0
2020-06-12,0,0.0,0.0,0.0,0
2020-06-13,0,0.0,0.0,0.0,0
2020-06-14,0,0.0,0.0,0.0,0
2020-06-15,0,0.0,0.0,0.0,0
2020-06-16,0,0.0,0.0,0.0,0
2020-06-17,0,0.0,0.0,0.0,0
2020-06-18,0,0.0,0.0,0.0,0
2020-06-19,0,0.0,0.0,0.0,0
2020-06-20,0,0.0,0.0,0.0,0
2020-06-21,0,0.0,0.0,0.0,0
2020-06-22,0,0.0,0.0,0.0,0
2020-06-23,0,0.0,0.0,0.0,0
2020-06-24,0,0.0,0.0,0.0,0
2020-06-25,0,0.0,0.0,0.0,0
2020-06-26,0,0.0,0.0,0.0,0
2020-06-27,0,0.0,0.0,0.0,0
2020-06-28,0,0.0,0.0,0.0,0
2020-06-29,0,0.0,0.0,0.0,0
2020-06-30,0,0.0,0.0,0.0,0
2020-07-01,0,0.0,0.0,0.0,0
2020-07-02,0,0.0,0.0,0.0,0
2020-07-03,0,0.0,0.0,0.0,0
2020-07-04,0,0.0,0.0,0.0,0
2020-07-05,0,0.0,0.0,0.0,0
2020-07-06,0,0.0,0.0,0.0,0
2020-07-07,0,0.0,0.0,0.0,0
2020-07-08,0,0.0,0.0,0.0,0
2020-07-09,0,0.0,0.0,0.0,0
2020-07-10,0,0.0,0.0,0.0,0
2020-07-11,0,0.0,0.0,0.0,0
2020-07-12,0,0.0,0.0,0.0,0
2020-07-13,0,0.0,0.0,0.0,0
2020-07-14,0,0.0,0.0,0.0,0
2020-07-15,0,0.0,0.0,0.0,0
2020-07-16,0,0.0,0.0,0.0,0
2020-07-17,0,0.0,0.0,0.0,0
2020-07-18,0,0.0,0.0,0.0,0
2020-07-19,0,0.0,0.0,0.0,0
2020-07-20,0,0.0,0.0,0.0,0
2020-07-21,0,0.0,0.0,0.0,0
2020-07-22,0,0.0,0.0,0.0,0
2020-07-23,0,0.0,0.0,0.0,0
2020-07-24,0,0.0,0.0,0.0,0
2020-07-25,0,0.0,0.0,0.0,0
2020-07-26,0,0.0,0.0,0.0,0
2020-07-27,0,0.0,0.0,0.0,0
2020-07-28,0,0.0,0.0,0.0,0
2020-07-29,0,0.0,0.0,0.0,0
2020-07-30,0,0.0,0.0,0.0,0
2020-07-31,0,0.0,0.0,0.0,0
2020-08-01,0,0.0,0.0,0.0,0
2020-08-02,0,0.0,0.0,0.0,0
2020-08-03,0,0.0,0.0,0.0,0
2020-08-04,0,0.0,0.0,0.0,0
2020-08-05,0,0.0,0.0,0.0,0
2020-08-06,0,0.0,0.0,0.0,0
2020-08-07,0,0.0,0.0,0.0,0
2020-08-08,0,0.0,0.0,0.0,0
2020-08-09,0,0.0,0.0,0.0,0
2020-08-10,0,0.0,0.0,0.0,0
2020-08-11,1,333.9,77.0,26.0,1
2020-08-12,1,329.4,66.0,20.8,1
2020-08-13,0,0.0,0.0,0.0,0
2020-08-14,0,0.0,0.0,0.0,0
2020-08-15,0,0.0,0.0,0.0,0
2020-08-16,0,0.0,0.0,0.0,0
2020-08-17,0,0.0,0.0,0.0,0
2020-08-18,0,0.0,0.0,0.0,0
2020-08-19,0,0.0,0.0,0.0,0
2020-08-20,0,0.0,0.0,0.0,0
2020-08-21,0,0.0,0.0,0.0,0
2020-08-22,0,0.0,0.0,0.0,0
2020-08-23,0,0.0,0.0,0.0,0
2020-08-24,0,0.0,0.0,0.0,0
2020-08-25,0,0.0,0.0,0.0,0
2020-08-26,0,0.0,0.0,0.0,0
2020-08-27,0,0.0,0.0,0.0,0
2020-08-28,0,0.0,0.0,0.0,0
2020-08-29,0,0.0,0.0,0.0,0
2020-08-30,0,0.0,0.0,0.0,0
2020-08-31,0,0.0,0.0,0.0,0
2020-09-01,0,0.0,0.0,0.0,0
2020-09-02,0,0.0,0.0,0.0,0
2020-09-03,0,0.0,0.0,0.0,0
2020-09-04,0,0.0,0.0,0.0,0
2020-09-05,0,0.0,0.0,0.0,0
2020-09-06,0,0.0,0.0,0.0,0
2020-09-07,0,0.0,0.0,0.0,0
2020-09-08,0,0.0,0.0,0.0,0
2020-09-09,0,0.0,0.0,0.0,0
2020-09-10,0,0.0,0.0,0.0,0
2020-09-11,1,310.3,49.0,4.6,1
2020-09-12,2,315.5,61.0,22.1,1
2020-09-13,0,0.0,0.0,0.0,0
2020-09-14,1,309.8,51.0,18.3,1
2020-09-15,0,0.0,0.0,0.0,0
2020-09-16,0,0.0,0.0,0.0,0
2020-09-17,0,0.0,0.0,0.0,0
2020-09-18,0,0.0,0.0,0.0,0
2020-09-19,0,0.0,0.0,0.0,0
2020-09-20,2,319.15,50.0,13.75,1
2020-09-21,0,0.0,0.0,0.0,0
2020-09-22,0,0.0,0.0,0.0,0
2020-09-23,0,0.0,0.0,0.0,0
2020-09-24,0,0.0,0.0,0.0,0
2020-09-25,0,0.0,0.0,0.0,0
2020-09-26,0,0.0,0.0,0.0,0
2020-09-27,0,0.0,0.0,0.0,0
2020-09-28,0,0.0,0.0,0.0,0
2020-09-29,0,0.0,0.0,0.0,0
2020-09-30,0,0.0,0.0,0.0,0
2020-10-01,0,0.0,0.0,0.0,0
2020-10-02,0,0.0,0.0,0.0,0
2020-10-03,0,0.0,0.0,0.0,0
2020-10-04,0,0.0,0.0,0.0,0
2020-10-05,0,0.0,0.0,0.0,0
2020-10-06,0,0.0,0.0,0.0,0
2020-10-07,0,0.0,0.0,0.0,0
2020-10-08,0,0.0,0.0,0.0,0
2020-10-09,0,0.0,0.0,0.0,0
2020-10-10,0,0.0,0.0,0.0,0
2020-10-11,0,0.0,0.0,0.0,0
2020-10-12,0,0.0,0.0,0.0,0
2020-10-13,1,317.1,48.0,6.2,1
2020-10-14,0,0.0,0.0,0.0,0
2020-10-15,0,0.0,0.0,0.0,0
2020-10-16,0,0.0,0.0,0.0,0
2020-10-17,0,0.0,0.0,0.0,0
2020-10-18,1,341.2,90.0,64.5,1
2020-10-19,0,0.0,0.0,0.0,0
2020-10-20,0,0.0,0.0,0.0,0
2020-10-21,0,0.0,0.0,0.0,0
2020-10-22,0,0.0,0.0,0.0,0
2020-10-23,0,0.0,0.0,0.0,0
2020-10-24,0,0.0,0.0,0.0,0
2020-10-25,0,0.0,0.0,0.0,0
2020-10-26,0,0.0,0.0,0.0,0
2020-10-27,0,0.0,0.0,0.0,0
2020-10-28,0,0.0,0.0,0.0,0
2020-10-29,0,0.0,0.0,0.0,0
2020-10-30,0,0.0,0.0,0.0,0
2020-10-31,0,0.0,0.0,0.0,0
2020-11-01,0,0.0,0.0,0.0,0
2020-11-02,0,0.0,0.0,0.0,0
2020-11-03,0,0.0,0.0,0.0,0
2020-11-04,0,0.0,0.0,0.0,0
2020-11-05,0,0.0,0.0,0.0,0
2020-11-06,0,0.0,0.0,0.0,0
2020-11-07,0,0.0,0.0,0.0,0
2020-11-08,0,0.0,0.0,0.0,0
2020-11-09,0,0.0,0.0,0.0,0
2020-11-10,0,0.0,0.0,0.0,0
2020-11-11,0,0.0,0.0,0.0,0
2020-11-12,0,0.0,0.0,0.0,0
2020-11-13,0,0.0,0.0,0.0,0
2020-11-14,0,0.0,0.0,0.0,0
2020-11-15,0,0.0,0.0,0.0,0
2020-11-16,0,0.0,0.0,0.0,0
2020-11-17,0,0.0,0.0,0.0,0
2020-11-18,0,0.0,0.0,0.0,0
2020-11-19,0,0.0,0.0,0.0,0
2020-11-20,0,0.0,0.0,0.0,0
2020-11-21,0,0.0,0.0,0.0,0
2020-11-22,0,0.0,0.0,0.0,0
2020-11-23,0,0.0,0.0,0.0,0
2020-11-24,0,0.0,0.0,0.0,0
2020-11-25,0,0.0,0.0,0.0,0
2020-11-26,0,0.0,0.0,0.0,0
2020-11-27,0,0.0,0.0,0.0,0
2020-11-28,0,0.0,0.0,0.0,0
2020-11-29,0,0.0,0.0,0.0,0
2020-11-30,0,0.0,0.0,0.0,0
2020-12-01,0,0.0,0.0,0.0,0
2020-12-02,0,0.0,0.0,0.0,0
2020-12-03,0,0.0,0.0,0.0,0
2020-12-04,0,0.0,0.0,0.0,0
2020-12-05,0,0.0,0.0,0.0,0
2020-12-06,0,0.0,0.0,0.0,0
2020-12-07,1,303.5,56.0,4.6,1
2020-12-08,0,0.0,0.0,0.0,0
2020-12-09,0,0.0,0.0,0.0,0
2020-12-10,11,332.1272727272727,74.54545454545455,84.51818181818182,1
2020-12-11,0,0.0,0.0,0.0,0
2020-12-12,0,0.0,0.0,0.0,0
2020-12-13,0,0.0,0.0,0.0,0
2020-12-14,0,0.0,0.0,0.0,0
2020-12-15,0,0.0,0.0,0.0,0
2020-12-16,3,308.59999999999997,65.66666666666667,75.03333333333335,1
2020-12-17,2,311.85,71.0,12.350000000000001,1
2020-12-18,0,0.0,0.0,0.0,0
2020-12-19,0,0.0,0.0,0.0,0
2020-12-20,1,300.5,38.0,8.1,1
2020-12-21,0,0.0,0.0,0.0,0
2020-12-22,0,0.0,0.0,0.0,0
2020-12-23,0,0.0,0.0,0.0,0
2020-12-24,0,0.0,0.0,0.0,0
2020-12-25,0,0.0,0.0,0.0,0
2020-12-26,0,0.0,0.0,0.0,0
2020-12-27,0,0.0,0.0,0.0,0
2020-12-28,0,0.0,0.0,0.0,0
2020-12-29,0,0.0,0.0,0.0,0
2020-12-30,0,0.0,0.0,0.0,0
2020-12-31,0,0.0,0.0,0.0,0
2021-01-01,0,0.0,0.0,0.0,0
2021-01-02,0,0.0,0.0,0.0,0
2021-01-03,0,0.0,0.0,0.0,0
2021-01-04,2,309.45,67.0,19.55,1
2021-01-05,0,0.0,0.0,0.0,0
2021-01-06,1,303.0,42.0,9.4,1
2021-01-07,0,0.0,0.0,0.0,0
2021-01-08,2,302.75,53.5,6.85,1
2021-01-09,0,0.0,0.0,0.0,0
2021-01-10,0,0.0,0.0,0.0,0
2021-01-11,1,308.6,67.0,15.8,1
2021-01-12,3,309.8,67.66666666666667,21.833333333333332,1
2021-01-13,6,304.76666666666665,50.333333333333336,16.95,1
2021-01-14,0,0.0,0.0,0.0,0
2021-01-15,0,0.0,0.0,0.0,0
2021-01-16,1,310.2,69.0,7.5,1
2021-01-17,0,0.0,0.0,0.0,0
2021-01-18,0,0.0,0.0,0.0,0
2021-01-19,0,0.0,0.0,0.0,0
2021-01-20,0,0.0,0.0,0.0,0
2021-01-21,0,0.0,0.0,0.0,0
2021-01-22,0,0.0,0.0,0.0,0
2021-01-23,0,0.0,0.0,0.0,0
2021-01-24,0,0.0,0.0,0.0,0
2021-01-25,0,0.0,0.0,0.0,0
2021-01-26,7,311.5285714285714,65.14285714285714,33.92857142857143,1
2021-01-27,3,320.09999999999997,78.33333333333333,23.733333333333334,1
2021-01-28,0,0.0,0.0,0.0,0
2021-01-29,4,307.125,52.25,17.975,1
2021-01-30,3,308.3,47.666666666666664,8.0,1
2021-01-31,0,0.0,0.0,0.0,0
2021-02-01,0,0.0,0.0,0.0,0
2021-02-02,0,0.0,0.0,0.0,0
2021-02-03,0,0.0,0.0,0.0,0
2021-02-04,0,0.0,0.0,0.0,0
2021-02-05,0,0.0,0.0,0.0,0
2021-02-06,0,0.0,0.0,0.0,0
2021-02-07,0,0.0,0.0,0.0,0
2021-02-08,0,0.0,0.0,0.0,0
2021-02-09,0,0.0,0.0,0.0,0
2021-02-10,0,0.0,0.0,0.0,0
2021-02-11,0,0.0,0.0,0.0,0
2021-02-12,0,0.0,0.0,0.0,0
2021-02-13,0,0.0,0.0,0.0,0
2021-02-14,0,0.0,0.0,0.0,0
2021-02-15,0,0.0,0.0,0.0,0
2021-02-16,0,0.0,0.0,0.0,0
2021-02-17,0,0.0,0.0,0.0,0
2021-02-18,0,0.0,0.0,0.0,0
2021-02-19,0,0.0,0.0,0.0,0
2021-02-20,0,0.0,0.0,0.0,0
2021-02-21,0,0.0,0.0,0.0,0
2021-02-22,0,0.0,0.0,0.0,0
2021-02-23,0,0.0,0.0,0.0,0
2021-02-24,0,0.0,0.0,0.0,0
2021-02-25,0,0.0,0.0,0.0,0
2021-02-26,0,0.0,0.0,0.0,0
2021-02-27,0,0.0,0.0,0.0,0
2021-02-28,0,0.0,0.0,0.0,0
2021-03-01,0,0.0,0.0,0.0,0
2021-03-02,2,304.04999999999995,20.0,11.55,1
2021-03-03,2,317.1,68.5,15.85,1
2021-03-04,2,310.29999999999995,62.5,38.1,1
2021-03-05,0,0.0,0.0,0.0,0
2021-03-06,0,0.0,0.0,0.0,0
2021-03-07,1,313.7,63.0,6.6,1
2021-03-08,0,0.0,0.0,0.0,0
2021-03-09,0,0.0,0.0,0.0,0
2021-03-10,0,0.0,0.0,0.0,0
2021-03-11,0,0.0,0.0,0.0,0
2021-03-12,0,0.0,0.0,0.0,0
2021-03-13,0,0.0,0.0,0.0,0
2021-03-14,0,0.0,0.0,0.0,0
2021-03-15,3,312.1333333333334,51.666666666666664,4.966666666666667,1
2021-03-16,0,0.0,0.0,0.0,0
2021-03-17,0,0.0,0.0,0.0,0
2021-03-18,0,0.0,0.0,0.0,0
2021-03-19,1,310.8,53.0,6.8,1
2021-03-20,0,0.0,0.0,0.0,0
2021-03-21,0,0.0,0.0,0.0,0
2021-03-22,0,0.0,0.0,0.0,0
2021-03-23,3,316.09999999999997,63.666666666666664,8.700000000000001,1
2021-03-24,0,0.0,0.0,0.0,0
2021-03-25,2,310.54999999999995,59.0,10.65,1
2021-03-26,1,309.5,48.0,11.5,1
2021-03-27,0,0.0,0.0,0.0,0
2021-03-28,0,0.0,0.0,0.0,0
2021-03-29,2,327.45000000000005,81.0,21.1,1
2021-03-30,0,0.0,0.0,0.0,0
2021-03-31,0,0.0,0.0,0.0,0
2021-04-01,0,0.0,0.0,0.0,0
2021-04-02,0,0.0,0.0,0.0,0
2021-04-03,0,0.0,0.0,0.0,0
2021-04-04,0,0.0,0.0,0.0,0
2021-04-05,1,309.5,45.0,6.0,1
2021-04-06,0,0.0,0.0,0.0,0
2021-04-07,0,0.0,0.0,0.0,0
2021-04-08,0,0.0,0.0,0.0,0
2021-04-09,0,0.0,0.0,0.0,0
2021-04-10,0,0.0,0.0,0.0,0
2021-04-11,0,0.0,0.0,0.0,0
2021-04-12,0,0.0,0.0,0.0,0
2021-04-13,0,0.0,0.0,0.0,0
2021-04-14,0,0.0,0.0,0.0,0
2021-04-15,0,0.0,0.0,0.0,0
2021-04-16,0,0.0,0.0,0.0,0
2021-04-17,0,0.0,0.0,0.0,0
2021-04-18,1,314.0,64.0,20.7,1
2021-04-19,0,0.0,0.0,0.0,0
2021-04-20,0,0.0,0.0,0.0,0
2021-04-21,0,0.0,0.0,0.0,0
2021-04-22,0,0.0,0.0,0.0,0
2021-04-23,0,0.0,0.0,0.0,0
2021-04-24,0,0.0,0.0,0.0,0
2021-04-25,0,0.0,0.0,0.0,0
2021-04-26,0,0.0,0.0,0.0,0
2021-04-27,0,0.0,0.0,0.0,0
2021-04-28,0,0.0,0.0,0.0,0
2021-04-29,0,0.0,0.0,0.0,0
2021-04-30,0,0.0,0.0,0.0,0
2021-05-01,0,0.0,0.0,0.0,0
2021-05-02,2,326.79999999999995,79.5,21.450000000000003,1
2021-05-03,0,0.0,0.0,0.0,0
2021-05-04,0,0.0,0.0,0.0,0
2021-05-05,0,0.0,0.0,0.0,0
2021-05-06,0,0.0,0.0,0.0,0
2021-05-07,0,0.0,0.0,0.0,0
2021-05-08,0,0.0,0.0,0.0,0
2021-05-09,0,0.0,0.0,0.0,0
2021-05-10,0,0.0,0.0,0.0,0
2021-05-11,0,0.0,0.0,0.0,0
2021-05-12,0,0.0,0.0,0.0,0
2021-05-13,0,0.0,0.0,0.0,0
2021-05-14,0,0.0,0.0,0.0,0
2021-05-15,0,0.0,0.0,0.0,0
2021-05-16,0,0.0,0.0,0.0,0
2021-05-17,0,0.0,0.0,0.0,0
2021-05-18,0,0.0,0.0,0.0,0
2021-05-19,0,0.0,0.0,0.0,0
2021-05-20,0,0.0,0.0,0.0,0
2021-05-21,0,0.0,0.0,0.0,0
2021-05-22,0,0.0,0.0,0.0,0
2021-05-23,0,0.0,0.0,0.0,0
2021-05-24,0,0.0,0.0,0.0,0
2021-05-25,0,0.0,0.0,0.0,0
2021-05-26,0,0.0,0.0,0.0,0
2021-05-27,0,0.0,0.0,0.0,0
2021-05-28,0,0.0,0.0,0.0,0
2021-05-29,0,0.0,0.0,0.0,0
2021-05-30,0,0.0,0.0,0.0,0
2021-05-31,0,0.0,0.0,0.0,0
2021-06-01,0,0.0,0.0,0.0,0
2021-06-02,0,0.0,0.0,0.0,0
2021-06-03,0,0.0,0.0,0.0,0
2021-06-04,0,0.0,0.0,0.0,0
2021-06-05,0,0.0,0.0,0.0,0
2021-06-06,0,0.0,0.0,0.0,0
2021-06-07,0,0.0,0.0,0.0,0
2021-06-08,0,0.0,0.0,0.0,0
2021-06-09,0,0.0,0.0,0.0,0
2021-06-10,0,0.0,0.0,0.0,0
2021-06-11,0,0.0,0.0,0.0,0
2021-06-12,0,0.0,0.0,0.0,0
2021-06-13,0,0.0,0.0,0.0,0
2021-06-14,0,0.0,0.0,0.0,0
2021-06-15,0,0.0,0.0,0.0,0
2021-06-16,0,0.0,0.0,0.0,0
2021-06-17,0,0.0,0.0,0.0,0
2021-06-18,0,0.0,0.0,0.0,0
2021-06-19,0,0.0,0.0,0.0,0
2021-06-20,0,0.0,0.0,0.0,0
2021-06-21,0,0.0,0.0,0.0,0
2021-06-22,1,323.2,73.0,43.4,1
2021-06-23,0,0.0,0.0,0.0,0
2021-06-24,0,0.0,0.0,0.0,0
2021-06-25,0,0.0,0.0,0.0,0
2021-06-26,0,0.0,0.0,0.0,0
2021-06-27,0,0.0,0.0,0.0,0
2021-06-28,0,0.0,0.0,0.0,0
2021-06-29,0,0.0,0.0,0.0,0
2021-06-30,0,0.0,0.0,0.0,0
2021-07-01,0,0.0,0.0,0.0,0
2021-07-02,0,0.0,0.0,0.0,0
2021-07-03,0,0.0,0.0,0.0,0
2021-07-04,0,0.0,0.0,0.0,0
2021-07-05,0,0.0,0.0,0.0,0
2021-07-06,0,0.0,0.0,0.0,0
2021-07-07,0,0.0,0.0,0.0,0
2021-07-08,0,0.0,0.0,0.0,0
2021-07-09,0,0.0,0.0,0.0,0
2021-07-10,0,0.0,0.0,0.0,0
2021-07-11,0,0.0,0.0,0.0,0
2021-07-12,0,0.0,0.0,0.0,0
2021-07-13,0,0.0,0.0,0.0,0
2021-07-14,0,0.0,0.0,0.0,0
2021-07-15,1,316.3,64.0,17.9,1
2021-07-16,0,0.0,0.0,0.0,0
2021-07-17,0,0.0,0.0,0.0,0
2021-07-18,0,0.0,0.0,0.0,0
2021-07-19,1,311.2,40.0,37.4,1
2021-07-20,1,318.0,64.0,7.8,1
2021-07-21,0,0.0,0.0,0.0,0
2021-07-22,0,0.0,0.0,0.0,0
2021-07-23,0,0.0,0.0,0.0,0
2021-07-24,0,0.0,0.0,0.0,0
2021-07-25,0,0.0,0.0,0.0,0
2021-07-26,0,0.0,0.0,0.0,0
2021-07-27,0,0.0,0.0,0.0,0
2021-07-28,0,0.0,0.0,0.0,0
2021-07-29,0,0.0,0.0,0.0,0
2021-07-30,0,0.0,0.0,0.0,0
2021-07-31,0,0.0,0.0,0.0,0
2021-08-01,0,0.0,0.0,0.0,0
2021-08-02,0,0.0,0.0,0.0,0
2021-08-03,3,314.53333333333336,54.666666666666664,25.433333333333334,1
2021-08-04,0,0.0,0.0,0.0,0
2021-08-05,0,0.0,0.0,0.0,0
2021-08-06,0,0.0,0.0,0.0,0
2021-08-07,0,0.0,0.0,0.0,0
2021-08-08,0,0.0,0.0,0.0,0
2021-08-09,0,0.0,0.0,0.0,0
2021-08-10,2,330.1,76.5,25.549999999999997,1
2021-08-11,0,0.0,0.0,0.0,0
2021-08-12,1,323.1,63.0,9.1,1
2021-08-13,0,0.0,0.0,0.0,0
2021-08-14,0,0.0,0.0,0.0,0
2021-08-15,0,0.0,0.0,0.0,0
2021-08-16,0,0.0,0.0,0.0,0
2021-08-17,0,0.0,0.0,0.0,0
2021-08-18,0,0.0,0.0,0.0,0
2021-08-19,1,318.3,33.0,4.8,1
2021-08-20,0,0.0,0.0,0.0,0
2021-08-21,0,0.0,0.0,0.0,0
2021-08-22,0,0.0,0.0,0.0,0
2021-08-23,0,0.0,0.0,0.0,0
2021-08-24,0,0.0,0.0,0.0,0
2021-08-25,0,0.0,0.0,0.0,0
2021-08-26,0,0.0,0.0,0.0,0
2021-08-27,0,0.0,0.0,0.0,0
2021-08-28,0,0.0,0.0,0.0,0
2021-08-29,0,0.0,0.0,0.0,0
2021-08-30,0,0.0,0.0,0.0,0
2021-08-31,0,0.0,0.0,0.0,0
2021-09-01,0,0.0,0.0,0.0,0
2021-09-02,0,0.0,0.0,0.0,0
2021-09-03,0,0.0,0.0,0.0,0
2021-09-04,0,0.0,0.0,0.0,0
2021-09-05,0,0.0,0.0,0.0,0
2021-09-06,0,0.0,0.0,0.0,0
2021-09-07,0,0.0,0.0,0.0,0
2021-09-08,2,319.04999999999995,62.0,24.7,1
2021-09-09,0,0.0,0.0,0.0,0
2021-09-10,0,0.0,0.0,0.0,0
2021-09-11,0,0.0,0.0,0.0,0
2021-09-12,0,0.0,0.0,0.0,0
2021-09-13,0,0.0,0.0,0.0,0
2021-09-14,1,314.1,32.0,3.5,1
2021-09-15,0,0.0,0.0,0.0,0
2021-09-16,0,0.0,0.0,0.0,0
2021-09-17,0,0.0,0.0,0.0,0
2021-09-18,0,0.0,0.0,0.0,0
2021-09-19,0,0.0,0.0,0.0,0
2021-09-20,0,0.0,0.0,0.0,0
2021-09-21,0,0.0,0.0,0.0,0
2021-09-22,0,0.0,0.0,0.0,0
2021-09-23,0,0.0,0.0,0.0,0
2021-09-24,0,0.0,0.0,0.0,0
2021-09-25,0,0.0,0.0,0.0,0
2021-09-26,0,0.0,0.0,0.0,0
2021-09-27,0,0.0,0.0,0.0,0
2021-09-28,0,0.0,0.0,0.0,0
2021-09-29,2,322.0,73.5,13.25,1
2021-09-30,0,0.0,0.0,0.0,0
2021-10-01,0,0.0,0.0,0.0,0
2021-10-02,0,0.0,0.0,0.0,0
2021-10-03,0,0.0,0.0,0.0,0
2021-10-04,0,0.0,0.0,0.0,0
2021-10-05,0,0.0,0.0,0.0,0
2021-10-06,0,0.0,0.0,0.0,0
2021-10-07,1,315.7,57.0,5.7,1
2021-10-08,0,0.0,0.0,0.0,0
2021-10-09,0,0.0,0.0,0.0,0
2021-10-10,0,0.0,0.0,0.0,0
2021-10-11,0,0.0,0.0,0.0,0
2021-10-12,0,0.0,0.0,0.0,0
2021-10-13,0,0.0,0.0,0.0,0
2021-10-14,0,0.0,0.0,0.0,0
2021-10-15,0,0.0,0.0,0.0,0
2021-10-16,0,0.0,0.0,0.0,0
2021-10-17,0,0.0,0.0,0.0,0
2021-10-18,1,312.4,67.0,10.2,1
2021-10-19,1,305.5,33.0,6.7,1
2021-10-20,0,0.0,0.0,0.0,0
2021-10-21,0,0.0,0.0,0.0,0
2021-10-22,0,0.0,0.0,0.0,0
2021-10-23,0,0.0,0.0,0.0,0
2021-10-24,0,0.0,0.0,0.0,0
2021-10-25,0,0.0,0.0,0.0,0
2021-10-26,0,0.0,0.0,0.0,0
2021-10-27,0,0.0,0.0,0.0,0
2021-10-28,0,0.0,0.0,0.0,0
2021-10-29,0,0.0,0.0,0.0,0
2021-10-30,1,311.8,64.0,8.4,1
2021-10-31,0,0.0,0.0,0.0,0
2021-11-01,2,312.1,63.5,6.95,1
2021-11-02,0,0.0,0.0,0.0,0
2021-11-03,0,0.0,0.0,0.0,0
2021-11-04,0,0.0,0.0,0.0,0
2021-11-05,0,0.0,0.0,0.0,0
2021-11-06,1,301.4,47.0,5.6,1
2021-11-07,0,0.0,0.0,0.0,0
2021-11-08,0,0.0,0.0,0.0,0
2021-11-09,0,0.0,0.0,0.0,0
2021-11-10,0,0.0,0.0,0.0,0
2021-11-11,0,0.0,0.0,0.0,0
2021-11-12,0,0.0,0.0,0.0,0
2021-11-13,0,0.0,0.0,0.0,0
2021-11-14,0,0.0,0.0,0.0,0
2021-11-15,0,0.0,0.0,0.0,0
2021-11-16,1,312.5,36.0,7.4,1
2021-11-17,0,0.0,0.0,0.0,0
2021-11-18,0,0.0,0.0,0.0,0
2021-11-19,2,305.8,51.0,7.65,1
2021-11-20,0,0.0,0.0,0.0,0
2021-11-21,0,0.0,0.0,0.0,0
2021-11-22,0,0.0,0.0,0.0,0
2021-11-23,0,0.0,0.0,0.0,0
2021-11-24,0,0.0,0.0,0.0,0
2021-11-25,0,0.0,0.0,0.0,0
2021-11-26,0,0.0,0.0,0.0,0
2021-11-27,0,0.0,0.0,0.0,0
2021-11-28,0,0.0,0.0,0.0,0
2021-11-29,1,303.1,41.0,9.3,1
2021-11-30,0,0.0,0.0,0.0,0
2021-12-01,0,0.0,0.0,0.0,0
2021-12-02,0,0.0,0.0,0.0,0
2021-12-03,0,0.0,0.0,0.0,0
2021-12-04,0,0.0,0.0,0.0,0
2021-12-05,0,0.0,0.0,0.0,0
2021-12-06,0,0.0,0.0,0.0,0
2021-12-07,0,0.0,0.0,0.0,0
2021-12-08,0,0.0,0.0,0.0,0
2021-12-09,0,0.0,0.0,0.0,0
2021-12-10,0,0.0,0.0,0.0,0
2021-12-11,0,0.0,0.0,0.0,0
2021-12-12,0,0.0,0.0,0.0,0
2021-12-13,0,0.0,0.0,0.0,0
2021-12-14,0,0.0,0.0,0.0,0
2021-12-15,0,0.0,0.0,0.0,0
2021-12-16,0,0.0,0.0,0.0,0
2021-12-17,0,0.0,0.0,0.0,0
2021-12-18,0,0.0,0.0,0.0,0
2021-12-19,0,0.0,0.0,0.0,0
2021-12-20,1,302.5,53.0,7.1,1
2021-12-21,1,304.7,60.0,9.4,1
2021-12-22,0,0.0,0.0,0.0,0
2021-12-23,0,0.0,0.0,0.0,0
2021-12-24,0,0.0,0.0,0.0,0
2021-12-25,0,0.0,0.0,0.0,0
2021-12-26,0,0.0,0.0,0.0,0
2021-12-27,0,0.0,0.0,0.0,0
2021-12-28,0,0.0,0.0,0.0,0
2021-12-29,0,0.0,0.0,0.0,0
2021-12-30,0,0.0,0.0,0.0,0
2021-12-31,0,0.0,0.0,0.0,0
2022-01-01,0,0.0,0.0,0.0,0
2022-01-02,0,0.0,0.0,0.0,0
2022-01-03,0,0.0,0.0,0.0,0
2022-01-04,1,310.7,70.0,10.4,1
2022-01-05,2,317.65,72.0,17.25,1
2022-01-06,0,0.0,0.0,0.0,0
2022-01-07,0,0.0,0.0,0.0,0
2022-01-08,0,0.0,0.0,0.0,0
2022-01-09,0,0.0,0.0,0.0,0
2022-01-10,0,0.0,0.0,0.0,0
2022-01-11,0,0.0,0.0,0.0,0
2022-01-12,4,305.4,60.75,5.0,1
2022-01-13,0,0.0,0.0,0.0,0
2022-01-14,1,307.5,59.0,10.7,1
2022-01-15,0,0.0,0.0,0.0,0
2022-01-16,4,317.125,73.5,50.325,1
2022-01-17,5,320.28000000000003,68.2,23.880000000000003,1
2022-01-18,4,308.3,61.25,9.625,1
2022-01-19,1,309.3,47.0,10.8,1
2022-01-20,0,0.0,0.0,0.0,0
2022-01-21,0,0.0,0.0,0.0,0
2022-01-22,1,300.3,34.0,6.2,1
2022-01-23,0,0.0,0.0,0.0,0
2022-01-24,0,0.0,0.0,0.0,0
2022-01-25,0,0.0,0.0,0.0,0
2022-01-26,0,0.0,0.0,0.0,0
2022-01-27,0,0.0,0.0,0.0,0
2022-01-28,1,300.0,22.0,2.8,1
2022-01-29,1,305.6,62.0,7.5,1
2022-01-30,0,0.0,0.0,0.0,0
2022-01-31,0,0.0,0.0,0.0,0
2022-02-01,0,0.0,0.0,0.0,0
2022-02-02,0,0.0,0.0,0.0,0
2022-02-03,0,0.0,0.0,0.0,0
2022-02-04,0,0.0,0.0,0.0,0
2022-02-05,1,310.5,70.0,12.4,1
2022-02-06,1,302.2,51.0,5.6,1
2022-02-07,1,303.7,57.0,9.1,1
2022-02-08,4,305.75,59.25,15.225,1
2022-02-09,0,0.0,0.0,0.0,0
2022-02-10,0,0.0,0.0,0.0,0
2022-02-11,0,0.0,0.0,0.0,0
2022-02-12,0,0.0,0.0,0.0,0
2022-02-13,0,0.0,0.0,0.0,0
2022-02-14,0,0.0,0.0,0.0,0
2022-02-15,0,0.0,0.0,0.0,0
2022-02-16,0,0.0,0.0,0.0,0
2022-02-17,0,0.0,0.0,0.0,0
2022-02-18,0,0.0,0.0,0.0,0
2022-02-19,4,319.25,62.25,19.4,1
2022-02-20,0,0.0,0.0,0.0,0
2022-02-21,0,0.0,0.0,0.0,0
2022-02-22,0,0.0,0.0,0.0,0
2022-02-23,0,0.0,0.0,0.0,0
2022-02-24,0,0.0,0.0,0.0,0
2022-02-25,0,0.0,0.0,0.0,0
2022-02-26,0,0.0,0.0,0.0,0
2022-02-27,0,0.0,0.0,0.0,0
2022-02-28,3,311.6666666666667,64.33333333333333,36.300000000000004,1
2022-03-01,2,326.65,73.5,25.05,1
2022-03-02,1,309.0,39.0,6.5,1
2022-03-03,1,315.2,67.0,14.0,1
2022-03-04,0,0.0,0.0,0.0,0
2022-03-05,0,0.0,0.0,0.0,0
2022-03-06,0,0.0,0.0,0.0,0
2022-03-07,0,0.0,0.0,0.0,0
2022-03-08,0,0.0,0.0,0.0,0
2022-03-09,0,0.0,0.0,0.0,0
2022-03-10,1,310.9,0.0,6.9,1
2022-03-11,0,0.0,0.0,0.0,0
2022-03-12,0,0.0,0.0,0.0,0
2022-03-13,0,0.0,0.0,0.0,0
2022-03-14,0,0.0,0.0,0.0,0
2022-03-15,0,0.0,0.0,0.0,0
2022-03-16,0,0.0,0.0,0.0,0
2022-03-17,0,0.0,0.0,0.0,0
2022-03-18,0,0.0,0.0,0.0,0
2022-03-19,0,0.0,0.0,0.0,0
2022-03-20,0,0.0,0.0,0.0,0
2022-03-21,0,0.0,0.0,0.0,0
2022-03-22,0,0.0,0.0,0.0,0
2022-03-23,0,0.0,0.0,0.0,0
2022-03-24,0,0.0,0.0,0.0,0
2022-03-25,0,0.0,0.0,0.0,0
2022-03-26,0,0.0,0.0,0.0,0
2022-03-27,0,0.0,0.0,0.0,0
2022-03-28,0,0.0,0.0,0.0,0
2022-03-29,0,0.0,0.0,0.0,0
2022-03-30,0,0.0,0.0,0.0,0
2022-03-31,0,0.0,0.0,0.0,0
2022-04-01,0,0.0,0.0,0.0,0
2022-04-02,0,0.0,0.0,0.0,0
2022-04-03,0,0.0,0.0,0.0,0
2022-04-04,0,0.0,0.0,0.0,0
2022-04-05,0,0.0,0.0,0.0,0
2022-04-06,0,0.0,0.0,0.0,0
2022-04-07,0,0.0,0.0,0.0,0
2022-04-08,0,0.0,0.0,0.0,0
2022-04-09,0,0.0,0.0,0.0,0
2022-04-10,0,0.0,0.0,0.0,0
2022-04-11,0,0.0,0.0,0.0,0
2022-04-12,0,0.0,0.0,0.0,0
2022-04-13,0,0.0,0.0,0.0,0
2022-04-14,1,304.4,60.0,9.4,1
2022-04-15,0,0.0,0.0,0.0,0
2022-04-16,0,0.0,0.0,0.0,0
2022-04-17,0,0.0,0.0,0.0,0
2022-04-18,0,0.0,0.0,0.0,0
2022-04-19,0,0.0,0.0,0.0,0
2022-04-20,0,0.0,0.0,0.0,0
2022-04-21,0,0.0,0.0,0.0,0
2022-04-22,0,0.0,0.0,0.0,0
2022-04-23,0,0.0,0.0,0.0,0
2022-04-24,0,0.0,0.0,0.0,0
2022-04-25,0,0.0,0.0,0.0,0
2022-04-26,0,0.0,0.0,0.0,0
2022-04-27,0,0.0,0.0,0.0,0
2022-04-28,0,0.0,0.0,0.0,0
2022-04-29,0,0.0,0.0,0.0,0
2022-04-30,0,0.0,0.0,0.0,0
2022-05-01,0,0.0,0.0,0.0,0
2022-05-02,0,0.0,0.0,0.0,0
2022-05-03,2,319.70000000000005,69.0,10.4,1
2022-05-04,0,0.0,0.0,0.0,0
2022-05-05,0,0.0,0.0,0.0,0
2022-05-06,0,0.0,0.0,0.0,0
2022-05-07,1,322.2,65.0,12.0,1
2022-05-08,0,0.0,0.0,0.0,0
2022-05-09,0,0.0,0.0,0.0,0
2022-05-10,0,0.0,0.0,0.0,0
2022-05-11,0,0.0,0.0,0.0,0
2022-05-12,1,328.3,76.0,18.4,1
2022-05-13,0,0.0,0.0,0.0,0
2022-05-14,0,0.0,0.0,0.0,0
2022-05-15,0,0.0,0.0,0.0,0
2022-05-16,0,0.0,0.0,0.0,0
2022-05-17,0,0.0,0.0,0.0,0
2022-05-18,0,0.0,0.0,0.0,0
2022-05-19,0,0.0,0.0,0.0,0
2022-05-20,0,0.0,0.0,0.0,0
2022-05-21,0,0.0,0.0,0.0,0
2022-05-22,0,0.0,0.0,0.0,0
2022-05-23,0,0.0,0.0,0.0,0
2022-05-24,0,0.0,0.0,0.0,0
2022-05-25,1,317.7,64.0,9.7,1
2022-05-26,1,337.1,86.0,35.5,1
2022-05-27,1,325.5,67.0,12.7,1
2022-05-28,0,0.0,0.0,0.0,0
2022-05-29,0,0.0,0.0,0.0,0
2022-05-30,0,0.0,0.0,0.0,0
2022-05-31,0,0.0,0.0,0.0,0
2022-06-01,0,0.0,0.0,0.0,0
2022-06-02,0,0.0,0.0,0.0,0
2022-06-03,0,0.0,0.0,0.0,0
2022-06-04,0,0.0,0.0,0.0,0
2022-06-05,0,0.0,0.0,0.0,0
2022-06-06,0,0.0,0.0,0.0,0
2022-06-07,0,0.0,0.0,0.0,0
2022-06-08,0,0.0,0.0,0.0,0
2022-06-09,0,0.0,0.0,0.0,0
2022-06-10,0,0.0,0.0,0.0,0
2022-06-11,0,0.0,0.0,0.0,0
2022-06-12,0,0.0,0.0,0.0,0
2022-06-13,0,0.0,0.0,0.0,0
2022-06-14,0,0.0,0.0,0.0,0
2022-06-15,0,0.0,0.0,0.0,0
2022-06-16,0,0.0,0.0,0.0,0
2022-06-17,0,0.0,0.0,0.0,0
2022-06-18,0,0.0,0.0,0.0,0
2022-06-19,0,0.0,0.0,0.0,0
2022-06-20,0,0.0,0.0,0.0,0
2022-06-21,0,0.0,0.0,0.0,0
2022-06-22,0,0.0,0.0,0.0,0
2022-06-23,0,0.0,0.0,0.0,0
2022-06-24,0,0.0,0.0,0.0,0
2022-06-25,0,0.0,0.0,0.0,0
2022-06-26,0,0.0,0.0,0.0,0
2022-06-27,0,0.0,0.0,0.0,0
2022-06-28,0,0.0,0.0,0.0,0
2022-06-29,0,0.0,0.0,0.0,0
2022-06-30,0,0.0,0.0,0.0,0
2022-07-01,0,0.0,0.0,0.0,0
2022-07-02,0,0.0,0.0,0.0,0
2022-07-03,0,0.0,0.0,0.0,0
2022-07-04,0,0.0,0.0,0.0,0
2022-07-05,0,0.0,0.0,0.0,0
2022-07-06,0,0.0,0.0,0.0,0
2022-07-07,0,0.0,0.0,0.0,0
2022-07-08,0,0.0,0.0,0.0,0
2022-07-09,0,0.0,0.0,0.0,0
2022-07-10,0,0.0,0.0,0.0,0
2022-07-11,0,0.0,0.0,0.0,0
2022-07-12,0,0.0,0.0,0.0,0
2022-07-13,0,0.0,0.0,0.0,0
2022-07-14,0,0.0,0.0,0.0,0
2022-07-15,0,0.0,0.0,0.0,0
2022-07-16,0,0.0,0.0,0.0,0
2022-07-17,0,0.0,0.0,0.0,0
2022-07-18,0,0.0,0.0,0.0,0
2022-07-19,0,0.0,0.0,0.0,0
2022-07-20,0,0.0,0.0,0.0,0
2022-07-21,0,0.0,0.0,0.0,0
2022-07-22,0,0.0,0.0,0.0,0
2022-07-23,0,0.0,0.0,0.0,0
2022-07-24,0,0.0,0.0,0.0,0
2022-07-25,0,0.0,0.0,0.0,0
2022-07-26,0,0.0,0.0,0.0,0
2022-07-27,0,0.0,0.0,0.0,0
2022-07-28,0,0.0,0.0,0.0,0
2022-07-29,0,0.0,0.0,0.0,0
2022-07-30,0,0.0,0.0,0.0,0
2022-07-31,0,0.0,0.0,0.0,0
2022-08-01,0,0.0,0.0,0.0,0
2022-08-02,1,339.3,80.0,25.6,1
2022-08-03,0,0.0,0.0,0.0,0
2022-08-04,1,312.3,81.0,8.3,1
2022-08-05,0,0.0,0.0,0.0,0
2022-08-06,0,0.0,0.0,0.0,0
2022-08-07,0,0.0,0.0,0.0,0
2022-08-08,0,0.0,0.0,0.0,0
2022-08-09,0,0.0,0.0,0.0,0
2022-08-10,0,0.0,0.0,0.0,0
2022-08-11,0,0.0,0.0,0.0,0
2022-08-12,0,0.0,0.0,0.0,0
2022-08-13,0,0.0,0.0,0.0,0
2022-08-14,0,0.0,0.0,0.0,0
2022-08-15,0,0.0,0.0,0.0,0
2022-08-16,1,320.4,51.0,7.7,1
2022-08-17,0,0.0,0.0,0.0,0
2022-08-18,0,0.0,0.0,0.0,0
2022-08-19,0,0.0,0.0,0.0,0
2022-08-20,0,0.0,0.0,0.0,0
2022-08-21,0,0.0,0.0,0.0,0
2022-08-22,0,0.0,0.0,0.0,0
2022-08-23,0,0.0,0.0,0.0,0
2022-08-24,0,0.0,0.0,0.0,0
2022-08-25,0,0.0,0.0,0.0,0
2022-08-26,0,0.0,0.0,0.0,0
2022-08-27,0,0.0,0.0,0.0,0
2022-08-28,0,0.0,0.0,0.0,0
2022-08-29,0,0.0,0.0,0.0,0
2022-08-30,0,0.0,0.0,0.0,0
2022-08-31,0,0.0,0.0,0.0,0
2022-09-01,1,317.9,0.0,9.8,1
2022-09-02,0,0.0,0.0,0.0,0
2022-09-03,0,0.0,0.0,0.0,0
2022-09-04,1,318.2,68.0,30.7,1
2022-09-05,3,319.23333333333335,60.333333333333336,14.5,1
2022-09-06,0,0.0,0.0,0.0,0
2022-09-07,0,0.0,0.0,0.0,0
2022-09-08,0,0.0,0.0,0.0,0
2022-09-09,0,0.0,0.0,0.0,0
2022-09-10,0,0.0,0.0,0.0,0
2022-09-11,0,0.0,0.0,0.0,0
2022-09-12,0,0.0,0.0,0.0,0
2022-09-13,0,0.0,0.0,0.0,0
2022-09-14,0,0.0,0.0,0.0,0
2022-09-15,0,0.0,0.0,0.0,0
2022-09-16,0,0.0,0.0,0.0,0
2022-09-17,0,0.0,0.0,0.0,0
2022-09-18,0,0.0,0.0,0.0,0
2022-09-19,0,0.0,0.0,0.0,0
2022-09-20,0,0.0,0.0,0.0,0
2022-09-21,0,0.0,0.0,0.0,0
2022-09-22,0,0.0,0.0,0.0,0
2022-09-23,0,0.0,0.0,0.0,0
2022-09-24,0,0.0,0.0,0.0,0
2022-09-25,0,0.0,0.0,0.0,0
2022-09-26,0,0.0,0.0,0.0,0
2022-09-27,2,320.6,66.0,54.25,1
2022-09-28,6,346.95,83.16666666666667,77.83333333333333,1
2022-09-29,0,0.0,0.0,0.0,0
2022-09-30,0,0.0,0.0,0.0,0
2022-10-01,0,0.0,0.0,0.0,0
2022-10-02,0,0.0,0.0,0.0,0
2022-10-03,0,0.0,0.0,0.0,0
2022-10-04,0,0.0,0.0,0.0,0
2022-10-05,0,0.0,0.0,0.0,0
2022-10-06,0,0.0,0.0,0.0,0
2022-10-07,0,0.0,0.0,0.0,0
2022-10-08,0,0.0,0.0,0.0,0
2022-10-09,0,0.0,0.0,0.0,0
2022-10-10,0,0.0,0.0,0.0,0
2022-10-11,0,0.0,0.0,0.0,0
2022-10-12,0,0.0,0.0,0.0,0
2022-10-13,0,0.0,0.0,0.0,0
2022-10-14,0,0.0,0.0,0.0,0
2022-10-15,0,0.0,0.0,0.0,0
2022-10-16,0,0.0,0.0,0.0,0
2022-10-17,0,0.0,0.0,0.0,0
2022-10-18,0,0.0,0.0,0.0,0
2022-10-19,0,0.0,0.0,0.0,0
2022-10-20,1,312.9,49.0,35.0,1
2022-10-21,0,0.0,0.0,0.0,0
2022-10-22,0,0.0,0.0,0.0,0
2022-10-23,0,0.0,0.0,0.0,0
2022-10-24,0,0.0,0.0,0.0,0
2022-10-25,0,0.0,0.0,0.0,0
2022-10-26,0,0.0,0.0,0.0,0
2022-10-27,0,0.0,0.0,0.0,0
2022-10-28,0,0.0,0.0,0.0,0
2022-10-29,0,0.0,0.0,0.0,0
2022-10-30,0,0.0,0.0,0.0,0
2022-10-31,0,0.0,0.0,0.0,0
2022-11-01,0,0.0,0.0,0.0,0
2022-11-02,0,0.0,0.0,0.0,0
2022-11-03,0,0.0,0.0,0.0,0
2022-11-04,0,0.0,0.0,0.0,0
2022-11-05,0,0.0,0.0,0.0,0
2022-11-06,0,0.0,0.0,0.0,0
2022-11-07,1,308.4,50.0,4.6,1
2022-11-08,0,0.0,0.0,0.0,0
2022-11-09,0,0.0,0.0,0.0,0
2022-11-10,0,0.0,0.0,0.0,0
2022-11-11,0,0.0,0.0,0.0,0
2022-11-12,0,0.0,0.0,0.0,0
2022-11-13,0,0.0,0.0,0.0,0
2022-11-14,0,0.0,0.0,0.0,0
2022-11-15,0,0.0,0.0,0.0,0
2022-11-16,1,311.0,71.0,12.7,1
2022-11-17,0,0.0,0.0,0.0,0
2022-11-18,0,0.0,0.0,0.0,0
2022-11-19,0,0.0,0.0,0.0,0
2022-11-20,0,0.0,0.0,0.0,0
2022-11-21,0,0.0,0.0,0.0,0
2022-11-22,0,0.0,0.0,0.0,0
2022-11-23,0,0.0,0.0,0.0,0
2022-11-24,0,0.0,0.0,0.0,0
2022-11-25,0,0.0,0.0,0.0,0
2022-11-26,0,0.0,0.0,0.0,0
2022-11-27,0,0.0,0.0,0.0,0
2022-11-28,0,0.0,0.0,0.0,0
2022-11-29,0,0.0,0.0,0.0,0
2022-11-30,0,0.0,0.0,0.0,0
2022-12-01,0,0.0,0.0,0.0,0
2022-12-02,0,0.0,0.0,0.0,0
2022-12-03,0,0.0,0.0,0.0,0
2022-12-04,0,0.0,0.0,0.0,0
2022-12-05,0,0.0,0.0,0.0,0
2022-12-06,0,0.0,0.0,0.0,0
2022-12-07,0,0.0,0.0,0.0,0
2022-12-08,0,0.0,0.0,0.0,0
2022-12-09,0,0.0,0.0,0.0,0
2022-12-10,0,0.0,0.0,0.0,0
2022-12-11,0,0.0,0.0,0.0,0
2022-12-12,0,0.0,0.0,0.0,0
2022-12-13,0,0.0,0.0,0.0,0
2022-12-14,1,305.9,62.0,16.2,1
2022-12-15,0,0.0,0.0,0.0,0
2022-12-16,0,0.0,0.0,0.0,0
2022-12-17,0,0.0,0.0,0.0,0
2022-12-18,0,0.0,0.0,0.0,0
2022-12-19,0,0.0,0.0,0.0,0
2022-12-20,0,0.0,0.0,0.0,0
2022-12-21,0,0.0,0.0,0.0,0
2022-12-22,0,0.0,0.0,0.0,0
2022-12-23,0,0.0,0.0,0.0,0
2022-12-24,0,0.0,0.0,0.0,0
2022-12-25,0,0.0,0.0,0.0,0
2022-12-26,0,0.0,0.0,0.0,0
2022-12-27,0,0.0,0.0,0.0,0
2022-12-28,0,0.0,0.0,0.0,0
2022-12-29,0,0.0,0.0,0.0,0
2022-12-30,0,0.0,0.0,0.0,0
2022-12-31,0,0.0,0.0,0.0,0
2023-01-01,0,0.0,0.0,0.0,0
2023-01-02,0,0.0,0.0,0.0,0
2023-01-03,0,0.0,0.0,0.0,0
2023-01-04,0,0.0,0.0,0.0,0
2023-01-05,0,0.0,0.0,0.0,0
2023-01-06,0,0.0,0.0,0.0,0
2023-01-07,0,0.0,0.0,0.0,0
2023-01-08,0,0.0,0.0,0.0,0
2023-01-09,0,0.0,0.0,0.0,0
2023-01-10,0,0.0,0.0,0.0,0
2023-01-11,0,0.0,0.0,0.0,0
2023-01-12,0,0.0,0.0,0.0,0
2023-01-13,6,303.18333333333334,50.0,6.083333333333333,1
2023-01-14,0,0.0,0.0,0.0,0
2023-01-15,1,310.4,66.0,10.2,1
2023-01-16,0,0.0,0.0,0.0,0
2023-01-17,0,0.0,0.0,0.0,0
2023-01-18,0,0.0,0.0,0.0,0
2023-01-19,3,308.8666666666667,55.666666666666664,10.299999999999999,1
2023-01-20,0,0.0,0.0,0.0,0
2023-01-21,0,0.0,0.0,0.0,0
2023-01-22,2,303.04999999999995,54.5,4.800000000000001,1
2023-01-23,3,304.7,55.333333333333336,31.96666666666667,1
2023-01-24,0,0.0,0.0,0.0,0
2023-01-25,0,0.0,0.0,0.0,0
2023-01-26,2,315.79999999999995,69.5,24.5,1
2023-01-27,0,0.0,0.0,0.0,0
2023-01-28,0,0.0,0.0,0.0,0
2023-01-29,1,307.5,58.0,6.8,1
2023-01-30,0,0.0,0.0,0.0,0
2023-01-31,0,0.0,0.0,0.0,0
2023-02-01,0,0.0,0.0,0.0,0
2023-02-02,0,0.0,0.0,0.0,0
2023-02-03,0,0.0,0.0,0.0,0
2023-02-04,1,300.0,19.0,7.6,1
2023-02-05,0,0.0,0.0,0.0,0
2023-02-06,0,0.0,0.0,0.0,0
2023-02-07,0,0.0,0.0,0.0,0
2023-02-08,0,0.0,0.0,0.0,0
2023-02-09,0,0.0,0.0,0.0,0
2023-02-10,0,0.0,0.0,0.0,0
2023-02-11,2,301.5,45.0,7.7,1
2023-02-12,0,0.0,0.0,0.0,0
2023-02-13,0,0.0,0.0,0.0,0
2023-02-14,0,0.0,0.0,0.0,0
2023-02-15,0,0.0,0.0,0.0,0
2023-02-16,0,0.0,0.0,0.0,0
2023-02-17,2,307.4,59.5,33.6,1
2023-02-18,0,0.0,0.0,0.0,0
2023-02-19,0,0.0,0.0,0.0,0
2023-02-20,0,0.0,0.0,0.0,0
2023-02-21,0,0.0,0.0,0.0,0
2023-02-22,0,0.0,0.0,0.0,0
2023-02-23,4,318.975,66.5,12.8,1
2023-02-24,0,0.0,0.0,0.0,0
2023-02-25,0,0.0,0.0,0.0,0
2023-02-26,0,0.0,0.0,0.0,0
2023-02-27,0,0.0,0.0,0.0,0
2023-02-28,3,327.3333333333333,79.33333333333333,23.933333333333334,1
2023-03-01,0,0.0,0.0,0.0,0
2023-03-02,0,0.0,0.0,0.0,0
2023-03-03,2,303.5,49.5,40.6,1
2023-03-04,3,320.8,68.0,26.866666666666664,1
2023-03-05,1,315.3,66.0,15.9,1
2023-03-06,0,0.0,0.0,0.0,0
2023-03-07,1,321.0,59.0,13.7,1
2023-03-08,0,0.0,0.0,0.0,0
2023-03-09,0,0.0,0.0,0.0,0
2023-03-10,0,0.0,0.0,0.0,0
2023-03-11,0,0.0,0.0,0.0,0
2023-03-12,0,0.0,0.0,0.0,0
2023-03-13,0,0.0,0.0,0.0,0
2023-03-14,0,0.0,0.0,0.0,0
2023-03-15,0,0.0,0.0,0.0,0
2023-03-16,0,0.0,0.0,0.0,0
2023-03-17,0,0.0,0.0,0.0,0
2023-03-18,0,0.0,0.0,0.0,0
2023-03-19,0,0.0,0.0,0.0,0
2023-03-20,0,0.0,0.0,0.0,0
2023-03-21,0,0.0,0.0,0.0,0
2023-03-22,0,0.0,0.0,0.0,0
2023-03-23,0,0.0,0.0,0.0,0
2023-03-24,0,0.0,0.0,0.0,0
2023-03-25,0,0.0,0.0,0.0,0
2023-03-26,1,315.1,54.0,9.5,1
2023-03-27,0,0.0,0.0,0.0,0
2023-03-28,0,0.0,0.0,0.0,0
2023-03-29,0,0.0,0.0,0.0,0
2023-03-30,0,0.0,0.0,0.0,0
2023-03-31,0,0.0,0.0,0.0,0
2023-04-01,1,312.9,57.0,21.1,1
2023-04-02,0,0.0,0.0,0.0,0
2023-04-03,0,0.0,0.0,0.0,0
2023-04-04,0,0.0,0.0,0.0,0
2023-04-05,0,0.0,0.0,0.0,0
2023-04-06,0,0.0,0.0,0.0,0
2023-04-07,0,0.0,0.0,0.0,0
2023-04-08,0,0.0,0.0,0.0,0
2023-04-09,0,0.0,0.0,0.0,0
2023-04-10,0,0.0,0.0,0.0,0
2023-04-11,0,0.0,0.0,0.0,0
2023-04-12,0,0.0,0.0,0.0,0
2023-04-13,0,0.0,0.0,0.0,0
2023-04-14,0,0.0,0.0,0.0,0
2023-04-15,0,0.0,0.0,0.0,0
2023-04-16,0,0.0,0.0,0.0,0
2023-04-17,0,0.0,0.0,0.0,0
2023-04-18,0,0.0,0.0,0.0,0
2023-04-19,0,0.0,0.0,0.0,0
2023-04-20,0,0.0,0.0,0.0,0
2023-04-21,0,0.0,0.0,0.0,0
2023-04-22,0,0.0,0.0,0.0,0
2023-04-23,0,0.0,0.0,0.0,0
2023-04-24,0,0.0,0.0,0.0,0
2023-04-25,0,0.0,0.0,0.0,0
2023-04-26,0,0.0,0.0,0.0,0
2023-04-27,0,0.0,0.0,0.0,0
2023-04-28,0,0.0,0.0,0.0,0
2023-04-29,0,0.0,0.0,0.0,0
2023-04-30,0,0.0,0.0,0.0,0
2023-05-01,0,0.0,0.0,0.0,0
2023-05-02,0,0.0,0.0,0.0,0
2023-05-03,3,322.8,71.66666666666667,13.700000000000001,1
2023-05-04,0,0.0,0.0,0.0,0
2023-05-05,1,320.3,59.0,11.3,1
2023-05-06,0,0.0,0.0,0.0,0
2023-05-07,0,0.0,0.0,0.0,0
2023-05-08,0,0.0,0.0,0.0,0
2023-05-09,0,0.0,0.0,0.0,0
2023-05-10,0,0.0,0.0,0.0,0
2023-05-11,0,0.0,0.0,0.0,0
2023-05-12,0,0.0,0.0,0.0,0
2023-05-13,0,0.0,0.0,0.0,0
2023-05-14,0,0.0,0.0,0.0,0
2023-05-15,0,0.0,0.0,0.0,0
2023-05-16,0,0.0,0.0,0.0,0
2023-05-17,2,318.3,61.5,10.149999999999999,1
2023-05-18,0,0.0,0.0,0.0,0
2023-05-19,0,0.0,0.0,0.0,0
2023-05-20,0,0.0,0.0,0.0,0
2023-05-21,0,0.0,0.0,0.0,0
2023-05-22,0,0.0,0.0,0.0,0
2023-05-23,0,0.0,0.0,0.0,0
2023-05-24,0,0.0,0.0,0.0,0
2023-05-25,0,0.0,0.0,0.0,0
2023-05-26,2,312.65,55.0,31.05,1
2023-05-27,0,0.0,0.0,0.0,0
2023-05-28,0,0.0,0.0,0.0,0
2023-05-29,1,315.6,63.0,24.6,1
2023-05-30,0,0.0,0.0,0.0,0
2023-05-31,0,0.0,0.0,0.0,0
2023-06-01,1,327.4,77.0,15.5,1
2023-06-02,0,0.0,0.0,0.0,0
2023-06-03,1,320.1,61.0,7.1,1
2023-06-04,0,0.0,0.0,0.0,0
2023-06-05,0,0.0,0.0,0.0,0
2023-06-06,0,0.0,0.0,0.0,0
2023-06-07,0,0.0,0.0,0.0,0
2023-06-08,0,0.0,0.0,0.0,0
2023-06-09,0,0.0,0.0,0.0,0
2023-06-10,0,0.0,0.0,0.0,0
2023-06-11,0,0.0,0.0,0.0,0
2023-06-12,0,0.0,0.0,0.0,0
2023-06-13,0,0.0,0.0,0.0,0
2023-06-14,0,0.0,0.0,0.0,0
2023-06-15,2,323.55,60.0,10.25,1
2023-06-16,0,0.0,0.0,0.0,0
2023-06-17,0,0.0,0.0,0.0,0
2023-06-18,1,322.0,48.0,18.7,1
2023-06-19,0,0.0,0.0,0.0,0
2023-06-20,0,0.0,0.0,0.0,0
2023-06-21,0,0.0,0.0,0.0,0
2023-06-22,0,0.0,0.0,0.0,0
2023-06-23,0,0.0,0.0,0.0,0
2023-06-24,0,0.0,0.0,0.0,0
2023-06-25,0,0.0,0.0,0.0,0
2023-06-26,0,0.0,0.0,0.0,0
2023-06-27,0,0.0,0.0,0.0,0
2023-06-28,0,0.0,0.0,0.0,0
2023-06-29,5,331.46,65.8,23.64,1
2023-06-30,0,0.0,0.0,0.0,0
2023-07-01,0,0.0,0.0,0.0,0
2023-07-02,0,0.0,0.0,0.0,0
2023-07-03,0,0.0,0.0,0.0,0
2023-07-04,0,0.0,0.0,0.0,0
2023-07-05,0,0.0,0.0,0.0,0
2023-07-06,0,0.0,0.0,0.0,0
2023-07-07,0,0.0,0.0,0.0,0
2023-07-08,0,0.0,0.0,0.0,0
2023-07-09,0,0.0,0.0,0.0,0
2023-07-10,0,0.0,0.0,0.0,0
2023-07-11,0,0.0,0.0,0.0,0
2023-07-12,0,0.0,0.0,0.0,0
2023-07-13,0,0.0,0.0,0.0,0
2023-07-14,1,337.5,84.0,28.3,1
2023-07-15,0,0.0,0.0,0.0,0
2023-07-16,0,0.0,0.0,0.0,0
2023-07-17,1,321.7,37.0,26.1,1
2023-07-18,1,337.0,75.0,16.2,1
2023-07-19,0,0.0,0.0,0.0,0
2023-07-20,0,0.0,0.0,0.0,0
2023-07-21,0,0.0,0.0,0.0,0
2023-07-22,0,0.0,0.0,0.0,0
2023-07-23,0,0.0,0.0,0.0,0
2023-07-24,0,0.0,0.0,0.0,0
2023-07-25,0,0.0,0.0,0.0,0
2023-07-26,0,0.0,0.0,0.0,0
2023-07-27,0,0.0,0.0,0.0,0
2023-07-28,0,0.0,0.0,0.0,0
2023-07-29,0,0.0,0.0,0.0,0
2023-07-30,0,0.0,0.0,0.0,0
2023-07-31,0,0.0,0.0,0.0,0
2023-08-01,4,376.175,95.25,127.1,1
2023-08-02,0,0.0,0.0,0.0,0
2023-08-03,0,0.0,0.0,0.0,0
2023-08-04,0,0.0,0.0,0.0,0
2023-08-05,0,0.0,0.0,0.0,0
2023-08-06,1,312.1,73.0,6.4,1
2023-08-07,0,0.0,0.0,0.0,0
2023-08-08,0,0.0,0.0,0.0,0
2023-08-09,3,311.6666666666667,73.0,12.700000000000001,1
2023-08-10,0,0.0,0.0,0.0,0
2023-08-11,0,0.0,0.0,0.0,0
2023-08-12,0,0.0,0.0,0.0,0
2023-08-13,0,0.0,0.0,0.0,0
2023-08-14,0,0.0,0.0,0.0,0
2023-08-15,0,0.0,0.0,0.0,0
2023-08-16,0,0.0,0.0,0.0,0
2023-08-17,0,0.0,0.0,0.0,0
2023-08-18,0,0.0,0.0,0.0,0
2023-08-19,0,0.0,0.0,0.0,0
2023-08-20,0,0.0,0.0,0.0,0
2023-08-21,0,0.0,0.0,0.0,0
2023-08-22,0,0.0,0.0,0.0,0
2023-08-23,0,0.0,0.0,0.0,0
2023-08-24,0,0.0,0.0,0.0,0
2023-08-25,0,0.0,0.0,0.0,0
2023-08-26,0,0.0,0.0,0.0,0
2023-08-27,0,0.0,0.0,0.0,0
2023-08-28,0,0.0,0.0,0.0,0
2023-08-29,0,0.0,0.0,0.0,0
2023-08-30,0,0.0,0.0,0.0,0
2023-08-31,0,0.0,0.0,0.0,0
2023-09-01,0,0.0,0.0,0.0,0
2023-09-02,0,0.0,0.0,0.0,0
2023-09-03,0,0.0,0.0,0.0,0
2023-09-04,0,0.0,0.0,0.0,0
2023-09-05,0,0.0,0.0,0.0,0
2023-09-06,0,0.0,0.0,0.0,0
2023-09-07,0,0.0,0.0,0.0,0
2023-09-08,0,0.0,0.0,0.0,0
2023-09-09,0,0.0,0.0,0.0,0
2023-09-10,0,0.0,0.0,0.0,0
2023-09-11,0,0.0,0.0,0.0,0
2023-09-12,0,0.0,0.0,0.0,0
2023-09-13,0,0.0,0.0,0.0,0
2023-09-14,0,0.0,0.0,0.0,0
2023-09-15,0,0.0,0.0,0.0,0
2023-09-16,0,0.0,0.0,0.0,0
2023-09-17,0,0.0,0.0,0.0,0
2023-09-18,0,0.0,0.0,0.0,0
2023-09-19,0,0.0,0.0,0.0,0
2023-09-20,0,0.0,0.0,0.0,0
2023-09-21,0,0.0,0.0,0.0,0
2023-09-22,0,0.0,0.0,0.0,0
2023-09-23,0,0.0,0.0,0.0,0
2023-09-24,0,0.0,0.0,0.0,0
2023-09-25,0,0.0,0.0,0.0,0
2023-09-26,0,0.0,0.0,0.0,0
2023-09-27,0,0.0,0.0,0.0,0
2023-09-28,0,0.0,0.0,0.0,0
2023-09-29,0,0.0,0.0,0.0,0
2023-09-30,0,0.0,0.0,0.0,0
2023-10-01,0,0.0,0.0,0.0,0
2023-10-02,0,0.0,0.0,0.0,0
2023-10-03,2,310.04999999999995,78.5,9.05,1
2023-10-04,0,0.0,0.0,0.0,0
2023-10-05,0,0.0,0.0,0.0,0
2023-10-06,0,0.0,0.0,0.0,0
2023-10-07,0,0.0,0.0,0.0,0
2023-10-08,0,0.0,0.0,0.0,0
2023-10-09,0,0.0,0.0,0.0,0
2023-10-10,0,0.0,0.0,0.0,0
2023-10-11,0,0.0,0.0,0.0,0
2023-10-12,0,0.0,0.0,0.0,0
2023-10-13,0,0.0,0.0,0.0,0
2023-10-14,0,0.0,0.0,0.0,0
2023-10-15,0,0.0,0.0,0.0,0
2023-10-16,1,305.6,29.0,5.5,1
2023-10-17,0,0.0,0.0,0.0,0
2023-10-18,0,0.0,0.0,0.0,0
2023-10-19,0,0.0,0.0,0.0,0
2023-10-20,0,0.0,0.0,0.0,0
2023-10-21,0,0.0,0.0,0.0,0
2023-10-22,0,0.0,0.0,0.0,0
2023-10-23,0,0.0,0.0,0.0,0
2023-10-24,0,0.0,0.0,0.0,0
2023-10-25,0,0.0,0.0,0.0,0
2023-10-26,0,0.0,0.0,0.0,0
2023-10-27,1,313.1,86.0,12.3,1
2023-10-28,0,0.0,0.0,0.0,0
2023-10-29,0,0.0,0.0,0.0,0
2023-10-30,0,0.0,0.0,0.0,0
2023-10-31,0,0.0,0.0,0.0,0
2023-11-01,1,304.3,59.0,5.3,1
2023-11-02,1,301.2,44.0,7.8,1
2023-11-03,0,0.0,0.0,0.0,0
2023-11-04,2,319.0,74.5,15.2,1
2023-11-05,0,0.0,0.0,0.0,0
2023-11-06,0,0.0,0.0,0.0,0
2023-11-07,0,0.0,0.0,0.0,0
2023-11-08,0,0.0,0.0,0.0,0
2023-11-09,0,0.0,0.0,0.0,0
2023-11-10,0,0.0,0.0,0.0,0
2023-11-11,0,0.0,0.0,0.0,0
2023-11-12,0,0.0,0.0,0.0,0
2023-11-13,0,0.0,0.0,0.0,0
2023-11-14,0,0.0,0.0,0.0,0
2023-11-15,0,0.0,0.0,0.0,0
2023-11-16,0,0.0,0.0,0.0,0
2023-11-17,0,0.0,0.0,0.0,0
2023-11-18,0,0.0,0.0,0.0,0
2023-11-19,0,0.0,0.0,0.0,0
2023-11-20,0,0.0,0.0,0.0,0
2023-11-21,0,0.0,0.0,0.0,0
2023-11-22,0,0.0,0.0,0.0,0
2023-11-23,0,0.0,0.0,0.0,0
2023-11-24,0,0.0,0.0,0.0,0
2023-11-25,0,0.0,0.0,0.0,0
2023-11-26,0,0.0,0.0,0.0,0
2023-11-27,0,0.0,0.0,0.0,0
2023-11-28,2,318.35,77.0,17.5,1
2023-11-29,0,0.0,0.0,0.0,0
2023-11-30,0,0.0,0.0,0.0,0
2023-12-01,0,0.0,0.0,0.0,0
2023-12-02,0,0.0,0.0,0.0,0
2023-12-03,0,0.0,0.0,0.0,0
2023-12-04,3,310.09999999999997,66.33333333333333,8.066666666666666,1
2023-12-05,0,0.0,0.0,0.0,0
2023-12-06,0,0.0,0.0,0.0,0
2023-12-07,0,0.0,0.0,0.0,0
2023-12-08,0,0.0,0.0,0.0,0
2023-12-09,0,0.0,0.0,0.0,0
2023-12-10,0,0.0,0.0,0.0,0
2023-12-11,3,318.3666666666667,71.0,14.700000000000001,1
2023-12-12,0,0.0,0.0,0.0,0
2023-12-13,0,0.0,0.0,0.0,0
2023-12-14,0,0.0,0.0,0.0,0
2023-12-15,0,0.0,0.0,0.0,0
2023-12-16,0,0.0,0.0,0.0,0
2023-12-17,0,0.0,0.0,0.0,0
2023-12-18,0,0.0,0.0,0.0,0
2023-12-19,0,0.0,0.0,0.0,0
2023-12-20,0,0.0,0.0,0.0,0
2023-12-21,0,0.0,0.0,0.0,0
2023-12-22,0,0.0,0.0,0.0,0
2023-12-23,0,0.0,0.0,0.0,0
2023-12-24,0,0.0,0.0,0.0,0
2023-12-25,0,0.0,0.0,0.0,0
2023-12-26,0,0.0,0.0,0.0,0
2023-12-27,2,304.6,59.0,7.35,1
2023-12-28,0,0.0,0.0,0.0,0
2023-12-29,0,0.0,0.0,0.0,0
2023-12-30,0,0.0,0.0,0.0,0
2023-12-31,0,0.0,0.0,0.0,0
2024-01-01,0,0.0,0.0,0.0,0
2024-01-02,0,0.0,0.0,0.0,0
2024-01-03,0,0.0,0.0,0.0,0
2024-01-04,0,0.0,0.0,0.0,0
2024-01-05,0,0.0,0.0,0.0,0
2024-01-06,1,300.5,38.0,4.1,1
2024-01-07,0,0.0,0.0,0.0,0
2024-01-08,0,0.0,0.0,0.0,0
2024-01-09,0,0.0,0.0,0.0,0
2024-01-10,0,0.0,0.0,0.0,0
2024-01-11,0,0.0,0.0,0.0,0
2024-01-12,0,0.0,0.0,0.0,0
2024-01-13,0,0.0,0.0,0.0,0
2024-01-14,0,0.0,0.0,0.0,0
2024-01-15,0,0.0,0.0,0.0,0
2024-01-16,0,0.0,0.0,0.0,0
2024-01-17,0,0.0,0.0,0.0,0
2024-01-18,2,303.1,19.5,4.3,1
2024-01-19,0,0.0,0.0,0.0,0
2024-01-20,0,0.0,0.0,0.0,0
2024-01-21,0,0.0,0.0,0.0,0
2024-01-22,0,0.0,0.0,0.0,0
2024-01-23,0,0.0,0.0,0.0,0
2024-01-24,0,0.0,0.0,0.0,0
2024-01-25,0,0.0,0.0,0.0,0
2024-01-26,0,0.0,0.0,0.0,0
2024-01-27,0,0.0,0.0,0.0,0
2024-01-28,0,0.0,0.0,0.0,0
2024-01-29,1,300.0,21.0,16.8,1
2024-01-30,1,304.9,51.0,4.2,1
2024-01-31,0,0.0,0.0,0.0,0
2024-02-01,2,303.05,53.5,5.05,1
2024-02-02,0,0.0,0.0,0.0,0
2024-02-03,0,0.0,0.0,0.0,0
2024-02-04,0,0.0,0.0,0.0,0
2024-02-05,0,0.0,0.0,0.0,0
2024-02-06,9,314.5111111111111,65.88888888888889,14.133333333333333,1
2024-02-07,0,0.0,0.0,0.0,0
2024-02-08,0,0.0,0.0,0.0,0
2024-02-09,0,0.0,0.0,0.0,0
2024-02-10,0,0.0,0.0,0.0,0
2024-02-11,0,0.0,0.0,0.0,0
2024-02-12,0,0.0,0.0,0.0,0
2024-02-13,2,316.4,76.0,20.799999999999997,1
2024-02-14,1,300.4,24.0,7.2,1
2024-02-15,0,0.0,0.0,0.0,0
2024-02-16,0,0.0,0.0,0.0,0
2024-02-17,0,0.0,0.0,0.0,0
2024-02-18,0,0.0,0.0,0.0,0
2024-02-19,1,305.3,61.0,30.7,1
2024-02-20,1,308.9,36.0,8.4,1
2024-02-21,0,0.0,0.0,0.0,0
2024-02-22,0,0.0,0.0,0.0,0
2024-02-23,0,0.0,0.0,0.0,0
2024-02-24,0,0.0,0.0,0.0,0
2024-02-25,0,0.0,0.0,0.0,0
2024-02-26,0,0.0,0.0,0.0,0
2024-02-27,0,0.0,0.0,0.0,0
2024-02-28,0,0.0,0.0,0.0,0
2024-02-29,0,0.0,0.0,0.0,0
2024-03-01,0,0.0,0.0,0.0,0
2024-03-02,0,0.0,0.0,0.0,0
2024-03-03,0,0.0,0.0,0.0,0
2024-03-04,0,0.0,0.0,0.0,0
2024-03-05,0,0.0,0.0,0.0,0
2024-03-06,0,0.0,0.0,0.0,0
2024-03-07,0,0.0,0.0,0.0,0
2024-03-08,0,0.0,0.0,0.0,0
2024-03-09,0,0.0,0.0,0.0,0
2024-03-10,0,0.0,0.0,0.0,0
2024-03-11,0,0.0,0.0,0.0,0
2024-03-12,0,0.0,0.0,0.0,0
2024-03-13,1,316.8,60.0,6.6,1
2024-03-14,0,0.0,0.0,0.0,0
2024-03-15,0,0.0,0.0,0.0,0
2024-03-16,0,0.0,0.0,0.0,0
2024-03-17,0,0.0,0.0,0.0,0
2024-03-18,1,305.2,61.0,8.0,1
2024-03-19,0,0.0,0.0,0.0,0
2024-03-20,0,0.0,0.0,0.0,0
2024-03-21,0,0.0,0.0,0.0,0
2024-03-22,0,0.0,0.0,0.0,0
2024-03-23,0,0.0,0.0,0.0,0
2024-03-24,0,0.0,0.0,0.0,0
2024-03-25,1,314.4,72.0,16.2,1
2024-03-26,1,302.2,48.0,8.8,1
2024-03-27,0,0.0,0.0,0.0,0
2024-03-28,0,0.0,0.0,0.0,0
2024-03-29,0,0.0,0.0,0.0,0
2024-03-30,0,0.0,0.0,0.0,0
2024-03-31,0,0.0,0.0,0.0,0
2024-04-01,0,0.0,0.0,0.0,0
2024-04-02,0,0.0,0.0,0.0,0
2024-04-03,0,0.0,0.0,0.0,0
2024-04-04,0,0.0,0.0,0.0,0
2024-04-05,1,317.2,61.0,31.7,1
2024-04-06,0,0.0,0.0,0.0,0
2024-04-07,0,0.0,0.0,0.0,0
2024-04-08,0,0.0,0.0,0.0,0
2024-04-09,0,0.0,0.0,0.0,0
2024-04-10,0,0.0,0.0,0.0,0
2024-04-11,0,0.0,0.0,0.0,0
2024-04-12,3,310.59999999999997,61.0,30.96666666666667,1
2024-04-13,0,0.0,0.0,0.0,0
2024-04-14,0,0.0,0.0,0.0,0
2024-04-15,0,0.0,0.0,0.0,0
2024-04-16,0,0.0,0.0,0.0,0
2024-04-17,0,0.0,0.0,0.0,0
2024-04-18,0,0.0,0.0,0.0,0
2024-04-19,0,0.0,0.0,0.0,0
2024-04-20,0,0.0,0.0,0.0,0
2024-04-21,0,0.0,0.0,0.0,0
2024-04-22,0,0.0,0.0,0.0,0
2024-04-23,0,0.0,0.0,0.0,0
2024-04-24,0,0.0,0.0,0.0,0
2024-04-25,0,0.0,0.0,0.0,0
2024-04-26,0,0.0,0.0,0.0,0
2024-04-27,0,0.0,0.0,0.0,0
2024-04-28,0,0.0,0.0,0.0,0
2024-04-29,0,0.0,0.0,0.0,0
2024-04-30,0,0.0,0.0,0.0,0
2024-05-01,0,0.0,0.0,0.0,0
2024-05-02,0,0.0,0.0,0.0,0
2024-05-03,0,0.0,0.0,0.0,0
2024-05-04,0,0.0,0.0,0.0,0
2024-05-05,1,308.8,51.0,14.2,1
2024-05-06,0,0.0,0.0,0.0,0
2024-05-07,0,0.0,0.0,0.0,0
2024-05-08,2,327.85,79.5,22.65,1
2024-05-09,0,0.0,0.0,0.0,0
2024-05-10,0,0.0,0.0,0.0,0
2024-05-11,0,0.0,0.0,0.0,0
2024-05-12,0,0.0,0.0,0.0,0
2024-05-13,0,0.0,0.0,0.0,0
2024-05-14,0,0.0,0.0,0.0,0
2024-05-15,0,0.0,0.0,0.0,0
2024-05-16,0,0.0,0.0,0.0,0
2024-05-17,0,0.0,0.0,0.0,0
2024-05-18,0,0.0,0.0,0.0,0
2024-05-19,0,0.0,0.0,0.0,0
2024-05-20,0,0.0,0.0,0.0,0
2024-05-21,0,0.0,0.0,0.0,0
2024-05-22,0,0.0,0.0,0.0,0
2024-05-23,0,0.0,0.0,0.0,0
2024-05-24,0,0.0,0.0,0.0,0
2024-05-25,0,0.0,0.0,0.0,0
2024-05-26,0,0.0,0.0,0.0,0
2024-05-27,0,0.0,0.0,0.0,0
2024-05-28,0,0.0,0.0,0.0,0
2024-05-29,0,0.0,0.0,0.0,0
2024-05-30,0,0.0,0.0,0.0,0
2024-05-31,0,0.0,0.0,0.0,0
2024-06-01,0,0.0,0.0,0.0,0
2024-06-02,0,0.0,0.0,0.0,0
2024-06-03,0,0.0,0.0,0.0,0
2024-06-04,0,0.0,0.0,0.0,0
2024-06-05,0,0.0,0.0,0.0,0
2024-06-06,1,323.7,70.0,12.9,1
2024-06-07,0,0.0,0.0,0.0,0
2024-06-08,0,0.0,0.0,0.0,0
2024-06-09,0,0.0,0.0,0.0,0
2024-06-10,0,0.0,0.0,0.0,0
2024-06-11,1,321.1,67.0,9.2,1
2024-06-12,0,0.0,0.0,0.0,0
2024-06-13,0,0.0,0.0,0.0,0
2024-06-14,0,0.0,0.0,0.0,0
2024-06-15,0,0.0,0.0,0.0,0
2024-06-16,0,0.0,0.0,0.0,0
2024-06-17,0,0.0,0.0,0.0,0
2024-06-18,0,0.0,0.0,0.0,0
2024-06-19,0,0.0,0.0,0.0,0
2024-06-20,0,0.0,0.0,0.0,0
2024-06-21,0,0.0,0.0,0.0,0
2024-06-22,0,0.0,0.0,0.0,0
2024-06-23,0,0.0,0.0,0.0,0
2024-06-24,0,0.0,0.0,0.0,0
2024-06-25,0,0.0,0.0,0.0,0
2024-06-26,0,0.0,0.0,0.0,0
2024-06-27,0,0.0,0.0,0.0,0
2024-06-28,0,0.0,0.0,0.0,0
2024-06-29,0,0.0,0.0,0.0,0
2024-06-30,0,0.0,0.0,0.0,0
2024-07-01,0,0.0,0.0,0.0,0
2024-07-02,0,0.0,0.0,0.0,0
2024-07-03,2,321.95000000000005,54.0,5.9,1
2024-07-04,0,0.0,0.0,0.0,0
2024-07-05,0,0.0,0.0,0.0,0
2024-07-06,0,0.0,0.0,0.0,0
2024-07-07,0,0.0,0.0,0.0,0
2024-07-08,0,0.0,0.0,0.0,0
2024-07-09,0,0.0,0.0,0.0,0
2024-07-10,0,0.0,0.0,0.0,0
2024-07-11,0,0.0,0.0,0.0,0
2024-07-12,0,0.0,0.0,0.0,0
2024-07-13,0,0.0,0.0,0.0,0
2024-07-14,0,0.0,0.0,0.0,0
2024-07-15,0,0.0,0.0,0.0,0
2024-07-16,0,0.0,0.0,0.0,0
2024-07-17,0,0.0,0.0,0.0,0
2024-07-18,0,0.0,0.0,0.0,0
2024-07-19,0,0.0,0.0,0.0,0
2024-07-20,0,0.0,0.0,0.0,0
2024-07-21,0,0.0,0.0,0.0,0
2024-07-22,0,0.0,0.0,0.0,0
2024-07-23,0,0.0,0.0,0.0,0
2024-07-24,0,0.0,0.0,0.0,0
2024-07-25,0,0.0,0.0,0.0,0
2024-07-26,0,0.0,0.0,0.0,0
2024-07-27,0,0.0,0.0,0.0,0
2024-07-28,0,0.0,0.0,0.0,0
2024-07-29,0,0.0,0.0,0.0,0
2024-07-30,1,318.5,68.0,11.3,1
2024-07-31,0,0.0,0.0,0.0,0
2024-08-01,1,318.3,60.0,7.4,1
2024-08-02,0,0.0,0.0,0.0,0
2024-08-03,0,0.0,0.0,0.0,0
2024-08-04,0,0.0,0.0,0.0,0
2024-08-05,0,0.0,0.0,0.0,0
2024-08-06,0,0.0,0.0,0.0,0
2024-08-07,0,0.0,0.0,0.0,0
2024-08-08,0,0.0,0.0,0.0,0
2024-08-09,0,0.0,0.0,0.0,0
2024-08-10,0,0.0,0.0,0.0,0
2024-08-11,0,0.0,0.0,0.0,0
2024-08-12,0,0.0,0.0,0.0,0
2024-08-13,0,0.0,0.0,0.0,0
2024-08-14,0,0.0,0.0,0.0,0
2024-08-15,0,0.0,0.0,0.0,0
2024-08-16,0,0.0,0.0,0.0,0
2024-08-17,0,0.0,0.0,0.0,0
2024-08-18,0,0.0,0.0,0.0,0
2024-08-19,0,0.0,0.0,0.0,0
2024-08-20,0,0.0,0.0,0.0,0
2024-08-21,0,0.0,0.0,0.0,0
2024-08-22,0,0.0,0.0,0.0,0
2024-08-23,0,0.0,0.0,0.0,0
2024-08-24,0,0.0,0.0,0.0,0
2024-08-25,0,0.0,0.0,0.0,0
2024-08-26,0,0.0,0.0,0.0,0
2024-08-27,0,0.0,0.0,0.0,0
2024-08-28,0,0.0,0.0,0.0,0
2024-08-29,0,0.0,0.0,0.0,0
2024-08-30,0,0.0,0.0,0.0,0
2024-08-31,0,0.0,0.0,0.0,0
2024-09-01,0,0.0,0.0,0.0,0
2024-09-02,0,0.0,0.0,0.0,0
2024-09-03,0,0.0,0.0,0.0,0
2024-09-04,0,0.0,0.0,0.0,0
2024-09-05,0,0.0,0.0,0.0,0
2024-09-06,0,0.0,0.0,0.0,0
2024-09-07,0,0.0,0.0,0.0,0
2024-09-08,0,0.0,0.0,0.0,0
2024-09-09,0,0.0,0.0,0.0,0
2024-09-10,0,0.0,0.0,0.0,0
2024-09-11,0,0.0,0.0,0.0,0
2024-09-12,1,326.8,78.0,27.4,1
2024-09-13,0,0.0,0.0,0.0,0
2024-09-14,0,0.0,0.0,0.0,0
2024-09-15,0,0.0,0.0,0.0,0
2024-09-16,0,0.0,0.0,0.0,0
2024-09-17,0,0.0,0.0,0.0,0
2024-09-18,0,0.0,0.0,0.0,0
2024-09-19,0,0.0,0.0,0.0,0
2024-09-20,0,0.0,0.0,0.0,0
2024-09-21,0,0.0,0.0,0.0,0
2024-09-22,0,0.0,0.0,0.0,0
2024-09-23,0,0.0,0.0,0.0,0
2024-09-24,0,0.0,0.0,0.0,0
2024-09-25,0,0.0,0.0,0.0,0
2024-09-26,0,0.0,0.0,0.0,0
2024-09-27,0,0.0,0.0,0.0,0
2024-09-28,0,0.0,0.0,0.0,0
2024-09-29,0,0.0,0.0,0.0,0
2024-09-30,0,0.0,0.0,0.0,0
2024-10-01,0,0.0,0.0,0.0,0
2024-10-02,0,0.0,0.0,0.0,0
2024-10-03,0,0.0,0.0,0.0,0
2024-10-04,3,330.0,78.33333333333333,30.7,1
2024-10-05,0,0.0,0.0,0.0,0
2024-10-06,0,0.0,0.0,0.0,0
2024-10-07,0,0.0,0.0,0.0,0
2024-10-08,0,0.0,0.0,0.0,0
2024-10-09,0,0.0,0.0,0.0,0
2024-10-10,0,0.0,0.0,0.0,0
2024-10-11,0,0.0,0.0,0.0,0
2024-10-12,0,0.0,0.0,0.0,0
2024-10-13,0,0.0,0.0,0.0,0
2024-10-14,0,0.0,0.0,0.0,0
2024-10-15,0,0.0,0.0,0.0,0
2024-10-16,0,0.0,0.0,0.0,0
2024-10-17,0,0.0,0.0,0.0,0
2024-10-18,0,0.0,0.0,0.0,0
2024-10-19,0,0.0,0.0,0.0,0
2024-10-20,0,0.0,0.0,0.0,0
2024-10-21,0,0.0,0.0,0.0,0
2024-10-22,0,0.0,0.0,0.0,0
2024-10-23,0,0.0,0.0,0.0,0
2024-10-24,0,0.0,0.0,0.0,0
2024-10-25,0,0.0,0.0,0.0,0
2024-10-26,0,0.0,0.0,0.0,0
2024-10-27,0,0.0,0.0,0.0,0
2024-10-28,0,0.0,0.0,0.0,0
2024-10-29,0,0.0,0.0,0.0,0
2024-10-30,0,0.0,0.0,0.0,0
2024-10-31,0,0.0,0.0,0.0,0
2024-11-01,0,0.0,0.0,0.0,0
2024-11-02,0,0.0,0.0,0.0,0
2024-11-03,0,0.0,0.0,0.0,0
2024-11-04,0,0.0,0.0,0.0,0
2024-11-05,0,0.0,0.0,0.0,0
2024-11-06,0,0.0,0.0,0.0,0
2024-11-07,0,0.0,0.0,0.0,0
2024-11-08,0,0.0,0.0,0.0,0
2024-11-09,0,0.0,0.0,0.0,0
2024-11-10,0,0.0,0.0,0.0,0
2024-11-11,0,0.0,0.0,0.0,0
2024-11-12,0,0.0,0.0,0.0,0
2024-11-13,0,0.0,0.0,0.0,0
2024-11-14,0,0.0,0.0,0.0,0
2024-11-15,0,0.0,0.0,0.0,0
2024-11-16,0,0.0,0.0,0.0,0
2024-11-17,0,0.0,0.0,0.0,0
2024-11-18,0,0.0,0.0,0.0,0
2024-11-19,0,0.0,0.0,0.0,0
2024-11-20,0,0.0,0.0,0.0,0
2024-11-21,0,0.0,0.0,0.0,0
2024-11-22,0,0.0,0.0,0.0,0
2024-11-23,0,0.0,0.0,0.0,0
2024-11-24,0,0.0,0.0,0.0,0
2024-11-25,0,0.0,0.0,0.0,0
2024-11-26,0,0.0,0.0,0.0,0
2024-11-27,0,0.0,0.0,0.0,0
2024-11-28,0,0.0,0.0,0.0,0
2024-11-29,0,0.0,0.0,0.0,0
2024-11-30,0,0.0,0.0,0.0,0
2024-12-01,0,0.0,0.0,0.0,0
2024-12-02,0,0.0,0.0,0.0,0
2024-12-03,0,0.0,0.0,0.0,0
2024-12-04,0,0.0,0.0,0.0,0
2024-12-05,0,0.0,0.0,0.0,0
2024-12-06,0,0.0,0.0,0.0,0
2024-12-07,0,0.0,0.0,0.0,0
2024-12-08,0,0.0,0.0,0.0,0
2024-12-09,0,0.0,0.0,0.0,0
2024-12-10,0,0.0,0.0,0.0,0
2024-12-11,0,0.0,0.0,0.0,0
2024-12-12,1,309.1,68.0,22.0,1
2024-12-13,0,0.0,0.0,0.0,0
2024-12-14,0,0.0,0.0,0.0,0
2024-12-15,0,0.0,0.0,0.0,0
2024-12-16,0,0.0,0.0,0.0,0
2024-12-17,0,0.0,0.0,0.0,0
2024-12-18,0,0.0,0.0,0.0,0
2024-12-19,2,305.65,59.0,8.95,1
2024-12-20,0,0.0,0.0,0.0,0
2024-12-21,0,0.0,0.0,0.0,0
2024-12-22,1,301.6,32.0,3.5,1
2024-12-23,0,0.0,0.0,0.0,0
2024-12-24,0,0.0,0.0,0.0,0
2024-12-25,0,0.0,0.0,0.0,0
2024-12-26,0,0.0,0.0,0.0,0
2024-12-27,0,0.0,0.0,0.0,0
2024-12-28,0,0.0,0.0,0.0,0
2024-12-29,2,301.25,40.5,6.2,1
2024-12-30,0,0.0,0.0,0.0,0
2024-12-31,1,317.3,77.0,16.2,1
